from	to	value	id
ABCB4	ACAA2	0.8514896867838043	GSE56140_cirr
A2M	ACSL1	0.8334606569900688	GSE56140_cirr
ACAA2	ACSL1	0.8029029793735676	GSE56140_cirr
ACADM	ACSL1	0.8514896867838043	GSE56140_cirr
ADAMTSL2	ADCY3	0.921466768525592	GSE56140_cirr
ACSM2B	ADH6	0.8383498854087089	GSE56140_cirr
ADAMTSL2	AEBP1	0.8077922077922078	GSE56140_cirr
ADCY3	AEBP1	0.8279602750190985	GSE56140_cirr
ABCA6	AIG1	0.8050420168067226	GSE56140_cirr
ACADSB	ALDH2	0.8658517952635599	GSE56140_cirr
ADH4	ALDH2	0.8829640947288006	GSE56140_cirr
AKR1D1	ALDH2	0.8462948815889991	GSE56140_cirr
ACADSB	ALDH5A1	0.812987012987013	GSE56140_cirr
AHSG	ALDH5A1	0.8120702826585179	GSE56140_cirr
ALDH2	ALDH5A1	0.8172650878533231	GSE56140_cirr
ALDH2	ALDH6A1	0.8276546982429335	GSE56140_cirr
ACADSB	ALDH8A1	0.9022154316271963	GSE56140_cirr
ADH4	ALDH8A1	0.8197097020626432	GSE56140_cirr
AKR1D1	ALDH8A1	0.8343773873185638	GSE56140_cirr
ALDH2	ALDH8A1	0.8768525592055003	GSE56140_cirr
ALDH5A1	ALDH8A1	0.8084033613445378	GSE56140_cirr
ACMSD	ALDOB	0.8102368220015278	GSE56140_cirr
ACOX2	ALDOB	0.8053475935828877	GSE56140_cirr
ADH4	AMBP	0.8001527883880825	GSE56140_cirr
AHSG	AMBP	0.8114591291061879	GSE56140_cirr
ALDH2	AMBP	0.8542398777692896	GSE56140_cirr
ALDH7A1	AMT	0.8270435446906035	GSE56140_cirr
AEBP1	ANXA1	0.8279602750190985	GSE56140_cirr
ALOX5AP	ANXA1	0.8108479755538578	GSE56140_cirr
ALDH2	AOX1	0.8484339190221544	GSE56140_cirr
ALDH6A1	AOX1	0.8334606569900688	GSE56140_cirr
AMBP	APOA1	0.8084033613445378	GSE56140_cirr
ACADM	APOH	0.8780748663101604	GSE56140_cirr
ACSL1	APOH	0.8288770053475936	GSE56140_cirr
AHSG	APOH	0.8016806722689075	GSE56140_cirr
AIG1	APOH	0.8692131398013752	GSE56140_cirr
AGXT2L1	AQP11	0.8200152788388082	GSE56140_cirr
A2M	AQP12A	0.8227654698242933	GSE56140_cirr
ACADM	AQP12A	0.8013750954927426	GSE56140_cirr
APOH	AQP12A	0.8313216195569136	GSE56140_cirr
APOH	ARG1	0.8212375859434682	GSE56140_cirr
ALOX5AP	ARHGAP15	0.8450725744843391	GSE56140_cirr
ALOX5AP	ARHGDIB	0.8316271963330787	GSE56140_cirr
ARHGAP15	ARHGDIB	0.8084033613445378	GSE56140_cirr
ADCY3	ARHGEF2	0.8044308632543926	GSE56140_cirr
AKR1B1	ARHGEF2	0.8536287242169596	GSE56140_cirr
ARHGAP4	ARHGEF2	0.8016806722689075	GSE56140_cirr
ACAT1	ASGR1	0.8279602750190985	GSE56140_cirr
ALDH2	ASS1	0.8169595110771581	GSE56140_cirr
ALDH7A1	ASS1	0.814209320091673	GSE56140_cirr
A1CF	AZGP1	0.8105423987776929	GSE56140_cirr
ACADSB	BAAT	0.8609625668449197	GSE56140_cirr
ALDH2	BAAT	0.8197097020626432	GSE56140_cirr
ALDH8A1	BAAT	0.8111535523300228	GSE56140_cirr
ALDH7A1	BBOX1	0.8233766233766234	GSE56140_cirr
ALDH7A1	BEX2	-0.8102368220015278	GSE56140_cirr
AMT	BEX2	-0.8230710466004584	GSE56140_cirr
ADAMTSL2	BGN	0.8783804430863255	GSE56140_cirr
ADCY3	BGN	0.8331550802139037	GSE56140_cirr
AEBP1	BGN	0.8756302521008402	GSE56140_cirr
ALDH7A1	BGN	-0.8261268143621084	GSE56140_cirr
ARHGEF2	BGN	0.815431627196333	GSE56140_cirr
ADAMTSL2	BHLHB5	0.8294881588999234	GSE56140_cirr
ADCY3	BHLHB5	0.8493506493506494	GSE56140_cirr
BGN	BHLHB5	0.8065699006875477	GSE56140_cirr
ANXA5	BHMT2	-0.8258212375859434	GSE56140_cirr
ACADM	BRP44L	0.8233766233766234	GSE56140_cirr
ACADS	C10orf65	0.8050420168067226	GSE56140_cirr
AIG1	C16orf30	-0.8221543162719633	GSE56140_cirr
APOH	C16orf30	-0.816348357524828	GSE56140_cirr
BGN	C16orf30	0.8013750954927426	GSE56140_cirr
C1QA	C1QB	0.8288770053475936	GSE56140_cirr
ACADM	C1QTNF5	-0.8493506493506494	GSE56140_cirr
APOH	C1QTNF5	-0.8258212375859434	GSE56140_cirr
BGN	C1orf106	0.8377387318563789	GSE56140_cirr
ADAMTSL2	C1orf198	0.8768525592055003	GSE56140_cirr
ADCY3	C1orf198	0.8304048892284186	GSE56140_cirr
AEBP1	C1orf198	0.8948815889992361	GSE56140_cirr
BGN	C1orf198	0.8545454545454546	GSE56140_cirr
BHLHB5	C1orf198	0.8472116119174943	GSE56140_cirr
C1orf106	C1orf198	0.8044308632543926	GSE56140_cirr
ALDH8A1	C1orf225	-0.8099312452253628	GSE56140_cirr
ANXA2	C1orf225	0.8854087089381206	GSE56140_cirr
C3	C4B	0.8080977845683728	GSE56140_cirr
AQP12A	C4BPA	0.8429335370511841	GSE56140_cirr
ACADM	C4BPB	0.8252100840336134	GSE56140_cirr
ACAT1	C4BPB	0.8120702826585179	GSE56140_cirr
APOH	C4BPB	0.8481283422459893	GSE56140_cirr
AQP12A	C4BPB	0.840794499618029	GSE56140_cirr
C4BPA	C4BPB	0.8796027501909855	GSE56140_cirr
APOH	C6	0.814209320091673	GSE56140_cirr
AQP12A	C6	0.8820473644003055	GSE56140_cirr
C4BPA	C6	0.8343773873185638	GSE56140_cirr
C4BPB	C6	0.8539343009931245	GSE56140_cirr
ADAMTSL2	C7	0.8383498854087089	GSE56140_cirr
BBOX1	C7orf10	0.8053475935828877	GSE56140_cirr
A1CF	C7orf55	0.8047364400305576	GSE56140_cirr
ANXA5	C7orf55	-0.8032085561497326	GSE56140_cirr
BBOX1	C7orf55	0.8276546982429335	GSE56140_cirr
C7	C7orf55	-0.8517952635599694	GSE56140_cirr
ACSL1	C9	0.8068754774637127	GSE56140_cirr
APOH	C9	0.8334606569900688	GSE56140_cirr
BDH1	C9orf103	0.8035141329258977	GSE56140_cirr
ADH4	CAT	0.8606569900687547	GSE56140_cirr
ALDH2	CAT	0.8215431627196332	GSE56140_cirr
ALDH5A1	CAT	0.8200152788388082	GSE56140_cirr
AMBP	CAT	0.8765469824293353	GSE56140_cirr
C1orf225	CAT	-0.8166539343009931	GSE56140_cirr
C7orf23	CAT	-0.8120702826585179	GSE56140_cirr
C8orf55	CCDC106	0.8521008403361344	GSE56140_cirr
ADAMTSL2	CCDC146	0.8600458365164246	GSE56140_cirr
ADCY3	CCDC146	0.8209320091673032	GSE56140_cirr
AEBP1	CCDC146	0.893048128342246	GSE56140_cirr
BGN	CCDC146	0.8548510313216194	GSE56140_cirr
C1orf198	CCDC146	0.893353705118411	GSE56140_cirr
ADAMTSL2	CCDC3	0.816042780748663	GSE56140_cirr
ADCY3	CCDC3	0.8484339190221544	GSE56140_cirr
AEBP1	CCDC3	0.8566844919786095	GSE56140_cirr
APOD	CCDC3	0.8108479755538578	GSE56140_cirr
ARHGEF2	CCDC3	0.8264323911382735	GSE56140_cirr
BGN	CCDC3	0.8643239113827349	GSE56140_cirr
BHLHB5	CCDC3	0.86768525592055	GSE56140_cirr
C16orf30	CCDC3	0.8261268143621084	GSE56140_cirr
C1orf198	CCDC3	0.8997708174178762	GSE56140_cirr
C1orf59	CCDC3	0.8080977845683728	GSE56140_cirr
CCL3	CCL3L3	0.8411000763941939	GSE56140_cirr
ARHGEF6	CCL5	0.8166539343009931	GSE56140_cirr
ALOX5AP	CCND2	0.8041252864782277	GSE56140_cirr
C1QC	CD163	0.8212375859434682	GSE56140_cirr
ALOX5AP	CD2	0.8802139037433154	GSE56140_cirr
ARHGDIB	CD2	0.8441558441558442	GSE56140_cirr
CCL5	CD2	0.8294881588999234	GSE56140_cirr
ASS1	CD24	-0.8172650878533231	GSE56140_cirr
ARHGEF6	CD247	0.87012987012987	GSE56140_cirr
AEBP1	CD248	0.8637127578304049	GSE56140_cirr
BGN	CD248	0.8554621848739495	GSE56140_cirr
CCDC146	CD248	0.8313216195569136	GSE56140_cirr
CD2	CD52	0.8059587471352176	GSE56140_cirr
ALOX5AP	CD6	0.8624904507257448	GSE56140_cirr
ARHGEF2	CD6	0.8239877769289534	GSE56140_cirr
CCL19	CD6	0.8267379679144384	GSE56140_cirr
CD2	CD6	0.8597402597402596	GSE56140_cirr
AKR1C4	CD74	-0.8080977845683728	GSE56140_cirr
ARHGDIB	CD8A	0.8044308632543926	GSE56140_cirr
CCL5	CD8A	0.8337662337662338	GSE56140_cirr
CD2	CD8A	0.8349885408708937	GSE56140_cirr
ALOX5AP	CD96	0.8988540870893812	GSE56140_cirr
ARHGEF6	CD96	0.8530175706646295	GSE56140_cirr
CCL5	CD96	0.8304048892284186	GSE56140_cirr
CCND2	CD96	0.86401833460657	GSE56140_cirr
CD2	CD96	0.8829640947288006	GSE56140_cirr
CD6	CD96	0.8594346829640948	GSE56140_cirr
CCNF	CDCA5	0.812681436210848	GSE56140_cirr
CCNB2	CDKN3	0.8328495034377387	GSE56140_cirr
A2M	CDO1	0.8071810542398777	GSE56140_cirr
ACADM	CDO1	0.8847975553857907	GSE56140_cirr
ACSL1	CDO1	0.8481283422459893	GSE56140_cirr
AHSG	CDO1	0.813292589763178	GSE56140_cirr
AIG1	CDO1	0.813292589763178	GSE56140_cirr
APOH	CDO1	0.8976317799847211	GSE56140_cirr
AQP12A	CDO1	0.8025974025974025	GSE56140_cirr
C4BPB	CDO1	0.8227654698242933	GSE56140_cirr
ADCY3	CDR2L	0.8242933537051185	GSE56140_cirr
BRP44L	CFH	0.8105423987776929	GSE56140_cirr
A2M	CFHR2	0.8331550802139037	GSE56140_cirr
ABCA8	CFHR3	0.812987012987013	GSE56140_cirr
ACAD11	CFHR3	0.8239877769289534	GSE56140_cirr
CFHR1	CFHR3	0.838961038961039	GSE56140_cirr
AIG1	CFI	0.839266615737204	GSE56140_cirr
ASGR1	CFI	0.8456837280366691	GSE56140_cirr
C1orf106	CFI	-0.8334606569900688	GSE56140_cirr
ADAMTSL2	CFTR	0.8297937356760885	GSE56140_cirr
ADCY3	CFTR	0.8560733384262795	GSE56140_cirr
AEBP1	CFTR	0.8505729564553093	GSE56140_cirr
ARHGEF2	CFTR	0.8634071810542399	GSE56140_cirr
BGN	CFTR	0.8881588999236057	GSE56140_cirr
BHLHB5	CFTR	0.8019862490450725	GSE56140_cirr
C1orf198	CFTR	0.8395721925133689	GSE56140_cirr
CCDC146	CFTR	0.8304048892284186	GSE56140_cirr
CCDC3	CFTR	0.8502673796791443	GSE56140_cirr
ARHGAP4	CHFR	0.8111535523300228	GSE56140_cirr
BOK	CHST13	0.8029029793735676	GSE56140_cirr
ADAMTSL2	CHST4	0.8258212375859434	GSE56140_cirr
ADCY3	CHST4	0.8270435446906035	GSE56140_cirr
AEBP1	CHST4	0.8328495034377387	GSE56140_cirr
ALDH7A1	CHST4	-0.8068754774637127	GSE56140_cirr
BGN	CHST4	0.9089381207028265	GSE56140_cirr
C1orf106	CHST4	0.8426279602750191	GSE56140_cirr
C1orf198	CHST4	0.8401833460656989	GSE56140_cirr
CCDC146	CHST4	0.8062643239113827	GSE56140_cirr
CCDC3	CHST4	0.868601986249045	GSE56140_cirr
CD248	CHST4	0.8087089381207029	GSE56140_cirr
CFTR	CHST4	0.8105423987776929	GSE56140_cirr
CAPN5	CKAP4	-0.8114591291061879	GSE56140_cirr
ADAMTSL2	CLDN10	0.8478227654698243	GSE56140_cirr
AEBP1	CLDN10	0.816042780748663	GSE56140_cirr
BGN	CLDN10	0.8854087089381206	GSE56140_cirr
C16orf30	CLDN10	0.8300993124522535	GSE56140_cirr
C1orf198	CLDN10	0.8472116119174943	GSE56140_cirr
CCDC146	CLDN10	0.8190985485103133	GSE56140_cirr
CCDC3	CLDN10	0.8032085561497326	GSE56140_cirr
CFTR	CLDN10	0.8374331550802139	GSE56140_cirr
CHST4	CLDN10	0.895798319327731	GSE56140_cirr
ANXA2	CLDN7	0.814820473644003	GSE56140_cirr
CAT	CLDN7	-0.8013750954927426	GSE56140_cirr
AIG1	CLEC11A	-0.866768525592055	GSE56140_cirr
APOH	CLEC11A	-0.925439266615737	GSE56140_cirr
C16orf30	CLEC11A	0.8585179526355997	GSE56140_cirr
C8orf55	CLEC11A	-0.8038197097020626	GSE56140_cirr
CDO1	CLEC11A	-0.812681436210848	GSE56140_cirr
AGXT2L1	CLIC1	-0.8181818181818182	GSE56140_cirr
ADAMTSL2	CLIC6	0.8774637127578304	GSE56140_cirr
ADCY3	CLIC6	0.8209320091673032	GSE56140_cirr
AEBP1	CLIC6	0.8869365928189457	GSE56140_cirr
BGN	CLIC6	0.9339954163483575	GSE56140_cirr
C1orf106	CLIC6	0.8679908326967151	GSE56140_cirr
C1orf198	CLIC6	0.9193277310924369	GSE56140_cirr
CCDC146	CLIC6	0.8924369747899159	GSE56140_cirr
CCDC3	CLIC6	0.8627960275019099	GSE56140_cirr
CD248	CLIC6	0.8218487394957983	GSE56140_cirr
CFTR	CLIC6	0.893659281894576	GSE56140_cirr
CHST4	CLIC6	0.8912146676852558	GSE56140_cirr
CLDN10	CLIC6	0.9101604278074865	GSE56140_cirr
ADAMTSL2	CLIP3	0.8866310160427807	GSE56140_cirr
ADCY3	CLIP3	0.8988540870893812	GSE56140_cirr
ANGPTL2	CLIP3	0.8560733384262795	GSE56140_cirr
ARHGEF2	CLIP3	0.8475171886936592	GSE56140_cirr
BGN	CLIP3	0.8065699006875477	GSE56140_cirr
BHLHB5	CLIP3	0.8563789152024446	GSE56140_cirr
CCDC3	CLIP3	0.8056531703590526	GSE56140_cirr
CD6	CLIP3	0.8050420168067226	GSE56140_cirr
A1CF	CMBL	0.841405653170359	GSE56140_cirr
C7orf55	CMBL	0.8010695187165775	GSE56140_cirr
A1CF	CMTM8	0.8453781512605041	GSE56140_cirr
AKR1CL1	CMTM8	0.8725744843391902	GSE56140_cirr
C1orf225	COBLL1	-0.8282658517952636	GSE56140_cirr
ADAMTSL2	COL16A1	0.8786860198624904	GSE56140_cirr
ADCY3	COL16A1	0.8789915966386554	GSE56140_cirr
AEBP1	COL16A1	0.9016042780748662	GSE56140_cirr
BGN	COL16A1	0.8557677616501145	GSE56140_cirr
C1orf198	COL16A1	0.8609625668449197	GSE56140_cirr
CCDC146	COL16A1	0.840794499618029	GSE56140_cirr
CCDC3	COL16A1	0.8310160427807486	GSE56140_cirr
CFTR	COL16A1	0.8102368220015278	GSE56140_cirr
CHST4	COL16A1	0.813292589763178	GSE56140_cirr
CLDN10	COL16A1	0.8068754774637127	GSE56140_cirr
CLIC6	COL16A1	0.8472116119174943	GSE56140_cirr
AEBP1	COL1A1	0.8490450725744844	GSE56140_cirr
BGN	COL1A1	0.8343773873185638	GSE56140_cirr
CD248	COL1A1	0.8435446906035141	GSE56140_cirr
CLIC6	COL1A1	0.8255156608097783	GSE56140_cirr
AEBP1	COL1A2	0.8466004583651642	GSE56140_cirr
BGN	COL1A2	0.8548510313216194	GSE56140_cirr
C1orf198	COL1A2	0.8383498854087089	GSE56140_cirr
CCDC146	COL1A2	0.8545454545454546	GSE56140_cirr
CLIC6	COL1A2	0.8383498854087089	GSE56140_cirr
COL16A1	COL1A2	0.8521008403361344	GSE56140_cirr
COL1A1	COL1A2	0.921466768525592	GSE56140_cirr
CCDC146	COL3A1	0.8288770053475936	GSE56140_cirr
COL1A1	COL3A1	0.8016806722689075	GSE56140_cirr
COL1A2	COL3A1	0.9006875477463712	GSE56140_cirr
COL1A1	COL4A1	0.9022154316271963	GSE56140_cirr
COL1A2	COL4A1	0.8224598930481283	GSE56140_cirr
AMBP	COL4A2	-0.8013750954927426	GSE56140_cirr
COL1A1	COL4A2	0.8169595110771581	GSE56140_cirr
COL4A1	COL4A2	0.838961038961039	GSE56140_cirr
ADAMTSL2	COL5A1	0.8203208556149731	GSE56140_cirr
AEBP1	COL5A1	0.8716577540106951	GSE56140_cirr
BGN	COL5A1	0.8563789152024446	GSE56140_cirr
C1orf198	COL5A1	0.8108479755538578	GSE56140_cirr
CCDC146	COL5A1	0.8652406417112298	GSE56140_cirr
CD248	COL5A1	0.8319327731092436	GSE56140_cirr
CFTR	COL5A1	0.8169595110771581	GSE56140_cirr
CLIC6	COL5A1	0.8508785332314743	GSE56140_cirr
COL16A1	COL5A1	0.8808250572956454	GSE56140_cirr
COL1A1	COL5A1	0.8542398777692896	GSE56140_cirr
COL1A2	COL5A1	0.8884644766997708	GSE56140_cirr
COL3A1	COL5A1	0.8731856378915203	GSE56140_cirr
COL1A1	COL5A2	0.816348357524828	GSE56140_cirr
COL4A1	COL5A2	0.8047364400305576	GSE56140_cirr
AEBP1	COL6A1	0.8982429335370512	GSE56140_cirr
AIG1	COL6A1	-0.8432391138273491	GSE56140_cirr
BGN	COL6A1	0.8713521772345301	GSE56140_cirr
CCDC3	COL6A1	0.8252100840336134	GSE56140_cirr
CD248	COL6A1	0.8585179526355997	GSE56140_cirr
CFTR	COL6A1	0.8236822001527884	GSE56140_cirr
CLEC11A	COL6A1	0.8502673796791443	GSE56140_cirr
CLIC6	COL6A1	0.812987012987013	GSE56140_cirr
COL1A1	COL6A1	0.8111535523300228	GSE56140_cirr
AEBP1	COL6A3	0.8915202444614209	GSE56140_cirr
ANXA1	COL6A3	0.8475171886936592	GSE56140_cirr
ARHGAP15	COL6A3	0.8481283422459893	GSE56140_cirr
COL16A1	COL6A3	0.841405653170359	GSE56140_cirr
COL6A1	COL6A3	0.8087089381207029	GSE56140_cirr
ADAMTSL2	COLEC11	0.8514896867838043	GSE56140_cirr
ADCY3	COLEC11	0.8692131398013752	GSE56140_cirr
CLIP3	COLEC11	0.8976317799847211	GSE56140_cirr
ANXA5	COQ10A	-0.8441558441558442	GSE56140_cirr
CAPN5	COQ10A	0.8071810542398777	GSE56140_cirr
CCL5	CORO1A	0.8316271963330787	GSE56140_cirr
CD2	CORO1A	0.8374331550802139	GSE56140_cirr
C1orf198	COX7A1	0.839266615737204	GSE56140_cirr
CCDC146	COX7A1	0.839266615737204	GSE56140_cirr
APOH	CP	0.8337662337662338	GSE56140_cirr
AQP12A	CP	0.8084033613445378	GSE56140_cirr
CDO1	CP	0.8429335370511841	GSE56140_cirr
CMBL	CPD	-0.8032085561497326	GSE56140_cirr
COQ10A	CPD	-0.8001527883880825	GSE56140_cirr
APOH	CRIP2	-0.8530175706646295	GSE56140_cirr
ARG1	CRIP2	-0.815431627196333	GSE56140_cirr
C1QTNF5	CRIP2	0.8609625668449197	GSE56140_cirr
CD37	CRIP2	0.8096256684491978	GSE56140_cirr
CDO1	CRIP2	-0.814209320091673	GSE56140_cirr
CLEC11A	CRIP2	0.8438502673796792	GSE56140_cirr
AEBP1	CRISPLD2	0.815737203972498	GSE56140_cirr
ANXA1	CRISPLD2	0.8090145148968678	GSE56140_cirr
CHST4	CRISPLD2	0.8013750954927426	GSE56140_cirr
CAMK1G	CRKRS	0.8267379679144384	GSE56140_cirr
AEBP1	CRYAB	0.8215431627196332	GSE56140_cirr
C16orf30	CRYAB	0.8111535523300228	GSE56140_cirr
C1QTNF5	CRYAB	0.838961038961039	GSE56140_cirr
CCDC3	CRYAB	0.8310160427807486	GSE56140_cirr
ACOX2	CRYL1	0.8001527883880825	GSE56140_cirr
AQP11	CRYL1	0.8285714285714286	GSE56140_cirr
C1orf225	CRYL1	-0.8426279602750191	GSE56140_cirr
COBLL1	CRYL1	0.8001527883880825	GSE56140_cirr
COQ10A	CRYL1	0.8267379679144384	GSE56140_cirr
CSAG3A	CSAG3B	0.9343009931245225	GSE56140_cirr
C13orf15	CSDA	0.8044308632543926	GSE56140_cirr
ACADM	CTH	0.8077922077922078	GSE56140_cirr
C1QTNF5	CTH	-0.8261268143621084	GSE56140_cirr
BACE2	CTNNBL1	-0.838961038961039	GSE56140_cirr
COQ10A	CTNNBL1	0.8047364400305576	GSE56140_cirr
AEBP1	CTSK	0.8291825821237586	GSE56140_cirr
BGN	CTSK	0.813292589763178	GSE56140_cirr
C16orf30	CTSK	0.8600458365164246	GSE56140_cirr
C1orf198	CTSK	0.8319327731092436	GSE56140_cirr
C1orf59	CTSK	0.8322383498854087	GSE56140_cirr
C7orf23	CTSK	0.8084033613445378	GSE56140_cirr
CCDC3	CTSK	0.8560733384262795	GSE56140_cirr
CLDN10	CTSK	0.8084033613445378	GSE56140_cirr
CLIC6	CTSK	0.8276546982429335	GSE56140_cirr
COL6A1	CTSK	0.8053475935828877	GSE56140_cirr
COL6A3	CTSK	0.8117647058823529	GSE56140_cirr
AEBP1	CXCL12	0.8426279602750191	GSE56140_cirr
AKR1B1	CXCL12	0.8206264323911382	GSE56140_cirr
ARHGEF2	CXCL12	0.813598166539343	GSE56140_cirr
BGN	CXCL12	0.9171886936592818	GSE56140_cirr
C1orf198	CXCL12	0.8166539343009931	GSE56140_cirr
CCDC146	CXCL12	0.8297937356760885	GSE56140_cirr
CCDC3	CXCL12	0.8563789152024446	GSE56140_cirr
CD248	CXCL12	0.8527119938884644	GSE56140_cirr
CFTR	CXCL12	0.8426279602750191	GSE56140_cirr
CHST4	CXCL12	0.8585179526355997	GSE56140_cirr
CLIC6	CXCL12	0.8325439266615737	GSE56140_cirr
COL1A1	CXCL12	0.8068754774637127	GSE56140_cirr
COL1A2	CXCL12	0.8016806722689075	GSE56140_cirr
COL6A1	CXCL12	0.8887700534759359	GSE56140_cirr
ARID5B	CXCL6	0.8016806722689075	GSE56140_cirr
C1orf198	CXCL6	0.815737203972498	GSE56140_cirr
CHST4	CXCL6	0.8016806722689075	GSE56140_cirr
CLIC6	CXCL6	0.8084033613445378	GSE56140_cirr
CRISPLD2	CXCL6	0.8334606569900688	GSE56140_cirr
ACADM	CYB5A	0.8206264323911382	GSE56140_cirr
C4BPB	CYB5A	0.8429335370511841	GSE56140_cirr
AKR1B1	CYBA	0.8466004583651642	GSE56140_cirr
ARHGEF2	CYBA	0.8316271963330787	GSE56140_cirr
CSF1R	CYBA	0.8300993124522535	GSE56140_cirr
ABCB6	CYBRD1	-0.8352941176470587	GSE56140_cirr
ADAMTSL2	CYBRD1	0.8261268143621084	GSE56140_cirr
ADCY3	CYBRD1	0.8123758594346829	GSE56140_cirr
AMICA1	CYBRD1	0.8096256684491978	GSE56140_cirr
ARHGAP15	CYBRD1	0.8310160427807486	GSE56140_cirr
C7	CYBRD1	0.8221543162719633	GSE56140_cirr
CHCHD10	CYC1	0.8618792971734147	GSE56140_cirr
C16orf30	CYGB	0.8245989304812833	GSE56140_cirr
ACADSB	CYP1A2	0.8172650878533231	GSE56140_cirr
ALDH2	CYP1A2	0.8692131398013752	GSE56140_cirr
ALDH6A1	CYP1A2	0.86707410236822	GSE56140_cirr
AOX1	CYP1A2	0.815431627196333	GSE56140_cirr
APOF	CYP1A2	0.8466004583651642	GSE56140_cirr
ADH1B	CYP27A1	0.8071810542398777	GSE56140_cirr
COL4A2	CYP2C9	-0.8438502673796792	GSE56140_cirr
ACADSB	CYP39A1	0.8139037433155081	GSE56140_cirr
ANXA5	CYP4F12	-0.8255156608097783	GSE56140_cirr
CMBL	CYP4F12	0.8019862490450725	GSE56140_cirr
COQ10A	CYP4F12	0.8190985485103133	GSE56140_cirr
CPD	CYP4F12	-0.8175706646294881	GSE56140_cirr
CYP27A1	CYP4F12	0.8597402597402596	GSE56140_cirr
ACOX2	DAO	0.8212375859434682	GSE56140_cirr
ARHGAP4	DARC	0.8105423987776929	GSE56140_cirr
C1orf198	DCDC2	0.8035141329258977	GSE56140_cirr
C8orf40	DCDC2	-0.8111535523300228	GSE56140_cirr
CCDC146	DCDC2	0.8010695187165775	GSE56140_cirr
COL3A1	DCDC2	0.8047364400305576	GSE56140_cirr
ASGR1	DCI	0.8233766233766234	GSE56140_cirr
CRIP2	DCI	-0.8786860198624904	GSE56140_cirr
CRYAB	DCI	-0.8527119938884644	GSE56140_cirr
ADAMTSL2	DCN	0.8597402597402596	GSE56140_cirr
ADCY3	DCN	0.8019862490450725	GSE56140_cirr
ANGPTL2	DCN	0.8249045072574483	GSE56140_cirr
BBOX1	DCN	-0.8013750954927426	GSE56140_cirr
C7	DCN	0.8435446906035141	GSE56140_cirr
C7orf55	DCN	-0.8524064171122995	GSE56140_cirr
CLIP3	DCN	0.8655462184873949	GSE56140_cirr
COLEC11	DCN	0.839877769289534	GSE56140_cirr
AZGP1	DCXR	0.8035141329258977	GSE56140_cirr
BBOX1	DDC	0.8230710466004584	GSE56140_cirr
CMPK2	DDX60	0.813292589763178	GSE56140_cirr
ACAA2	DECR1	0.8285714285714286	GSE56140_cirr
ACSL1	DECR1	0.8175706646294881	GSE56140_cirr
ARG1	DECR1	0.814514896867838	GSE56140_cirr
CYP4F22	DHCR7	0.816348357524828	GSE56140_cirr
AKR1D1	DHRS1	0.8080977845683728	GSE56140_cirr
ANXA2	DHRS1	-0.8209320091673032	GSE56140_cirr
C1orf225	DHRS1	-0.8236822001527884	GSE56140_cirr
CHST13	DHRS1	0.8322383498854087	GSE56140_cirr
ACACB	DHRS4	0.8297937356760885	GSE56140_cirr
AKR1D1	DHRS4	0.8319327731092436	GSE56140_cirr
C10orf65	DHRS4	0.8065699006875477	GSE56140_cirr
CAPN5	DHRS4	0.8609625668449197	GSE56140_cirr
CKAP4	DHRS4	-0.8068754774637127	GSE56140_cirr
COBLL1	DHRS4	0.8010695187165775	GSE56140_cirr
COQ10A	DHRS4	0.838655462184874	GSE56140_cirr
CRYL1	DHRS4	0.8090145148968678	GSE56140_cirr
CAPN5	DHRS4L2	0.8395721925133689	GSE56140_cirr
DHRS4	DHRS4L2	0.947746371275783	GSE56140_cirr
ALDH7A1	DHTKD1	0.8316271963330787	GSE56140_cirr
ANXA5	DHTKD1	-0.8038197097020626	GSE56140_cirr
BBOX1	DHTKD1	0.815126050420168	GSE56140_cirr
AKR1D1	DKFZP564J102	0.8032085561497326	GSE56140_cirr
C16orf30	DKFZP586H2123	0.8447669977081741	GSE56140_cirr
C1orf198	DKFZP586H2123	0.8038197097020626	GSE56140_cirr
CCDC3	DKFZP586H2123	0.8780748663101604	GSE56140_cirr
C7orf23	DKFZp761P0423	0.8203208556149731	GSE56140_cirr
CAT	DKFZp761P0423	-0.8603514132925897	GSE56140_cirr
CD74	DKFZp761P0423	0.8328495034377387	GSE56140_cirr
CSDA	DKFZp761P0423	0.812681436210848	GSE56140_cirr
DCI	DKFZp761P0423	-0.8181818181818182	GSE56140_cirr
ADH4	DMGDH	0.8316271963330787	GSE56140_cirr
ALDH2	DMGDH	0.8576012223071047	GSE56140_cirr
ALDH5A1	DMGDH	0.8245989304812833	GSE56140_cirr
AMBP	DMGDH	0.8068754774637127	GSE56140_cirr
AOX1	DMGDH	0.8001527883880825	GSE56140_cirr
CAT	DMGDH	0.8661573720397249	GSE56140_cirr
CFI	DMGDH	0.8032085561497326	GSE56140_cirr
C8orf40	DNAJC12	0.8404889228418639	GSE56140_cirr
CDH1	DNAJC12	-0.8007639419404124	GSE56140_cirr
CLEC4G	DNASE1L3	0.8334606569900688	GSE56140_cirr
ARL2	DNMT1	0.8331550802139037	GSE56140_cirr
DAO	DNMT3L	0.8139037433155081	GSE56140_cirr
DCXR	DNMT3L	0.8206264323911382	GSE56140_cirr
ALOX5AP	DOCK2	0.838655462184874	GSE56140_cirr
ARHGEF6	DOCK2	0.893659281894576	GSE56140_cirr
CD2	DOCK2	0.8212375859434682	GSE56140_cirr
CD52	DOCK2	0.8123758594346829	GSE56140_cirr
CD6	DOCK2	0.8710466004583651	GSE56140_cirr
CD96	DOCK2	0.8401833460656989	GSE56140_cirr
AEBP1	DPYSL2	0.816348357524828	GSE56140_cirr
ALDH7A1	DPYSL2	-0.8343773873185638	GSE56140_cirr
ARHGAP15	DPYSL2	0.8224598930481283	GSE56140_cirr
ASNS	DPYSL2	0.8349885408708937	GSE56140_cirr
BGN	DPYSL2	0.8643239113827349	GSE56140_cirr
CCDC146	DPYSL2	0.8230710466004584	GSE56140_cirr
CD248	DPYSL2	0.8013750954927426	GSE56140_cirr
CD74	DPYSL2	0.8068754774637127	GSE56140_cirr
CHST4	DPYSL2	0.8340718105423988	GSE56140_cirr
CLIC6	DPYSL2	0.838961038961039	GSE56140_cirr
COL1A2	DPYSL2	0.8331550802139037	GSE56140_cirr
COL3A1	DPYSL2	0.8071810542398777	GSE56140_cirr
COL6A1	DPYSL2	0.8019862490450725	GSE56140_cirr
COL6A3	DPYSL2	0.8258212375859434	GSE56140_cirr
CTSK	DPYSL2	0.8658517952635599	GSE56140_cirr
CXCL12	DPYSL2	0.8340718105423988	GSE56140_cirr
ADAMTSL2	DPYSL3	0.8438502673796792	GSE56140_cirr
ADCY3	DPYSL3	0.8906035141329258	GSE56140_cirr
AEBP1	DPYSL3	0.8371275783040488	GSE56140_cirr
BHLHB5	DPYSL3	0.8557677616501145	GSE56140_cirr
C1orf198	DPYSL3	0.8869365928189457	GSE56140_cirr
CCDC3	DPYSL3	0.8979373567608862	GSE56140_cirr
CFTR	DPYSL3	0.8041252864782277	GSE56140_cirr
CLIC6	DPYSL3	0.8300993124522535	GSE56140_cirr
CLIP3	DPYSL3	0.816042780748663	GSE56140_cirr
COL16A1	DPYSL3	0.8551566080977845	GSE56140_cirr
COL6A3	DPYSL3	0.8056531703590526	GSE56140_cirr
CTSK	DPYSL3	0.812987012987013	GSE56140_cirr
CYBRD1	DPYSL3	0.8255156608097783	GSE56140_cirr
DPT	DPYSL3	0.8102368220015278	GSE56140_cirr
AXUD1	DUSP5	0.8184873949579832	GSE56140_cirr
BEX2	EBP	-0.8242933537051185	GSE56140_cirr
CYP27A1	EBP	0.8044308632543926	GSE56140_cirr
CRYL1	ECHDC2	0.8050420168067226	GSE56140_cirr
ADAMTSL2	EFEMP1	0.8255156608097783	GSE56140_cirr
ADCY3	EFEMP1	0.8221543162719633	GSE56140_cirr
AEBP1	EFEMP1	0.8114591291061879	GSE56140_cirr
ASNS	EFEMP1	0.8316271963330787	GSE56140_cirr
C1orf198	EFEMP1	0.8331550802139037	GSE56140_cirr
CCDC146	EFEMP1	0.8511841100076394	GSE56140_cirr
CLIP3	EFEMP1	0.8090145148968678	GSE56140_cirr
COL16A1	EFEMP1	0.8258212375859434	GSE56140_cirr
COL1A2	EFEMP1	0.867379679144385	GSE56140_cirr
COL3A1	EFEMP1	0.838961038961039	GSE56140_cirr
COL5A1	EFEMP1	0.8664629488158899	GSE56140_cirr
COL6A3	EFEMP1	0.8032085561497326	GSE56140_cirr
DCDC2	EFEMP1	0.8181818181818182	GSE56140_cirr
DPYSL2	EFEMP1	0.8047364400305576	GSE56140_cirr
ADAMTSL2	EFEMP2	0.816348357524828	GSE56140_cirr
ADCY3	EFEMP2	0.8025974025974025	GSE56140_cirr
ARHGEF2	EFEMP2	0.8181818181818182	GSE56140_cirr
BGN	EFEMP2	0.8747135217723453	GSE56140_cirr
C16orf30	EFEMP2	0.8041252864782277	GSE56140_cirr
CCDC146	EFEMP2	0.8029029793735676	GSE56140_cirr
CCDC3	EFEMP2	0.8799083269671504	GSE56140_cirr
CFTR	EFEMP2	0.8404889228418639	GSE56140_cirr
CHST4	EFEMP2	0.8139037433155081	GSE56140_cirr
CLIC6	EFEMP2	0.8258212375859434	GSE56140_cirr
CLIP3	EFEMP2	0.8331550802139037	GSE56140_cirr
CXCL12	EFEMP2	0.8514896867838043	GSE56140_cirr
DKFZP586H2123	EFEMP2	0.8759358288770053	GSE56140_cirr
ADH4	EHHADH	0.8047364400305576	GSE56140_cirr
AVPI1	EHHADH	0.8462948815889991	GSE56140_cirr
CAT	EHHADH	0.8374331550802139	GSE56140_cirr
C10orf10	ELF3	0.8047364400305576	GSE56140_cirr
AEBP1	EMILIN1	0.870435446906035	GSE56140_cirr
AIG1	EMILIN1	-0.8242933537051185	GSE56140_cirr
BGN	EMILIN1	0.9104660045836516	GSE56140_cirr
C16orf30	EMILIN1	0.813598166539343	GSE56140_cirr
CCDC3	EMILIN1	0.8429335370511841	GSE56140_cirr
CD248	EMILIN1	0.8854087089381206	GSE56140_cirr
CFTR	EMILIN1	0.8227654698242933	GSE56140_cirr
CHST4	EMILIN1	0.8524064171122995	GSE56140_cirr
CLEC11A	EMILIN1	0.8722689075630252	GSE56140_cirr
CLIC6	EMILIN1	0.8300993124522535	GSE56140_cirr
COL6A1	EMILIN1	0.9511077158135981	GSE56140_cirr
CXCL12	EMILIN1	0.9113827349121466	GSE56140_cirr
EFEMP2	EMILIN1	0.8368220015278839	GSE56140_cirr
CD37	EMP3	0.8881588999236057	GSE56140_cirr
CRIP2	EMP3	0.8038197097020626	GSE56140_cirr
C20orf127	ENDOGL1	0.870435446906035	GSE56140_cirr
AEBP1	ENG	0.8077922077922078	GSE56140_cirr
AKR1B1	ENG	0.8588235294117648	GSE56140_cirr
ARHGEF2	ENG	0.8187929717341482	GSE56140_cirr
BGN	ENG	0.8038197097020626	GSE56140_cirr
COL6A1	ENG	0.8041252864782277	GSE56140_cirr
CXCL12	ENG	0.8627960275019099	GSE56140_cirr
C7orf23	ENO2	0.8019862490450725	GSE56140_cirr
CTSK	ENO2	0.8065699006875477	GSE56140_cirr
ANXA2	ENO3	-0.8331550802139037	GSE56140_cirr
C1orf225	ENO3	-0.813598166539343	GSE56140_cirr
CRYL1	ENO3	0.8242933537051185	GSE56140_cirr
A1CF	ENTPD5	0.8184873949579832	GSE56140_cirr
AKR1CL1	ENTPD5	0.8514896867838043	GSE56140_cirr
CHCHD10	EPHX1	0.8450725744843391	GSE56140_cirr
CYC1	EPHX1	0.9284950343773873	GSE56140_cirr
ACY1	ESPN	0.8044308632543926	GSE56140_cirr
CHCHD10	ESPN	0.812681436210848	GSE56140_cirr
ADH4	ESR1	0.8187929717341482	GSE56140_cirr
ALDH2	ESR1	0.8600458365164246	GSE56140_cirr
ALDH5A1	ESR1	0.8190985485103133	GSE56140_cirr
ALDH6A1	ESR1	0.816348357524828	GSE56140_cirr
AMBP	ESR1	0.8325439266615737	GSE56140_cirr
CAT	ESR1	0.840794499618029	GSE56140_cirr
CLDN7	ESR1	-0.8077922077922078	GSE56140_cirr
CSAD	ESR1	0.8068754774637127	GSE56140_cirr
CYP1A2	ESR1	0.8194041252864781	GSE56140_cirr
DMGDH	ESR1	0.8334606569900688	GSE56140_cirr
COQ10A	ETNK2	0.8255156608097783	GSE56140_cirr
EPHX1	ETNK2	0.8056531703590526	GSE56140_cirr
C6	ETS2	0.8077922077922078	GSE56140_cirr
ACSL1	EVI1	-0.8829640947288006	GSE56140_cirr
CDO1	F13B	0.8077922077922078	GSE56140_cirr
APOA1	F7	0.8459893048128342	GSE56140_cirr
EVI1	F7	-0.8508785332314743	GSE56140_cirr
ACSL1	F9	0.8472116119174943	GSE56140_cirr
CRYL1	FAHD2B	0.813598166539343	GSE56140_cirr
ARHGEF6	FAM113B	0.8475171886936592	GSE56140_cirr
CD96	FAM113B	0.815737203972498	GSE56140_cirr
DOCK2	FAM113B	0.8517952635599694	GSE56140_cirr
ACAT1	FAM127A	-0.8236822001527884	GSE56140_cirr
AKR1D1	FAM127A	-0.8212375859434682	GSE56140_cirr
ALDH2	FAM127A	-0.8450725744843391	GSE56140_cirr
ALDH6A1	FAM127A	-0.8362108479755538	GSE56140_cirr
ASGR1	FAM127A	-0.815737203972498	GSE56140_cirr
CAT	FAM127A	-0.8307104660045835	GSE56140_cirr
CTH	FAM127A	-0.8172650878533231	GSE56140_cirr
CYP2C9	FAM127A	-0.812987012987013	GSE56140_cirr
ENO1	FAM127A	0.8166539343009931	GSE56140_cirr
ESR1	FAM127A	-0.8139037433155081	GSE56140_cirr
CAPN5	FAM149A	0.842322383498854	GSE56140_cirr
DHRS4	FAM149A	0.8166539343009931	GSE56140_cirr
DKFZP564J102	FAM149A	0.8890756302521008	GSE56140_cirr
ENO2	FAM171A1	0.8337662337662338	GSE56140_cirr
CSDA	FAM57A	0.8047364400305576	GSE56140_cirr
CXCL6	FAP	0.8099312452253628	GSE56140_cirr
DHTKD1	FAP	-0.8035141329258977	GSE56140_cirr
DARC	FBLN2	0.8756302521008402	GSE56140_cirr
ABCB6	FBLN5	-0.8230710466004584	GSE56140_cirr
ADAMTSL2	FBLN5	0.8875477463712758	GSE56140_cirr
ADCY3	FBLN5	0.840794499618029	GSE56140_cirr
AEBP1	FBLN5	0.8236822001527884	GSE56140_cirr
C1orf198	FBLN5	0.8811306340718105	GSE56140_cirr
C7	FBLN5	0.8576012223071047	GSE56140_cirr
CCDC146	FBLN5	0.8536287242169596	GSE56140_cirr
COL16A1	FBLN5	0.8902979373567608	GSE56140_cirr
CYBRD1	FBLN5	0.8841864018334606	GSE56140_cirr
DCN	FBLN5	0.8102368220015278	GSE56140_cirr
DPYSL3	FBLN5	0.8432391138273491	GSE56140_cirr
EFEMP1	FBLN5	0.8655462184873949	GSE56140_cirr
BASP1	FCER1G	0.8710466004583651	GSE56140_cirr
C1QA	FCER1G	0.8236822001527884	GSE56140_cirr
ASNS	FER1L3	0.8035141329258977	GSE56140_cirr
DDC	FER1L3	-0.8300993124522535	GSE56140_cirr
EFEMP1	FER1L3	0.8056531703590526	GSE56140_cirr
ADH4	FETUB	0.8096256684491978	GSE56140_cirr
C1orf225	FETUB	-0.8719633307868602	GSE56140_cirr
CAT	FETUB	0.8517952635599694	GSE56140_cirr
CRYL1	FETUB	0.8139037433155081	GSE56140_cirr
ECHDC2	FETUB	0.8242933537051185	GSE56140_cirr
A2M	FGB	0.8218487394957983	GSE56140_cirr
ACSL1	FGB	0.8490450725744844	GSE56140_cirr
APOH	FGB	0.8902979373567608	GSE56140_cirr
AQP12A	FGB	0.8105423987776929	GSE56140_cirr
C4BPB	FGB	0.8524064171122995	GSE56140_cirr
C6	FGB	0.8462948815889991	GSE56140_cirr
C9	FGB	0.8649350649350648	GSE56140_cirr
CDO1	FGB	0.8475171886936592	GSE56140_cirr
AKR1CL1	FGD3	-0.8252100840336134	GSE56140_cirr
ARHGEF6	FGD3	0.8646294881589	GSE56140_cirr
C7	FGD3	0.8255156608097783	GSE56140_cirr
DCN	FGD3	0.8502673796791443	GSE56140_cirr
EVL	FGD3	0.8010695187165775	GSE56140_cirr
EXOSC4	FGD3	-0.8013750954927426	GSE56140_cirr
FAM113B	FGD3	0.815126050420168	GSE56140_cirr
ACADM	FH	0.8331550802139037	GSE56140_cirr
ACSL1	FH	0.8890756302521008	GSE56140_cirr
APOH	FH	0.8768525592055003	GSE56140_cirr
C9	FH	0.8041252864782277	GSE56140_cirr
CDO1	FH	0.8649350649350648	GSE56140_cirr
FGB	FH	0.8328495034377387	GSE56140_cirr
AKR1D1	FIT1	0.8212375859434682	GSE56140_cirr
ALDH2	FIT1	0.8056531703590526	GSE56140_cirr
ALDH6A1	FIT1	0.8047364400305576	GSE56140_cirr
ASS1	FIT1	0.8181818181818182	GSE56140_cirr
CYP1A2	FIT1	0.8316271963330787	GSE56140_cirr
ESR1	FIT1	0.8047364400305576	GSE56140_cirr
ANKRD55	FLJ11795	0.8765469824293353	GSE56140_cirr
COL4A1	FLJ11795	-0.8001527883880825	GSE56140_cirr
DKFZP564O0823	FLJ20160	0.812987012987013	GSE56140_cirr
EFEMP1	FLJ20160	0.8643239113827349	GSE56140_cirr
ARHGEF6	FLJ21438	0.9156608097784568	GSE56140_cirr
CCL5	FLJ21438	0.8521008403361344	GSE56140_cirr
CD247	FLJ21438	0.8190985485103133	GSE56140_cirr
CD96	FLJ21438	0.8435446906035141	GSE56140_cirr
DOCK2	FLJ21438	0.867379679144385	GSE56140_cirr
FAM113B	FLJ21438	0.8982429335370512	GSE56140_cirr
FGD3	FLJ21438	0.8869365928189457	GSE56140_cirr
FAM84B	FLJ21986	-0.8065699006875477	GSE56140_cirr
ALOX5AP	FLJ22662	0.8050420168067226	GSE56140_cirr
ANXA1	FLJ22662	0.8178762414056532	GSE56140_cirr
ASNS	FLJ22662	0.8077922077922078	GSE56140_cirr
ADAMTSL2	FLJ35258	0.9052711993888464	GSE56140_cirr
ADCY3	FLJ35258	0.8753246753246752	GSE56140_cirr
BGN	FLJ35258	0.9107715813598165	GSE56140_cirr
BHLHB5	FLJ35258	0.8285714285714286	GSE56140_cirr
C1orf198	FLJ35258	0.814209320091673	GSE56140_cirr
CCDC146	FLJ35258	0.8325439266615737	GSE56140_cirr
CCDC3	FLJ35258	0.815737203972498	GSE56140_cirr
CD248	FLJ35258	0.8218487394957983	GSE56140_cirr
CFTR	FLJ35258	0.8349885408708937	GSE56140_cirr
CHST4	FLJ35258	0.841711229946524	GSE56140_cirr
CLDN10	FLJ35258	0.8166539343009931	GSE56140_cirr
CLIC6	FLJ35258	0.840794499618029	GSE56140_cirr
CLIP3	FLJ35258	0.8737967914438503	GSE56140_cirr
COL16A1	FLJ35258	0.8316271963330787	GSE56140_cirr
COL1A2	FLJ35258	0.8255156608097783	GSE56140_cirr
COL5A1	FLJ35258	0.8071810542398777	GSE56140_cirr
CSTB	FLJ35258	0.8123758594346829	GSE56140_cirr
CXCL12	FLJ35258	0.8588235294117648	GSE56140_cirr
DCN	FLJ35258	0.8203208556149731	GSE56140_cirr
EFEMP2	FLJ35258	0.8579067990832696	GSE56140_cirr
EMILIN1	FLJ35258	0.8197097020626432	GSE56140_cirr
ENG	FLJ35258	0.8016806722689075	GSE56140_cirr
EVL	FMO2	0.8056531703590526	GSE56140_cirr
FGD3	FMO2	0.8087089381207029	GSE56140_cirr
AEBP1	FNDC1	0.8374331550802139	GSE56140_cirr
CCDC146	FNDC1	0.8288770053475936	GSE56140_cirr
CD248	FNDC1	0.8872421695951107	GSE56140_cirr
COL1A1	FNDC1	0.8884644766997708	GSE56140_cirr
COL1A2	FNDC1	0.8493506493506494	GSE56140_cirr
COL5A1	FNDC1	0.8190985485103133	GSE56140_cirr
ENO3	FNDC5	0.8200152788388082	GSE56140_cirr
AEBP1	FSTL3	0.8557677616501145	GSE56140_cirr
C1QTNF5	FSTL3	0.8041252864782277	GSE56140_cirr
COL6A1	FSTL3	0.839266615737204	GSE56140_cirr
CRISPLD2	FSTL3	0.8713521772345301	GSE56140_cirr
EMILIN1	FSTL3	0.8328495034377387	GSE56140_cirr
CP	FTH1	0.8117647058823529	GSE56140_cirr
FH	FTH1	0.8022918258212376	GSE56140_cirr
FTH1	FTHL12	0.8970206264323911	GSE56140_cirr
FTHL12	FTHL3P	0.9239113827349121	GSE56140_cirr
AZGP1	FXYD1	0.8013750954927426	GSE56140_cirr
CENTA1	FXYD1	-0.8481283422459893	GSE56140_cirr
CMBL	FXYD1	0.8053475935828877	GSE56140_cirr
DCXR	FXYD1	0.8331550802139037	GSE56140_cirr
AIG1	FXYD2	-0.814209320091673	GSE56140_cirr
BGN	FXYD2	0.9003819709702061	GSE56140_cirr
C16orf30	FXYD2	0.813292589763178	GSE56140_cirr
C1orf106	FXYD2	0.8025974025974025	GSE56140_cirr
CCDC3	FXYD2	0.816348357524828	GSE56140_cirr
CD248	FXYD2	0.8050420168067226	GSE56140_cirr
CFI	FXYD2	-0.8560733384262795	GSE56140_cirr
CFTR	FXYD2	0.8420168067226891	GSE56140_cirr
CHST4	FXYD2	0.9272727272727272	GSE56140_cirr
CLDN10	FXYD2	0.919022154316272	GSE56140_cirr
CLIC6	FXYD2	0.8722689075630252	GSE56140_cirr
COL6A1	FXYD2	0.8190985485103133	GSE56140_cirr
CTSK	FXYD2	0.8200152788388082	GSE56140_cirr
CXCL12	FXYD2	0.8731856378915203	GSE56140_cirr
EMILIN1	FXYD2	0.8539343009931245	GSE56140_cirr
FLJ35258	FXYD2	0.8203208556149731	GSE56140_cirr
ACADM	G6PD	-0.839877769289534	GSE56140_cirr
CAT	GADD45A	0.8047364400305576	GSE56140_cirr
CFHR1	GADD45A	0.8368220015278839	GSE56140_cirr
ENO1	GADD45A	-0.8527119938884644	GSE56140_cirr
ACAT1	GADD45G	0.8291825821237586	GSE56140_cirr
BCAT2	GADD45G	-0.8123758594346829	GSE56140_cirr
C4BPA	GADD45G	0.8004583651642474	GSE56140_cirr
C6	GADD45G	0.8197097020626432	GSE56140_cirr
ADH4	GBA3	0.8566844919786095	GSE56140_cirr
ALDH2	GBA3	0.8444614209320092	GSE56140_cirr
ALDH8A1	GBA3	0.814514896867838	GSE56140_cirr
AMBP	GBA3	0.8533231474407945	GSE56140_cirr
AVPI1	GBA3	0.8331550802139037	GSE56140_cirr
CAT	GBA3	0.8997708174178762	GSE56140_cirr
COL4A2	GBA3	-0.8053475935828877	GSE56140_cirr
DKFZp761P0423	GBA3	-0.8340718105423988	GSE56140_cirr
DMGDH	GBA3	0.8511841100076394	GSE56140_cirr
EHHADH	GBA3	0.8710466004583651	GSE56140_cirr
ESR1	GBA3	0.8646294881589	GSE56140_cirr
FAM127A	GBA3	-0.8411000763941939	GSE56140_cirr
C1QTNF5	GBE1	-0.8032085561497326	GSE56140_cirr
CDO1	GBE1	0.8105423987776929	GSE56140_cirr
ADFP	GBP1	0.8032085561497326	GSE56140_cirr
COQ10A	GBP2	-0.8105423987776929	GSE56140_cirr
ACADSB	GCDH	0.8206264323911382	GSE56140_cirr
ALDH2	GCDH	0.8478227654698243	GSE56140_cirr
ALDH8A1	GCDH	0.8334606569900688	GSE56140_cirr
APOF	GCDH	0.8383498854087089	GSE56140_cirr
CYP1A2	GCDH	0.870435446906035	GSE56140_cirr
CYP2C9	GCDH	0.8368220015278839	GSE56140_cirr
FIT1	GCDH	0.8261268143621084	GSE56140_cirr
GBA3	GCDH	0.812987012987013	GSE56140_cirr
C7orf55	GCHFR	0.8411000763941939	GSE56140_cirr
CYP4F12	GCHFR	0.8010695187165775	GSE56140_cirr
ALDH8A1	GCKR	0.8359052711993887	GSE56140_cirr
ANXA2	GCKR	-0.8038197097020626	GSE56140_cirr
ASS1	GCKR	0.8120702826585179	GSE56140_cirr
CD24	GCKR	-0.8481283422459893	GSE56140_cirr
GCDH	GCKR	0.8276546982429335	GSE56140_cirr
CCL2	GEM	0.8572956455309396	GSE56140_cirr
AIG1	GGH	0.8802139037433154	GSE56140_cirr
APOH	GGH	0.9291061879297173	GSE56140_cirr
C9	GGH	0.8056531703590526	GSE56140_cirr
CDO1	GGH	0.815431627196333	GSE56140_cirr
CKS2	GGH	0.8117647058823529	GSE56140_cirr
CLEC11A	GGH	-0.9061879297173414	GSE56140_cirr
COL6A1	GGH	-0.8450725744843391	GSE56140_cirr
EMILIN1	GGH	-0.8316271963330787	GSE56140_cirr
FGB	GGH	0.8383498854087089	GSE56140_cirr
FH	GGH	0.8062643239113827	GSE56140_cirr
ACAT1	GHR	0.8297937356760885	GSE56140_cirr
ACSL1	GHR	0.8374331550802139	GSE56140_cirr
AMBP	GHR	0.8285714285714286	GSE56140_cirr
APOA1	GHR	0.8068754774637127	GSE56140_cirr
C1QTNF5	GHR	-0.812987012987013	GSE56140_cirr
CA5A	GHR	0.8105423987776929	GSE56140_cirr
CAT	GHR	0.8768525592055003	GSE56140_cirr
DKFZp761P0423	GHR	-0.8218487394957983	GSE56140_cirr
EVI1	GHR	-0.8649350649350648	GSE56140_cirr
F7	GHR	0.869824293353705	GSE56140_cirr
GADD45G	GHR	0.8056531703590526	GSE56140_cirr
GBA3	GHR	0.8285714285714286	GSE56140_cirr
ARHGEF6	GIMAP4	0.8010695187165775	GSE56140_cirr
CCL5	GIMAP4	0.8432391138273491	GSE56140_cirr
CD247	GIMAP4	0.8560733384262795	GSE56140_cirr
CYBA	GIMAP4	0.8105423987776929	GSE56140_cirr
FGL2	GIMAP4	0.8313216195569136	GSE56140_cirr
CYP3A5	GJA4	-0.9019098548510313	GSE56140_cirr
A1CF	GJB1	0.8252100840336134	GSE56140_cirr
AKR1CL1	GJB1	0.8285714285714286	GSE56140_cirr
AZGP1	GJB1	0.8093200916730328	GSE56140_cirr
C7orf55	GJB1	0.8447669977081741	GSE56140_cirr
CMTM8	GJB1	0.8527119938884644	GSE56140_cirr
EXOSC4	GJB1	0.8194041252864781	GSE56140_cirr
FGD3	GJB1	-0.8475171886936592	GSE56140_cirr
CFHR2	GJB2	0.8331550802139037	GSE56140_cirr
ADFP	GK	0.8435446906035141	GSE56140_cirr
BRP44L	GK	0.8646294881589	GSE56140_cirr
ALOX5AP	GLIPR2	0.86401833460657	GSE56140_cirr
ANXA1	GLIPR2	0.8371275783040488	GSE56140_cirr
ARHGDIB	GLIPR2	0.8059587471352176	GSE56140_cirr
CD2	GLIPR2	0.87012987012987	GSE56140_cirr
CD96	GLIPR2	0.8172650878533231	GSE56140_cirr
ADH4	GLUD1	0.8499618029029793	GSE56140_cirr
ACOX2	GLYAT	0.8035141329258977	GSE56140_cirr
ALDH8A1	GLYAT	0.8004583651642474	GSE56140_cirr
C10orf65	GLYAT	0.8053475935828877	GSE56140_cirr
C1orf225	GLYAT	-0.8181818181818182	GSE56140_cirr
COQ10A	GLYAT	0.8319327731092436	GSE56140_cirr
CRYL1	GLYAT	0.8976317799847211	GSE56140_cirr
DAO	GLYAT	0.8013750954927426	GSE56140_cirr
ENO3	GLYAT	0.8215431627196332	GSE56140_cirr
GCKR	GLYAT	0.8019862490450725	GSE56140_cirr
ANXA2	GLYATL1	-0.8035141329258977	GSE56140_cirr
C1orf225	GLYATL1	-0.815431627196333	GSE56140_cirr
FETUB	GLYATL1	0.8139037433155081	GSE56140_cirr
AGXT	GLYCTK	0.8352941176470587	GSE56140_cirr
ETNK2	GLYCTK	0.8111535523300228	GSE56140_cirr
ALDH5A1	GNE	0.8264323911382735	GSE56140_cirr
ALDH6A1	GNE	0.8631016042780748	GSE56140_cirr
AMBP	GNE	0.8029029793735676	GSE56140_cirr
ESR1	GNE	0.8090145148968678	GSE56140_cirr
F7	GNE	0.8459893048128342	GSE56140_cirr
FAM127A	GNE	-0.8050420168067226	GSE56140_cirr
GHR	GNE	0.8206264323911382	GSE56140_cirr
GLS2	GNMT	0.8007639419404124	GSE56140_cirr
APOA1BP	GPAA1	0.8102368220015278	GSE56140_cirr
CYC1	GPAA1	0.8304048892284186	GSE56140_cirr
EPHX1	GPAA1	0.8368220015278839	GSE56140_cirr
C1orf225	GPC4	0.8285714285714286	GSE56140_cirr
CYBRD1	GPC4	0.8025974025974025	GSE56140_cirr
DHRS4	GPC4	-0.8609625668449197	GSE56140_cirr
DHRS4L2	GPC4	-0.8591291061879297	GSE56140_cirr
AMT	GPER	0.8368220015278839	GSE56140_cirr
ANXA5	GPER	-0.8637127578304049	GSE56140_cirr
COQ10A	GPER	0.8080977845683728	GSE56140_cirr
CPD	GPER	-0.8304048892284186	GSE56140_cirr
CYP4F12	GPER	0.8475171886936592	GSE56140_cirr
CD24	GPR126	-0.8032085561497326	GSE56140_cirr
CUX2	GPR126	0.86829640947288	GSE56140_cirr
GADD45G	GPR128	0.8178762414056532	GSE56140_cirr
ALDH5A1	GPR172A	-0.8056531703590526	GSE56140_cirr
CRIP2	GPR172A	0.8285714285714286	GSE56140_cirr
ENO1	GPR172A	0.8212375859434682	GSE56140_cirr
GADD45A	GPR172A	-0.8282658517952636	GSE56140_cirr
GPR128	GPR172A	-0.8139037433155081	GSE56140_cirr
ALDH2	GPR56	-0.8041252864782277	GSE56140_cirr
CHST4	GPR56	0.8233766233766234	GSE56140_cirr
FXYD2	GPR56	0.814820473644003	GSE56140_cirr
C7orf10	GPR98	0.8099312452253628	GSE56140_cirr
CTNNBL1	GPT	0.8453781512605041	GSE56140_cirr
AMT	GPX3	-0.8029029793735676	GSE56140_cirr
DCXR	GRHPR	0.8719633307868602	GSE56140_cirr
CAMK2N1	GRINA	0.8603514132925897	GSE56140_cirr
CMTM8	GRINA	0.8114591291061879	GSE56140_cirr
EPHX1	GRINA	0.8548510313216194	GSE56140_cirr
ACOX2	GSTA1	0.8077922077922078	GSE56140_cirr
ALDH8A1	GSTA1	0.8355996944232238	GSE56140_cirr
CYP3A43	GSTA1	0.8139037433155081	GSE56140_cirr
DBH	GSTA2	0.8288770053475936	GSE56140_cirr
GSTM1	GSTM2	0.9569136745607333	GSE56140_cirr
ADAMTSL2	GSTP1	0.8722689075630252	GSE56140_cirr
ADCY3	GSTP1	0.8649350649350648	GSE56140_cirr
AEBP1	GSTP1	0.8371275783040488	GSE56140_cirr
AKR1B1	GSTP1	0.8252100840336134	GSE56140_cirr
ALOX5AP	GSTP1	0.8368220015278839	GSE56140_cirr
ARHGEF2	GSTP1	0.8609625668449197	GSE56140_cirr
ASNS	GSTP1	0.8258212375859434	GSE56140_cirr
BGN	GSTP1	0.8811306340718105	GSE56140_cirr
BHLHB5	GSTP1	0.8456837280366691	GSE56140_cirr
C1orf106	GSTP1	0.8300993124522535	GSE56140_cirr
C1orf198	GSTP1	0.8621848739495798	GSE56140_cirr
C7orf23	GSTP1	0.8475171886936592	GSE56140_cirr
CCDC146	GSTP1	0.9025210084033612	GSE56140_cirr
CCDC3	GSTP1	0.8713521772345301	GSE56140_cirr
CD6	GSTP1	0.8288770053475936	GSE56140_cirr
CFTR	GSTP1	0.8548510313216194	GSE56140_cirr
CHST4	GSTP1	0.8359052711993887	GSE56140_cirr
CLDN10	GSTP1	0.8203208556149731	GSE56140_cirr
CLIC6	GSTP1	0.8710466004583651	GSE56140_cirr
CLIP3	GSTP1	0.8530175706646295	GSE56140_cirr
COL16A1	GSTP1	0.8007639419404124	GSE56140_cirr
COL1A2	GSTP1	0.8056531703590526	GSE56140_cirr
CTSK	GSTP1	0.8588235294117648	GSE56140_cirr
CXCL12	GSTP1	0.8762414056531703	GSE56140_cirr
CYBA	GSTP1	0.8120702826585179	GSE56140_cirr
DKFZP564O0823	GSTP1	0.8337662337662338	GSE56140_cirr
DPYSL2	GSTP1	0.8728800611153552	GSE56140_cirr
DPYSL3	GSTP1	0.815737203972498	GSE56140_cirr
EFEMP1	GSTP1	0.8359052711993887	GSE56140_cirr
EFEMP2	GSTP1	0.8359052711993887	GSE56140_cirr
ENO2	GSTP1	0.8624904507257448	GSE56140_cirr
FAM171A1	GSTP1	0.8319327731092436	GSE56140_cirr
FLJ20160	GSTP1	0.8019862490450725	GSE56140_cirr
FLJ35258	GSTP1	0.8572956455309396	GSE56140_cirr
FXYD2	GSTP1	0.8264323911382735	GSE56140_cirr
ARHGDIB	GZMA	0.8349885408708937	GSE56140_cirr
CD8A	GZMA	0.8368220015278839	GSE56140_cirr
GZMA	GZMH	0.8019862490450725	GSE56140_cirr
ALOX5AP	GZMK	0.8117647058823529	GSE56140_cirr
ARHGDIB	GZMK	0.8942704354469061	GSE56140_cirr
ARHGEF6	GZMK	0.8184873949579832	GSE56140_cirr
CD2	GZMK	0.8750190985485102	GSE56140_cirr
CD96	GZMK	0.813292589763178	GSE56140_cirr
DOCK2	GZMK	0.8001527883880825	GSE56140_cirr
GLIPR2	GZMK	0.8478227654698243	GSE56140_cirr
GPR56	H2AFY2	0.8123758594346829	GSE56140_cirr
CYP4F22	HABP2	0.8068754774637127	GSE56140_cirr
DAK	HABP2	0.8557677616501145	GSE56140_cirr
DKFZp761P0423	HADH	-0.8438502673796792	GSE56140_cirr
AMICA1	HAGH	-0.8090145148968678	GSE56140_cirr
ASNS	HAGH	-0.813598166539343	GSE56140_cirr
COQ10A	HAGH	0.8065699006875477	GSE56140_cirr
EBP	HAGH	0.8814362108479755	GSE56140_cirr
C4BPB	HAL	0.8099312452253628	GSE56140_cirr
C6	HAL	0.8032085561497326	GSE56140_cirr
CTH	HAL	0.8786860198624904	GSE56140_cirr
GOT1	HAL	0.8013750954927426	GSE56140_cirr
ACADM	HAO1	0.8835752482811307	GSE56140_cirr
ACSL1	HAO1	0.8038197097020626	GSE56140_cirr
ADH4	HAO1	0.8038197097020626	GSE56140_cirr
ALDH5A1	HAO1	0.8123758594346829	GSE56140_cirr
AMBP	HAO1	0.8166539343009931	GSE56140_cirr
APOH	HAO1	0.8759358288770053	GSE56140_cirr
C1QTNF5	HAO1	-0.8352941176470587	GSE56140_cirr
C4BPB	HAO1	0.814820473644003	GSE56140_cirr
CAT	HAO1	0.8906035141329258	GSE56140_cirr
CDO1	HAO1	0.8805194805194805	GSE56140_cirr
CLEC11A	HAO1	-0.8194041252864781	GSE56140_cirr
CTH	HAO1	0.8609625668449197	GSE56140_cirr
CYP2C9	HAO1	0.8123758594346829	GSE56140_cirr
DMGDH	HAO1	0.8310160427807486	GSE56140_cirr
EHHADH	HAO1	0.8111535523300228	GSE56140_cirr
FAM127A	HAO1	-0.8206264323911382	GSE56140_cirr
FH	HAO1	0.8175706646294881	GSE56140_cirr
G6PD	HAO1	-0.8090145148968678	GSE56140_cirr
GADD45G	HAO1	0.8105423987776929	GSE56140_cirr
GBA3	HAO1	0.8780748663101604	GSE56140_cirr
GBE1	HAO1	0.8102368220015278	GSE56140_cirr
GHR	HAO1	0.8435446906035141	GSE56140_cirr
ACADSB	HAO2	0.8588235294117648	GSE56140_cirr
ADH4	HAO2	0.813292589763178	GSE56140_cirr
AKR1D1	HAO2	0.8102368220015278	GSE56140_cirr
ALDH2	HAO2	0.8841864018334606	GSE56140_cirr
ALDH8A1	HAO2	0.9281894576012223	GSE56140_cirr
AMBP	HAO2	0.8080977845683728	GSE56140_cirr
ANXA2	HAO2	-0.8025974025974025	GSE56140_cirr
ASS1	HAO2	0.8059587471352176	GSE56140_cirr
C1orf225	HAO2	-0.8649350649350648	GSE56140_cirr
CAT	HAO2	0.8539343009931245	GSE56140_cirr
CD24	HAO2	-0.812681436210848	GSE56140_cirr
CYP1A2	HAO2	0.8187929717341482	GSE56140_cirr
FAM127A	HAO2	-0.8065699006875477	GSE56140_cirr
FETUB	HAO2	0.8536287242169596	GSE56140_cirr
FIT1	HAO2	0.8218487394957983	GSE56140_cirr
GBA3	HAO2	0.8166539343009931	GSE56140_cirr
GCDH	HAO2	0.8300993124522535	GSE56140_cirr
GCKR	HAO2	0.8823529411764706	GSE56140_cirr
GLYAT	HAO2	0.816348357524828	GSE56140_cirr
HBA2	HBB	0.8765469824293353	GSE56140_cirr
AKR1B1	HCLS1	0.8172650878533231	GSE56140_cirr
ARHGEF2	HCLS1	0.8780748663101604	GSE56140_cirr
CCDC3	HCLS1	0.8224598930481283	GSE56140_cirr
CFTR	HCLS1	0.8087089381207029	GSE56140_cirr
DKFZp761P0423	HCLS1	0.8169595110771581	GSE56140_cirr
DPYSL2	HCLS1	0.8123758594346829	GSE56140_cirr
GSTP1	HCLS1	0.8252100840336134	GSE56140_cirr
CCL5	HCST	0.8505729564553093	GSE56140_cirr
CD2	HCST	0.8169595110771581	GSE56140_cirr
CD8A	HCST	0.8737967914438503	GSE56140_cirr
CKS1B	HCST	-0.8184873949579832	GSE56140_cirr
CORO1A	HCST	0.8508785332314743	GSE56140_cirr
FAM171A1	HCST	0.8007639419404124	GSE56140_cirr
GZMA	HCST	0.8459893048128342	GSE56140_cirr
AQP11	HEBP1	0.8212375859434682	GSE56140_cirr
CMPK2	HERC6	0.8615737203972498	GSE56140_cirr
HERC5	HERC6	0.8022918258212376	GSE56140_cirr
COL5A1	HES4	0.8013750954927426	GSE56140_cirr
ADAMTSL2	HEYL	0.8297937356760885	GSE56140_cirr
ADCY3	HEYL	0.8713521772345301	GSE56140_cirr
AEBP1	HEYL	0.8655462184873949	GSE56140_cirr
BGN	HEYL	0.8022918258212376	GSE56140_cirr
C1orf198	HEYL	0.8609625668449197	GSE56140_cirr
CCDC146	HEYL	0.8371275783040488	GSE56140_cirr
CCDC3	HEYL	0.8016806722689075	GSE56140_cirr
CD248	HEYL	0.8029029793735676	GSE56140_cirr
CDR2L	HEYL	0.8258212375859434	GSE56140_cirr
CHST4	HEYL	0.8524064171122995	GSE56140_cirr
CLDN10	HEYL	0.8071810542398777	GSE56140_cirr
CLIC6	HEYL	0.8499618029029793	GSE56140_cirr
COL16A1	HEYL	0.8658517952635599	GSE56140_cirr
COL1A1	HEYL	0.8001527883880825	GSE56140_cirr
COL1A2	HEYL	0.8120702826585179	GSE56140_cirr
COL5A1	HEYL	0.8007639419404124	GSE56140_cirr
COL6A3	HEYL	0.8429335370511841	GSE56140_cirr
CXCL6	HEYL	0.813292589763178	GSE56140_cirr
DPYSL2	HEYL	0.8233766233766234	GSE56140_cirr
DPYSL3	HEYL	0.8395721925133689	GSE56140_cirr
FBLN5	HEYL	0.8117647058823529	GSE56140_cirr
FNDC1	HEYL	0.8511841100076394	GSE56140_cirr
GPC4	HEYL	0.816348357524828	GSE56140_cirr
GSTP1	HEYL	0.814514896867838	GSE56140_cirr
ALOX5AP	HFE2	-0.8215431627196332	GSE56140_cirr
ANXA1	HFE2	-0.8441558441558442	GSE56140_cirr
FAM171A1	HFE2	-0.814209320091673	GSE56140_cirr
HAGH	HFE2	0.8429335370511841	GSE56140_cirr
ABCB4	HIST1H1C	0.8062643239113827	GSE56140_cirr
ACSL1	HIST1H1C	0.8374331550802139	GSE56140_cirr
HIST1H2BK	HIST2H2AA3	0.8294881588999234	GSE56140_cirr
HIST2H2AA3	HIST2H2AC	0.9431627196333078	GSE56140_cirr
HBA2	HK3	0.8108479755538578	GSE56140_cirr
BAIAP2L2	HKDC1	0.87012987012987	GSE56140_cirr
ARHGEF2	HLA-DMA	0.8239877769289534	GSE56140_cirr
CD6	HLA-DMA	0.8255156608097783	GSE56140_cirr
DOCK2	HLA-DMA	0.8499618029029793	GSE56140_cirr
FER1L3	HLA-DMA	0.8242933537051185	GSE56140_cirr
ALOX5AP	HLA-DOA	0.814820473644003	GSE56140_cirr
CD2	HLA-DOA	0.8297937356760885	GSE56140_cirr
CD96	HLA-DOA	0.8187929717341482	GSE56140_cirr
COL6A3	HLA-DOA	0.8224598930481283	GSE56140_cirr
AMICA1	HLA-DPA1	0.8621848739495798	GSE56140_cirr
ASNS	HLA-DPA1	0.8359052711993887	GSE56140_cirr
BHLHB5	HLA-DPA1	0.8252100840336134	GSE56140_cirr
FCN1	HLA-DPA1	0.8029029793735676	GSE56140_cirr
FLJ22662	HLA-DPA1	0.8352941176470587	GSE56140_cirr
GSTP1	HLA-DPA1	0.814209320091673	GSE56140_cirr
HLA-DOA	HLA-DPA1	0.8349885408708937	GSE56140_cirr
HLA-DRB1	HLA-DRB5	0.8426279602750191	GSE56140_cirr
HERC6	HLA-F	0.8001527883880825	GSE56140_cirr
ACSL1	HLF	0.8050420168067226	GSE56140_cirr
F9	HLF	0.8007639419404124	GSE56140_cirr
GNPDA1	HLF	-0.8267379679144384	GSE56140_cirr
HMGCR	HMGCS1	0.8527119938884644	GSE56140_cirr
AKR1CL1	HMGN1	-0.8679908326967151	GSE56140_cirr
FXYD6	HOMER2	0.8077922077922078	GSE56140_cirr
C9	HP	0.8615737203972498	GSE56140_cirr
FGB	HP	0.8319327731092436	GSE56140_cirr
BHMT2	HPGD	0.8594346829640948	GSE56140_cirr
C1orf198	HPGD	-0.8068754774637127	GSE56140_cirr
CYP3A5	HRCT1	-0.8080977845683728	GSE56140_cirr
GJA4	HRCT1	0.8215431627196332	GSE56140_cirr
ANXA2	HRSP12	-0.814514896867838	GSE56140_cirr
C1orf225	HRSP12	-0.8105423987776929	GSE56140_cirr
CAT	HRSP12	0.8117647058823529	GSE56140_cirr
ALDH5A1	HSD11B1	0.8004583651642474	GSE56140_cirr
CAMK2N1	HSD17B14	0.8249045072574483	GSE56140_cirr
ACAA2	HSD17B4	0.8545454545454546	GSE56140_cirr
ACSL1	HSD17B4	0.8102368220015278	GSE56140_cirr
DECR1	HSD17B4	0.8316271963330787	GSE56140_cirr
HIST1H1C	HSD17B4	0.814514896867838	GSE56140_cirr
ADH4	HSD17B6	0.8056531703590526	GSE56140_cirr
ALDH2	HSD17B6	0.8395721925133689	GSE56140_cirr
CAT	HSD17B6	0.9009931245225362	GSE56140_cirr
DKFZp761P0423	HSD17B6	-0.8444614209320092	GSE56140_cirr
DMGDH	HSD17B6	0.839877769289534	GSE56140_cirr
FAM127A	HSD17B6	-0.8789915966386554	GSE56140_cirr
FETUB	HSD17B6	0.8096256684491978	GSE56140_cirr
GBA3	HSD17B6	0.8294881588999234	GSE56140_cirr
HADH	HSD17B6	0.8071810542398777	GSE56140_cirr
HAO1	HSD17B6	0.8077922077922078	GSE56140_cirr
HAO2	HSD17B6	0.8279602750190985	GSE56140_cirr
HRSP12	HSD17B6	0.8065699006875477	GSE56140_cirr
ALDH6A1	HSP90AB1	-0.8404889228418639	GSE56140_cirr
ENO1	HSP90AB1	0.8114591291061879	GSE56140_cirr
ESR1	HSP90AB1	-0.8044308632543926	GSE56140_cirr
FAM127A	HSP90AB1	0.8334606569900688	GSE56140_cirr
APLNR	HSPA1A	-0.814209320091673	GSE56140_cirr
GOT2	HSPB1	-0.8294881588999234	GSE56140_cirr
AEBP1	HSPB6	0.8664629488158899	GSE56140_cirr
AIG1	HSPB6	-0.8566844919786095	GSE56140_cirr
BGN	HSPB6	0.8349885408708937	GSE56140_cirr
CCDC3	HSPB6	0.8331550802139037	GSE56140_cirr
CHST4	HSPB6	0.8212375859434682	GSE56140_cirr
CLEC11A	HSPB6	0.8600458365164246	GSE56140_cirr
COL6A1	HSPB6	0.9318563789152023	GSE56140_cirr
CRYAB	HSPB6	0.8450725744843391	GSE56140_cirr
CXCL12	HSPB6	0.8563789152024446	GSE56140_cirr
DCI	HSPB6	-0.8380443086325439	GSE56140_cirr
EMILIN1	HSPB6	0.9147440794499618	GSE56140_cirr
FSTL3	HSPB6	0.8365164247517188	GSE56140_cirr
FXYD2	HSPB6	0.8047364400305576	GSE56140_cirr
GGH	HSPB6	-0.8068754774637127	GSE56140_cirr
HSD17B6	HSPB6	-0.8050420168067226	GSE56140_cirr
AXIN2	ID3	0.8209320091673032	GSE56140_cirr
BHMT2	IER3	-0.8300993124522535	GSE56140_cirr
CCL2	IER3	0.8652406417112298	GSE56140_cirr
GEM	IER3	0.8365164247517188	GSE56140_cirr
HPGD	IER3	-0.8218487394957983	GSE56140_cirr
EPHX1	IFI16	-0.8111535523300228	GSE56140_cirr
GPAA1	IFI16	-0.8762414056531703	GSE56140_cirr
HERC6	IFI44	0.8615737203972498	GSE56140_cirr
HLA-F	IFI44	0.8099312452253628	GSE56140_cirr
CMPK2	IFIT1	0.8854087089381206	GSE56140_cirr
DDX60	IFIT1	0.8462948815889991	GSE56140_cirr
HERC5	IFIT1	0.8258212375859434	GSE56140_cirr
HERC6	IFIT1	0.867379679144385	GSE56140_cirr
IFI44	IFIT1	0.8863254392666157	GSE56140_cirr
CMPK2	IFIT2	0.8111535523300228	GSE56140_cirr
DDX60	IFIT2	0.8811306340718105	GSE56140_cirr
IFIT1	IFIT2	0.8194041252864781	GSE56140_cirr
CMPK2	IFIT3	0.9089381207028265	GSE56140_cirr
DDX60	IFIT3	0.9006875477463712	GSE56140_cirr
IFIT1	IFIT3	0.8652406417112298	GSE56140_cirr
IFIT2	IFIT3	0.838655462184874	GSE56140_cirr
HERC6	IFITM1	0.8591291061879297	GSE56140_cirr
ALDH2	IGF2BP2	-0.8484339190221544	GSE56140_cirr
ALDH6A1	IGF2BP2	-0.814820473644003	GSE56140_cirr
AMBP	IGF2BP2	-0.86401833460657	GSE56140_cirr
CAT	IGF2BP2	-0.8340718105423988	GSE56140_cirr
CLDN7	IGF2BP2	0.8521008403361344	GSE56140_cirr
CYP1A2	IGF2BP2	-0.8084033613445378	GSE56140_cirr
ESR1	IGF2BP2	-0.8631016042780748	GSE56140_cirr
FAM127A	IGF2BP2	0.8282658517952636	GSE56140_cirr
FIT1	IGF2BP2	-0.8285714285714286	GSE56140_cirr
GPR56	IGF2BP2	0.8001527883880825	GSE56140_cirr
HAO2	IGF2BP2	-0.814514896867838	GSE56140_cirr
HSD17B6	IGF2BP2	-0.8184873949579832	GSE56140_cirr
HSP90AB1	IGF2BP2	0.8270435446906035	GSE56140_cirr
CAT	IGFALS	0.8025974025974025	GSE56140_cirr
CFHR1	IGFBP1	0.8582123758594347	GSE56140_cirr
G6PC	IGFBP1	0.8542398777692896	GSE56140_cirr
GADD45A	IGFBP1	0.8114591291061879	GSE56140_cirr
ADAMTSL2	IGFBP6	0.8080977845683728	GSE56140_cirr
ADCY3	IGFBP6	0.8022918258212376	GSE56140_cirr
C16orf30	IGFBP6	0.8481283422459893	GSE56140_cirr
C1orf198	IGFBP6	0.8218487394957983	GSE56140_cirr
CCDC3	IGFBP6	0.840794499618029	GSE56140_cirr
DPYSL3	IGFBP6	0.8209320091673032	GSE56140_cirr
ADAMTSL2	IGFBP7	0.8603514132925897	GSE56140_cirr
ADCY3	IGFBP7	0.8631016042780748	GSE56140_cirr
AEBP1	IGFBP7	0.9080213903743315	GSE56140_cirr
ARHGEF2	IGFBP7	0.8071810542398777	GSE56140_cirr
BGN	IGFBP7	0.8896867838044309	GSE56140_cirr
C1orf106	IGFBP7	0.8029029793735676	GSE56140_cirr
C1orf198	IGFBP7	0.8976317799847211	GSE56140_cirr
CCDC146	IGFBP7	0.8527119938884644	GSE56140_cirr
CCDC3	IGFBP7	0.8857142857142857	GSE56140_cirr
CD248	IGFBP7	0.8062643239113827	GSE56140_cirr
CFTR	IGFBP7	0.8172650878533231	GSE56140_cirr
CHST4	IGFBP7	0.8355996944232238	GSE56140_cirr
CLIC6	IGFBP7	0.8979373567608862	GSE56140_cirr
CLIP3	IGFBP7	0.8032085561497326	GSE56140_cirr
COL16A1	IGFBP7	0.8661573720397249	GSE56140_cirr
COL1A1	IGFBP7	0.8462948815889991	GSE56140_cirr
COL1A2	IGFBP7	0.8737967914438503	GSE56140_cirr
COL5A1	IGFBP7	0.8383498854087089	GSE56140_cirr
COL6A1	IGFBP7	0.8249045072574483	GSE56140_cirr
CRYAB	IGFBP7	0.816348357524828	GSE56140_cirr
CTSK	IGFBP7	0.8453781512605041	GSE56140_cirr
CXCL12	IGFBP7	0.8472116119174943	GSE56140_cirr
DKFZp761P0423	IGFBP7	0.8038197097020626	GSE56140_cirr
DPYSL2	IGFBP7	0.8294881588999234	GSE56140_cirr
DPYSL3	IGFBP7	0.8588235294117648	GSE56140_cirr
EFEMP1	IGFBP7	0.8346829640947286	GSE56140_cirr
EFEMP2	IGFBP7	0.8184873949579832	GSE56140_cirr
EMILIN1	IGFBP7	0.8337662337662338	GSE56140_cirr
FBLN5	IGFBP7	0.8096256684491978	GSE56140_cirr
FLJ35258	IGFBP7	0.816042780748663	GSE56140_cirr
FSTL3	IGFBP7	0.8334606569900688	GSE56140_cirr
GSTP1	IGFBP7	0.8609625668449197	GSE56140_cirr
HEYL	IGFBP7	0.8438502673796792	GSE56140_cirr
HSPB6	IGFBP7	0.8215431627196332	GSE56140_cirr
IGFBP6	IGFBP7	0.8242933537051185	GSE56140_cirr
CCDC109B	IGJ	0.8010695187165775	GSE56140_cirr
AFP	IGLL1	-0.8007639419404124	GSE56140_cirr
CAMK1G	IGLL1	0.8777692895339954	GSE56140_cirr
CRKRS	IGLL1	0.8796027501909855	GSE56140_cirr
HLA-DOA	IL7R	0.8084033613445378	GSE56140_cirr
ABCB4	INHBE	0.8627960275019099	GSE56140_cirr
ABHD6	INHBE	0.8105423987776929	GSE56140_cirr
ACAA2	INHBE	0.8062643239113827	GSE56140_cirr
HSD17B4	INHBE	0.814209320091673	GSE56140_cirr
C7	INMT	0.8961038961038961	GSE56140_cirr
C7orf55	INMT	-0.8325439266615737	GSE56140_cirr
FBLN5	INMT	0.8796027501909855	GSE56140_cirr
C9orf152	INSIG1	-0.8304048892284186	GSE56140_cirr
AIG1	IQGAP2	0.8059587471352176	GSE56140_cirr
BGN	IQGAP2	-0.8221543162719633	GSE56140_cirr
CFI	IQGAP2	0.8346829640947286	GSE56140_cirr
CAPN5	IRS1	0.8087089381207029	GSE56140_cirr
COQ10A	IRS1	0.8166539343009931	GSE56140_cirr
CRYL1	IRS1	0.8328495034377387	GSE56140_cirr
CMPK2	ISG15	0.8310160427807486	GSE56140_cirr
HERC5	ISG15	0.8411000763941939	GSE56140_cirr
HERC6	ISG15	0.8942704354469061	GSE56140_cirr
IFIT1	ISG15	0.8802139037433154	GSE56140_cirr
DHRS4	ITGAV	-0.8469060351413292	GSE56140_cirr
DHRS4L2	ITGAV	-0.8352941176470587	GSE56140_cirr
EPHX2	ITGAV	-0.8300993124522535	GSE56140_cirr
FIT1	ITGAV	-0.8080977845683728	GSE56140_cirr
GPC4	ITGAV	0.8643239113827349	GSE56140_cirr
AKR1B1	ITGB2	0.8319327731092436	GSE56140_cirr
ARHGEF2	ITGB2	0.8316271963330787	GSE56140_cirr
CCL5	ITGB2	0.8368220015278839	GSE56140_cirr
CD2	ITGB2	0.812681436210848	GSE56140_cirr
CSF1R	ITGB2	0.8649350649350648	GSE56140_cirr
CYBA	ITGB2	0.8979373567608862	GSE56140_cirr
DOCK2	ITGB2	0.814209320091673	GSE56140_cirr
GPBAR1	ITGB2	0.8038197097020626	GSE56140_cirr
HLA-DMA	ITGB2	0.8249045072574483	GSE56140_cirr
ALOX5AP	ITK	0.8429335370511841	GSE56140_cirr
CD2	ITK	0.8545454545454546	GSE56140_cirr
CD96	ITK	0.813292589763178	GSE56140_cirr
GLIPR2	ITK	0.8872421695951107	GSE56140_cirr
GZMK	ITK	0.8203208556149731	GSE56140_cirr
HLA-DOA	ITK	0.8588235294117648	GSE56140_cirr
ACSM2A	ITM2C	-0.8297937356760885	GSE56140_cirr
ARHGEF2	ITM2C	0.8114591291061879	GSE56140_cirr
GSTP1	ITM2C	0.8093200916730328	GSE56140_cirr
ADAMTSL2	ITPR3	0.866768525592055	GSE56140_cirr
ADCY3	ITPR3	0.8456837280366691	GSE56140_cirr
ARHGEF6	ITPR3	0.814820473644003	GSE56140_cirr
C7	ITPR3	0.8490450725744844	GSE56140_cirr
C7orf55	ITPR3	-0.8114591291061879	GSE56140_cirr
CLIP3	ITPR3	0.8337662337662338	GSE56140_cirr
COLEC11	ITPR3	0.814820473644003	GSE56140_cirr
CYBRD1	ITPR3	0.8105423987776929	GSE56140_cirr
DCN	ITPR3	0.87012987012987	GSE56140_cirr
FAM113B	ITPR3	0.8102368220015278	GSE56140_cirr
FGD3	ITPR3	0.8902979373567608	GSE56140_cirr
FLJ21438	ITPR3	0.840794499618029	GSE56140_cirr
GJB1	ITPR3	-0.8007639419404124	GSE56140_cirr
ABHD6	JMJD5	0.8722689075630252	GSE56140_cirr
CLEC3B	KDELR3	-0.8032085561497326	GSE56140_cirr
ASNS	KIAA0746	0.8166539343009931	GSE56140_cirr
CD6	KIAA0746	0.8343773873185638	GSE56140_cirr
CLIP3	KIAA0746	0.8432391138273491	GSE56140_cirr
DKFZP564O0823	KIAA0746	0.8032085561497326	GSE56140_cirr
FAM113B	KIAA0746	0.869824293353705	GSE56140_cirr
FLJ21438	KIAA0746	0.8025974025974025	GSE56140_cirr
GSTP1	KIAA0746	0.812987012987013	GSE56140_cirr
BHMT2	KIAA1324L	-0.8264323911382735	GSE56140_cirr
C1orf106	KIAA1324L	0.8252100840336134	GSE56140_cirr
C1orf198	KIAA1324L	0.8496562261268142	GSE56140_cirr
CCDC3	KIAA1324L	0.8175706646294881	GSE56140_cirr
CLIC6	KIAA1324L	0.8032085561497326	GSE56140_cirr
DPYSL3	KIAA1324L	0.8108479755538578	GSE56140_cirr
HPGD	KIAA1324L	-0.8566844919786095	GSE56140_cirr
IGFBP6	KIAA1324L	0.8450725744843391	GSE56140_cirr
IGFBP7	KIAA1324L	0.814514896867838	GSE56140_cirr
CRIP2	KIAA1949	0.8197097020626432	GSE56140_cirr
DKFZp761P0423	KIAA1949	0.8679908326967151	GSE56140_cirr
EMP3	KIAA1949	0.8716577540106951	GSE56140_cirr
CCNB2	KIF20A	0.8117647058823529	GSE56140_cirr
GEM	KLF15	-0.814209320091673	GSE56140_cirr
ACACB	KLKB1	0.8087089381207029	GSE56140_cirr
ACOX2	KLKB1	0.8071810542398777	GSE56140_cirr
CYP3A43	KLKB1	0.8221543162719633	GSE56140_cirr
DAO	KLKB1	0.8007639419404124	GSE56140_cirr
DNMT3L	KLKB1	0.8847975553857907	GSE56140_cirr
ADH4	KMO	0.8371275783040488	GSE56140_cirr
AHSG	KMO	0.8291825821237586	GSE56140_cirr
ALDH2	KMO	0.8322383498854087	GSE56140_cirr
ALDH5A1	KMO	0.8377387318563789	GSE56140_cirr
ALDH8A1	KMO	0.8102368220015278	GSE56140_cirr
AMBP	KMO	0.8334606569900688	GSE56140_cirr
CAT	KMO	0.8997708174178762	GSE56140_cirr
DMGDH	KMO	0.8469060351413292	GSE56140_cirr
EHHADH	KMO	0.8050420168067226	GSE56140_cirr
ESR1	KMO	0.8655462184873949	GSE56140_cirr
GBA3	KMO	0.8484339190221544	GSE56140_cirr
HAO2	KMO	0.8496562261268142	GSE56140_cirr
HSD17B6	KMO	0.8362108479755538	GSE56140_cirr
ASGR1	KNG1	0.8001527883880825	GSE56140_cirr
AEBP1	KRT19	0.8050420168067226	GSE56140_cirr
ANXA1	KRT19	0.9165775401069518	GSE56140_cirr
C1orf106	KRT19	0.8093200916730328	GSE56140_cirr
CRISPLD2	KRT19	0.895492742551566	GSE56140_cirr
AEBP1	KRT7	0.8536287242169596	GSE56140_cirr
AIG1	KRT7	-0.8166539343009931	GSE56140_cirr
BGN	KRT7	0.8521008403361344	GSE56140_cirr
C1orf106	KRT7	0.8285714285714286	GSE56140_cirr
C1orf198	KRT7	0.8282658517952636	GSE56140_cirr
CCDC3	KRT7	0.8264323911382735	GSE56140_cirr
CFI	KRT7	-0.8007639419404124	GSE56140_cirr
CFTR	KRT7	0.8041252864782277	GSE56140_cirr
CHST4	KRT7	0.8765469824293353	GSE56140_cirr
CLDN10	KRT7	0.8093200916730328	GSE56140_cirr
CLIC6	KRT7	0.8921313980137509	GSE56140_cirr
COL1A1	KRT7	0.8071810542398777	GSE56140_cirr
CRISPLD2	KRT7	0.8756302521008402	GSE56140_cirr
CRYAB	KRT7	0.839877769289534	GSE56140_cirr
CXCL12	KRT7	0.8010695187165775	GSE56140_cirr
CXCL6	KRT7	0.8255156608097783	GSE56140_cirr
DKFZp761P0423	KRT7	0.8065699006875477	GSE56140_cirr
DMGDH	KRT7	-0.8194041252864781	GSE56140_cirr
EMILIN1	KRT7	0.8068754774637127	GSE56140_cirr
FSTL3	KRT7	0.8099312452253628	GSE56140_cirr
FXYD2	KRT7	0.8371275783040488	GSE56140_cirr
GSTP1	KRT7	0.8022918258212376	GSE56140_cirr
HSPB6	KRT7	0.8340718105423988	GSE56140_cirr
IGFBP7	KRT7	0.8300993124522535	GSE56140_cirr
IQGAP2	KRT7	-0.8019862490450725	GSE56140_cirr
KRT19	KRT7	0.8585179526355997	GSE56140_cirr
ALDH7A1	KYNU	0.8493506493506494	GSE56140_cirr
BGN	KYNU	-0.8404889228418639	GSE56140_cirr
EMILIN1	KYNU	-0.8206264323911382	GSE56140_cirr
FXYD2	KYNU	-0.8007639419404124	GSE56140_cirr
GPBAR1	LACTB2	-0.8074866310160428	GSE56140_cirr
ADAMTSL2	LAMA2	0.8961038961038961	GSE56140_cirr
ADCY3	LAMA2	0.8921313980137509	GSE56140_cirr
AEBP1	LAMA2	0.8811306340718105	GSE56140_cirr
ARHGEF2	LAMA2	0.8099312452253628	GSE56140_cirr
BGN	LAMA2	0.8576012223071047	GSE56140_cirr
BHLHB5	LAMA2	0.8469060351413292	GSE56140_cirr
C1orf106	LAMA2	0.8187929717341482	GSE56140_cirr
C1orf198	LAMA2	0.950496562261268	GSE56140_cirr
CCDC146	LAMA2	0.9037433155080213	GSE56140_cirr
CCDC3	LAMA2	0.8786860198624904	GSE56140_cirr
CFTR	LAMA2	0.8322383498854087	GSE56140_cirr
CLIC6	LAMA2	0.8924369747899159	GSE56140_cirr
CLIP3	LAMA2	0.8866310160427807	GSE56140_cirr
COL16A1	LAMA2	0.8774637127578304	GSE56140_cirr
COL1A2	LAMA2	0.8490450725744844	GSE56140_cirr
COL5A1	LAMA2	0.8582123758594347	GSE56140_cirr
COLEC11	LAMA2	0.8349885408708937	GSE56140_cirr
COX7A1	LAMA2	0.8090145148968678	GSE56140_cirr
CTSK	LAMA2	0.8374331550802139	GSE56140_cirr
CXCL12	LAMA2	0.8203208556149731	GSE56140_cirr
DPYSL3	LAMA2	0.8887700534759359	GSE56140_cirr
EFEMP1	LAMA2	0.8823529411764706	GSE56140_cirr
EFEMP2	LAMA2	0.8239877769289534	GSE56140_cirr
FBLN5	LAMA2	0.8719633307868602	GSE56140_cirr
FLJ35258	LAMA2	0.8411000763941939	GSE56140_cirr
FSTL1	LAMA2	0.8337662337662338	GSE56140_cirr
GSTP1	LAMA2	0.8835752482811307	GSE56140_cirr
HEYL	LAMA2	0.8426279602750191	GSE56140_cirr
HPGD	LAMA2	-0.8249045072574483	GSE56140_cirr
IGFBP6	LAMA2	0.8499618029029793	GSE56140_cirr
IGFBP7	LAMA2	0.9193277310924369	GSE56140_cirr
KIAA1324L	LAMA2	0.8490450725744844	GSE56140_cirr
COL1A2	LAMC1	0.8016806722689075	GSE56140_cirr
DHRS4	LAMC1	-0.8459893048128342	GSE56140_cirr
DHRS4L2	LAMC1	-0.8466004583651642	GSE56140_cirr
EFEMP1	LAMC1	0.814514896867838	GSE56140_cirr
GPC4	LAMC1	0.8875477463712758	GSE56140_cirr
ITGAV	LAMC1	0.8197097020626432	GSE56140_cirr
ADAMTSL2	LAMC3	0.9419404125286478	GSE56140_cirr
ADCY3	LAMC3	0.8961038961038961	GSE56140_cirr
AEBP1	LAMC3	0.8621848739495798	GSE56140_cirr
BGN	LAMC3	0.8912146676852558	GSE56140_cirr
BHLHB5	LAMC3	0.812681436210848	GSE56140_cirr
C1orf106	LAMC3	0.8044308632543926	GSE56140_cirr
C1orf198	LAMC3	0.9067990832696714	GSE56140_cirr
CCDC146	LAMC3	0.8915202444614209	GSE56140_cirr
CCDC3	LAMC3	0.8178762414056532	GSE56140_cirr
CD248	LAMC3	0.816348357524828	GSE56140_cirr
CFTR	LAMC3	0.8288770053475936	GSE56140_cirr
CHST4	LAMC3	0.8569900687547746	GSE56140_cirr
CLDN10	LAMC3	0.8579067990832696	GSE56140_cirr
CLIC6	LAMC3	0.8991596638655462	GSE56140_cirr
CLIP3	LAMC3	0.8242933537051185	GSE56140_cirr
COL16A1	LAMC3	0.921466768525592	GSE56140_cirr
COL1A2	LAMC3	0.8560733384262795	GSE56140_cirr
COL3A1	LAMC3	0.8319327731092436	GSE56140_cirr
COL5A1	LAMC3	0.9074102368220015	GSE56140_cirr
DCDC2	LAMC3	0.8102368220015278	GSE56140_cirr
DPYSL3	LAMC3	0.8377387318563789	GSE56140_cirr
EFEMP1	LAMC3	0.8603514132925897	GSE56140_cirr
FBLN5	LAMC3	0.8774637127578304	GSE56140_cirr
FLJ20160	LAMC3	0.841711229946524	GSE56140_cirr
FLJ35258	LAMC3	0.893659281894576	GSE56140_cirr
FNDC1	LAMC3	0.815431627196333	GSE56140_cirr
FXYD2	LAMC3	0.8019862490450725	GSE56140_cirr
GSTP1	LAMC3	0.8542398777692896	GSE56140_cirr
HEYL	LAMC3	0.868601986249045	GSE56140_cirr
IGFBP7	LAMC3	0.8771581359816654	GSE56140_cirr
KIAA1324L	LAMC3	0.8056531703590526	GSE56140_cirr
LAMA2	LAMC3	0.922077922077922	GSE56140_cirr
GNPDA1	LAP3	-0.8019862490450725	GSE56140_cirr
ANXA2	LCAT	-0.8139037433155081	GSE56140_cirr
C1orf225	LCAT	-0.8291825821237586	GSE56140_cirr
CRYL1	LCAT	0.8300993124522535	GSE56140_cirr
FETUB	LCAT	0.8777692895339954	GSE56140_cirr
APOH	LDB2	-0.8297937356760885	GSE56140_cirr
C16orf30	LDB2	0.8190985485103133	GSE56140_cirr
C1QTNF5	LDB2	0.8521008403361344	GSE56140_cirr
CCDC3	LDB2	0.8102368220015278	GSE56140_cirr
CLEC11A	LDB2	0.8490450725744844	GSE56140_cirr
CRYAB	LDB2	0.8435446906035141	GSE56140_cirr
GGH	LDB2	-0.8010695187165775	GSE56140_cirr
HSPB6	LDB2	0.815737203972498	GSE56140_cirr
A1CF	LDHD	0.841405653170359	GSE56140_cirr
ACY1	LDHD	0.8340718105423988	GSE56140_cirr
AMY1C	LDHD	-0.8074866310160428	GSE56140_cirr
EPHX1	LDHD	0.840794499618029	GSE56140_cirr
FAT	LDHD	-0.815126050420168	GSE56140_cirr
GAMT	LDHD	0.8215431627196332	GSE56140_cirr
GLYCTK	LDHD	0.8441558441558442	GSE56140_cirr
AGMAT	LEPREL1	-0.8013750954927426	GSE56140_cirr
HERC6	LGALS3BP	0.8242933537051185	GSE56140_cirr
ISG15	LGALS3BP	0.8044308632543926	GSE56140_cirr
IL13RA2	LHFP	-0.8377387318563789	GSE56140_cirr
ADH4	LHPP	0.8053475935828877	GSE56140_cirr
AKR1D1	LHPP	0.8649350649350648	GSE56140_cirr
APOB	LHPP	0.814514896867838	GSE56140_cirr
DHRS1	LHPP	0.8166539343009931	GSE56140_cirr
GLUD1	LHPP	0.8307104660045835	GSE56140_cirr
HADH	LHPP	0.8285714285714286	GSE56140_cirr
LCAT	LHPP	0.8582123758594347	GSE56140_cirr
ANXA2	LIME1	-0.8255156608097783	GSE56140_cirr
C1orf225	LIME1	-0.8184873949579832	GSE56140_cirr
GPC4	LIME1	-0.8032085561497326	GSE56140_cirr
HRSP12	LIME1	0.8279602750190985	GSE56140_cirr
AQP12A	LINCR	-0.86401833460657	GSE56140_cirr
CRIP2	LINCR	0.8010695187165775	GSE56140_cirr
GPR172A	LINCR	0.8371275783040488	GSE56140_cirr
ALDH2	LIPC	0.8609625668449197	GSE56140_cirr
AMBP	LIPC	0.8444614209320092	GSE56140_cirr
DMGDH	LIPC	0.8090145148968678	GSE56140_cirr
ESR1	LIPC	0.8805194805194805	GSE56140_cirr
KMO	LIPC	0.8252100840336134	GSE56140_cirr
HIST1H1C	LIPG	0.8117647058823529	GSE56140_cirr
INHBE	LIPG	0.8019862490450725	GSE56140_cirr
ELF3	LMCD1	0.8007639419404124	GSE56140_cirr
EIF2C2	LMNA	0.8087089381207029	GSE56140_cirr
ANXA1	LOC130576	0.8362108479755538	GSE56140_cirr
ASNS	LOC145837	-0.8056531703590526	GSE56140_cirr
CRYL1	LOC145837	0.813598166539343	GSE56140_cirr
DPYS	LOC145837	0.8844919786096257	GSE56140_cirr
GLYAT	LOC145837	0.813598166539343	GSE56140_cirr
BGN	LOC285016	0.8261268143621084	GSE56140_cirr
CHST4	LOC285016	0.8786860198624904	GSE56140_cirr
CLDN10	LOC285016	0.8481283422459893	GSE56140_cirr
CLIC6	LOC285016	0.8080977845683728	GSE56140_cirr
EMILIN1	LOC285016	0.8355996944232238	GSE56140_cirr
FAM127A	LOC285016	0.814209320091673	GSE56140_cirr
FXYD2	LOC285016	0.8652406417112298	GSE56140_cirr
HEYL	LOC285016	0.8750190985485102	GSE56140_cirr
C13orf15	LOC285733	-0.8084033613445378	GSE56140_cirr
ACAT1	LOC387882	-0.8380443086325439	GSE56140_cirr
ALDH2	LOC387882	-0.8087089381207029	GSE56140_cirr
ALDH5A1	LOC387882	-0.8297937356760885	GSE56140_cirr
AMBP	LOC387882	-0.9483575248281131	GSE56140_cirr
APOA1	LOC387882	-0.8184873949579832	GSE56140_cirr
AQP12A	LOC387882	-0.8230710466004584	GSE56140_cirr
C1QTNF5	LOC387882	0.8456837280366691	GSE56140_cirr
C4BPB	LOC387882	-0.8065699006875477	GSE56140_cirr
C6	LOC387882	-0.8035141329258977	GSE56140_cirr
CAT	LOC387882	-0.8786860198624904	GSE56140_cirr
CFI	LOC387882	-0.8203208556149731	GSE56140_cirr
CRIP2	LOC387882	0.8096256684491978	GSE56140_cirr
CRYAB	LOC387882	0.8282658517952636	GSE56140_cirr
F7	LOC387882	-0.8258212375859434	GSE56140_cirr
FAM127A	LOC387882	0.8245989304812833	GSE56140_cirr
GADD45G	LOC387882	-0.839266615737204	GSE56140_cirr
GBA3	LOC387882	-0.8496562261268142	GSE56140_cirr
GHR	LOC387882	-0.8716577540106951	GSE56140_cirr
HAO1	LOC387882	-0.8478227654698243	GSE56140_cirr
HSD11B1	LOC387882	-0.8029029793735676	GSE56140_cirr
IGF2BP2	LOC387882	0.838961038961039	GSE56140_cirr
AKR1D1	LOC388503	0.8557677616501145	GSE56140_cirr
AMBP	LOC388503	0.8062643239113827	GSE56140_cirr
ANXA2	LOC388503	-0.8618792971734147	GSE56140_cirr
C1orf225	LOC388503	-0.8239877769289534	GSE56140_cirr
CLDN7	LOC388503	-0.8019862490450725	GSE56140_cirr
DHRS4	LOC388503	0.8050420168067226	GSE56140_cirr
FIT1	LOC388503	0.8692131398013752	GSE56140_cirr
FLJ20160	LOC388503	-0.8111535523300228	GSE56140_cirr
GPC4	LOC388503	-0.8194041252864781	GSE56140_cirr
HAO2	LOC388503	0.8080977845683728	GSE56140_cirr
HRSP12	LOC388503	0.8267379679144384	GSE56140_cirr
HSD17B6	LOC388503	0.8059587471352176	GSE56140_cirr
IGF2BP2	LOC388503	-0.8478227654698243	GSE56140_cirr
ITGAV	LOC388503	-0.8166539343009931	GSE56140_cirr
LCAT	LOC388503	0.8041252864782277	GSE56140_cirr
LHPP	LOC388503	0.8077922077922078	GSE56140_cirr
LIME1	LOC388503	0.8108479755538578	GSE56140_cirr
ALDH6A1	LOC388588	0.8230710466004584	GSE56140_cirr
APOF	LOC388588	0.86829640947288	GSE56140_cirr
CYP1A2	LOC388588	0.8835752482811307	GSE56140_cirr
ESR1	LOC388588	0.8404889228418639	GSE56140_cirr
FIT1	LOC388588	0.8221543162719633	GSE56140_cirr
GCDH	LOC388588	0.8420168067226891	GSE56140_cirr
HAO2	LOC388588	0.8090145148968678	GSE56140_cirr
KMO	LOC388588	0.8065699006875477	GSE56140_cirr
ENTPD5	LOC388654	-0.8313216195569136	GSE56140_cirr
CTPS	LOC388814	0.8001527883880825	GSE56140_cirr
ABCB4	LOC440055	-0.8233766233766234	GSE56140_cirr
FH	LOC440055	-0.8044308632543926	GSE56140_cirr
GHR	LOC440055	-0.8627960275019099	GSE56140_cirr
GPR172A	LOC440055	0.8169595110771581	GSE56140_cirr
HIST1H1C	LOC440055	-0.8206264323911382	GSE56140_cirr
C13orf15	LOC440359	0.8459893048128342	GSE56140_cirr
CSDA	LOC440359	0.9144385026737968	GSE56140_cirr
ACADS	LOC554235	0.8093200916730328	GSE56140_cirr
ACY1	LOC554235	0.8380443086325439	GSE56140_cirr
AZGP1	LOC554235	0.8194041252864781	GSE56140_cirr
DCXR	LOC554235	0.8209320091673032	GSE56140_cirr
GAMT	LOC554235	0.8166539343009931	GSE56140_cirr
GRHPR	LOC554235	0.8178762414056532	GSE56140_cirr
HDAC6	LOC554235	0.812681436210848	GSE56140_cirr
FXYD1	LOC643031	0.8472116119174943	GSE56140_cirr
LOC554235	LOC643031	0.8478227654698243	GSE56140_cirr
ECHS1	LOC644039	-0.8056531703590526	GSE56140_cirr
LDHD	LOC644039	-0.8056531703590526	GSE56140_cirr
LOC388654	LOC644039	0.8759358288770053	GSE56140_cirr
ACACB	LOC646723	-0.8560733384262795	GSE56140_cirr
IGLL1	LOC647450	0.8719633307868602	GSE56140_cirr
JSRP1	LOC647450	0.8340718105423988	GSE56140_cirr
LOC642113	LOC647450	0.897326203208556	GSE56140_cirr
LOC647450	LOC647460	0.8429335370511841	GSE56140_cirr
C10orf58	LOC647786	0.8059587471352176	GSE56140_cirr
DHX58	LOC648000	-0.8114591291061879	GSE56140_cirr
ECM1	LOC648000	-0.8328495034377387	GSE56140_cirr
LOC388654	LOC648000	0.8062643239113827	GSE56140_cirr
LOC644039	LOC648000	0.8288770053475936	GSE56140_cirr
IGLL1	LOC649923	0.8096256684491978	GSE56140_cirr
LOC642113	LOC649923	0.8741023682200153	GSE56140_cirr
LOC647450	LOC649923	0.8279602750190985	GSE56140_cirr
ACACB	LOC650369	-0.8209320091673032	GSE56140_cirr
C1orf225	LOC650369	0.8539343009931245	GSE56140_cirr
CAPN5	LOC650369	-0.8551566080977845	GSE56140_cirr
COQ10A	LOC650369	-0.8805194805194805	GSE56140_cirr
CRYL1	LOC650369	-0.8169595110771581	GSE56140_cirr
DHRS4	LOC650369	-0.86401833460657	GSE56140_cirr
DHRS4L2	LOC650369	-0.8505729564553093	GSE56140_cirr
DPYS	LOC650369	-0.8588235294117648	GSE56140_cirr
EBP	LOC650369	-0.8343773873185638	GSE56140_cirr
EFEMP1	LOC650369	0.8352941176470587	GSE56140_cirr
FLJ20160	LOC650369	0.8258212375859434	GSE56140_cirr
GPC4	LOC650369	0.8139037433155081	GSE56140_cirr
HAGH	LOC650369	-0.8646294881589	GSE56140_cirr
LAMC1	LOC650369	0.8004583651642474	GSE56140_cirr
LHPP	LOC650369	-0.8050420168067226	GSE56140_cirr
LIME1	LOC650369	-0.8270435446906035	GSE56140_cirr
LOC145837	LOC650369	-0.8915202444614209	GSE56140_cirr
LOC388503	LOC650369	-0.8059587471352176	GSE56140_cirr
LOC642113	LOC651751	0.8087089381207029	GSE56140_cirr
LOC642113	LOC652102	0.8362108479755538	GSE56140_cirr
LOC647450	LOC652102	0.8557677616501145	GSE56140_cirr
IGLL1	LOC652493	0.8893812070282658	GSE56140_cirr
LOC401845	LOC652493	0.8010695187165775	GSE56140_cirr
LOC642113	LOC652493	0.893048128342246	GSE56140_cirr
LOC647450	LOC652493	0.9844155844155844	GSE56140_cirr
LOC647460	LOC652493	0.8206264323911382	GSE56140_cirr
LOC652102	LOC652493	0.8615737203972498	GSE56140_cirr
IGLL1	LOC652694	0.8227654698242933	GSE56140_cirr
LOC642113	LOC652694	0.86401833460657	GSE56140_cirr
LOC647450	LOC652694	0.9336898395721925	GSE56140_cirr
LOC652493	LOC652694	0.9391902215431627	GSE56140_cirr
CSAG3A	LOC653297	0.9743315508021391	GSE56140_cirr
CSAG3B	LOC653297	0.9517188693659281	GSE56140_cirr
ADH4	LOC653381	0.8206264323911382	GSE56140_cirr
CYP3A43	LOC653381	0.8325439266615737	GSE56140_cirr
ACAT1	LOC653498	0.8276546982429335	GSE56140_cirr
AHSG	LOC653498	0.8139037433155081	GSE56140_cirr
ALDH2	LOC653498	0.8139037433155081	GSE56140_cirr
AMBP	LOC653498	0.8841864018334606	GSE56140_cirr
AQP12A	LOC653498	0.812987012987013	GSE56140_cirr
ASGR1	LOC653498	0.8383498854087089	GSE56140_cirr
C6	LOC653498	0.8029029793735676	GSE56140_cirr
CFI	LOC653498	0.8120702826585179	GSE56140_cirr
CRIP2	LOC653498	-0.8019862490450725	GSE56140_cirr
DMGDH	LOC653498	0.8087089381207029	GSE56140_cirr
ESR1	LOC653498	0.8230710466004584	GSE56140_cirr
FAM127A	LOC653498	-0.8304048892284186	GSE56140_cirr
GADD45G	LOC653498	0.8001527883880825	GSE56140_cirr
IGF2BP2	LOC653498	-0.8175706646294881	GSE56140_cirr
LOC387882	LOC653498	-0.8948815889992361	GSE56140_cirr
APOH	LOC653879	0.8010695187165775	GSE56140_cirr
CP	LOC653879	0.8869365928189457	GSE56140_cirr
CAMK2N1	LOC654194	0.8016806722689075	GSE56140_cirr
CYP2A6	LOC728226	0.8001527883880825	GSE56140_cirr
LOC388654	LOC728226	-0.8239877769289534	GSE56140_cirr
LOC728226	LOC728441	0.9260504201680672	GSE56140_cirr
CAT	LOC728811	0.8019862490450725	GSE56140_cirr
DKFZp761P0423	LOC728811	-0.8621848739495798	GSE56140_cirr
HSD17B6	LOC728811	0.8004583651642474	GSE56140_cirr
APOH	LOC730994	-0.8029029793735676	GSE56140_cirr
ARHGAP4	LOC730994	0.8047364400305576	GSE56140_cirr
KIAA1949	LOC730994	0.8074866310160428	GSE56140_cirr
LOC651816	LOC731049	0.8340718105423988	GSE56140_cirr
ANXA5	LOXL4	0.8371275783040488	GSE56140_cirr
COQ10A	LOXL4	-0.813598166539343	GSE56140_cirr
DCDC2	LOXL4	0.8111535523300228	GSE56140_cirr
CD96	LTB	0.815737203972498	GSE56140_cirr
ADAMTSL2	LUM	0.866768525592055	GSE56140_cirr
ADCY3	LUM	0.8615737203972498	GSE56140_cirr
BBOX1	LUM	-0.8062643239113827	GSE56140_cirr
C7	LUM	0.8499618029029793	GSE56140_cirr
C7orf55	LUM	-0.8071810542398777	GSE56140_cirr
CLIP3	LUM	0.812681436210848	GSE56140_cirr
COL3A1	LUM	0.812681436210848	GSE56140_cirr
CYBRD1	LUM	0.8279602750190985	GSE56140_cirr
DCN	LUM	0.9006875477463712	GSE56140_cirr
EFEMP1	LUM	0.8572956455309396	GSE56140_cirr
FBLN5	LUM	0.8383498854087089	GSE56140_cirr
FGD3	LUM	0.8307104660045835	GSE56140_cirr
FLJ35258	LUM	0.8178762414056532	GSE56140_cirr
ITPR3	LUM	0.86768525592055	GSE56140_cirr
LAMA2	LUM	0.8047364400305576	GSE56140_cirr
LAMC3	LUM	0.8591291061879297	GSE56140_cirr
ADAMTSL2	LXN	0.8291825821237586	GSE56140_cirr
ADCY3	LXN	0.8563789152024446	GSE56140_cirr
ALOX5AP	LXN	0.8175706646294881	GSE56140_cirr
ARHGEF2	LXN	0.8065699006875477	GSE56140_cirr
CCDC146	LXN	0.8166539343009931	GSE56140_cirr
CLIP3	LXN	0.8053475935828877	GSE56140_cirr
DPYSL3	LXN	0.8227654698242933	GSE56140_cirr
EFEMP1	LXN	0.8521008403361344	GSE56140_cirr
FER1L3	LXN	0.8252100840336134	GSE56140_cirr
GLIPR2	LXN	0.8230710466004584	GSE56140_cirr
GSTP1	LXN	0.8377387318563789	GSE56140_cirr
LAMA2	LXN	0.8304048892284186	GSE56140_cirr
LAMC3	LXN	0.8209320091673032	GSE56140_cirr
APOA1BP	LY96	-0.815737203972498	GSE56140_cirr
EPHX1	LY96	-0.8209320091673032	GSE56140_cirr
HSD17B4	LYRM1	0.8496562261268142	GSE56140_cirr
A1CF	MACROD1	0.8731856378915203	GSE56140_cirr
CAMK2N1	MACROD1	0.8175706646294881	GSE56140_cirr
CMTM8	MACROD1	0.8450725744843391	GSE56140_cirr
EXOSC5	MACROD1	0.8071810542398777	GSE56140_cirr
GCHFR	MACROD1	0.8533231474407945	GSE56140_cirr
HSD17B14	MACROD1	0.8362108479755538	GSE56140_cirr
LDHD	MACROD1	0.8566844919786095	GSE56140_cirr
LOC554235	MACROD1	0.8035141329258977	GSE56140_cirr
IFI6	MAFA	0.8527119938884644	GSE56140_cirr
ADAMTSL2	MAPK13	0.812681436210848	GSE56140_cirr
CSTB	MAPK13	0.815431627196333	GSE56140_cirr
DCDC2	MAPK13	0.8139037433155081	GSE56140_cirr
ACADM	MARCKSL1	-0.894576012223071	GSE56140_cirr
APOH	MARCKSL1	-0.8074866310160428	GSE56140_cirr
C1QTNF5	MARCKSL1	0.8844919786096257	GSE56140_cirr
CAT	MARCKSL1	-0.815737203972498	GSE56140_cirr
CDO1	MARCKSL1	-0.8203208556149731	GSE56140_cirr
CRIP2	MARCKSL1	0.8258212375859434	GSE56140_cirr
CTH	MARCKSL1	-0.8022918258212376	GSE56140_cirr
DKFZp761P0423	MARCKSL1	0.8166539343009931	GSE56140_cirr
FH	MARCKSL1	-0.8035141329258977	GSE56140_cirr
G6PD	MARCKSL1	0.8062643239113827	GSE56140_cirr
GHR	MARCKSL1	-0.8475171886936592	GSE56140_cirr
HAO1	MARCKSL1	-0.8753246753246752	GSE56140_cirr
LOC387882	MARCKSL1	0.8456837280366691	GSE56140_cirr
LOC440055	MARCKSL1	0.8588235294117648	GSE56140_cirr
LOC728811	MARCKSL1	-0.8304048892284186	GSE56140_cirr
LOC730994	MARCKSL1	0.8215431627196332	GSE56140_cirr
CFP	MARCO	0.8108479755538578	GSE56140_cirr
CSAD	MASP2	0.8249045072574483	GSE56140_cirr
BEX2	MAT1A	-0.8016806722689075	GSE56140_cirr
BHMT	MAT1A	0.8368220015278839	GSE56140_cirr
EBPL	MAT1A	0.8038197097020626	GSE56140_cirr
CLCF1	MAT2A	0.813292589763178	GSE56140_cirr
CLIC1	MAT2A	0.8447669977081741	GSE56140_cirr
FAM57A	MAT2A	0.8071810542398777	GSE56140_cirr
ABCB4	MBL2	0.8371275783040488	GSE56140_cirr
ALOX5AP	MCOLN2	0.8374331550802139	GSE56140_cirr
CD2	MCOLN2	0.8404889228418639	GSE56140_cirr
CD6	MCOLN2	0.816042780748663	GSE56140_cirr
CD96	MCOLN2	0.8664629488158899	GSE56140_cirr
ADAMTSL2	MEG3	0.8184873949579832	GSE56140_cirr
ADCY3	MEG3	0.8346829640947286	GSE56140_cirr
AEBP1	MEG3	0.8276546982429335	GSE56140_cirr
AKR1B1	MEG3	0.8074866310160428	GSE56140_cirr
ARHGEF2	MEG3	0.8368220015278839	GSE56140_cirr
BGN	MEG3	0.8832696715049656	GSE56140_cirr
C1orf198	MEG3	0.8139037433155081	GSE56140_cirr
CCDC3	MEG3	0.8600458365164246	GSE56140_cirr
CFTR	MEG3	0.8508785332314743	GSE56140_cirr
CHST4	MEG3	0.8200152788388082	GSE56140_cirr
CLIC6	MEG3	0.8300993124522535	GSE56140_cirr
CLIP3	MEG3	0.8313216195569136	GSE56140_cirr
COL16A1	MEG3	0.8166539343009931	GSE56140_cirr
COL5A1	MEG3	0.8166539343009931	GSE56140_cirr
CXCL12	MEG3	0.8441558441558442	GSE56140_cirr
DPYSL3	MEG3	0.8090145148968678	GSE56140_cirr
EFEMP2	MEG3	0.8542398777692896	GSE56140_cirr
EMILIN1	MEG3	0.812681436210848	GSE56140_cirr
ENG	MEG3	0.8304048892284186	GSE56140_cirr
FLJ35258	MEG3	0.8627960275019099	GSE56140_cirr
IGFBP7	MEG3	0.839266615737204	GSE56140_cirr
LAMA2	MEG3	0.8551566080977845	GSE56140_cirr
LAMC3	MEG3	0.841405653170359	GSE56140_cirr
ABCB6	MFAP4	-0.8380443086325439	GSE56140_cirr
ADAMTSL2	MFAP4	0.9483575248281131	GSE56140_cirr
ADCY3	MFAP4	0.9309396485867073	GSE56140_cirr
AEBP1	MFAP4	0.8025974025974025	GSE56140_cirr
BGN	MFAP4	0.8187929717341482	GSE56140_cirr
BHLHB5	MFAP4	0.8872421695951107	GSE56140_cirr
C1orf198	MFAP4	0.8948815889992361	GSE56140_cirr
C7	MFAP4	0.8719633307868602	GSE56140_cirr
CCDC146	MFAP4	0.8282658517952636	GSE56140_cirr
CCDC3	MFAP4	0.8493506493506494	GSE56140_cirr
CLIC6	MFAP4	0.8194041252864781	GSE56140_cirr
CLIP3	MFAP4	0.8789915966386554	GSE56140_cirr
COL16A1	MFAP4	0.8890756302521008	GSE56140_cirr
COLEC11	MFAP4	0.8310160427807486	GSE56140_cirr
CYBRD1	MFAP4	0.8624904507257448	GSE56140_cirr
DCN	MFAP4	0.8551566080977845	GSE56140_cirr
DPYSL3	MFAP4	0.9052711993888464	GSE56140_cirr
EFEMP1	MFAP4	0.8294881588999234	GSE56140_cirr
FAP	MFAP4	0.8279602750190985	GSE56140_cirr
FBLN5	MFAP4	0.9016042780748662	GSE56140_cirr
FLJ20160	MFAP4	0.8087089381207029	GSE56140_cirr
FLJ35258	MFAP4	0.8649350649350648	GSE56140_cirr
GPC4	MFAP4	0.8041252864782277	GSE56140_cirr
GSTP1	MFAP4	0.8466004583651642	GSE56140_cirr
HEYL	MFAP4	0.8349885408708937	GSE56140_cirr
IGFBP6	MFAP4	0.8499618029029793	GSE56140_cirr
IGFBP7	MFAP4	0.8365164247517188	GSE56140_cirr
ITPR3	MFAP4	0.839266615737204	GSE56140_cirr
LAMA2	MFAP4	0.9144385026737968	GSE56140_cirr
LAMC3	MFAP4	0.9321619556913674	GSE56140_cirr
LUM	MFAP4	0.8615737203972498	GSE56140_cirr
LXN	MFAP4	0.8508785332314743	GSE56140_cirr
MEG3	MFAP4	0.8117647058823529	GSE56140_cirr
ADAMTSL2	MFGE8	0.8462948815889991	GSE56140_cirr
ADCY3	MFGE8	0.8991596638655462	GSE56140_cirr
CDR2L	MFGE8	0.8077922077922078	GSE56140_cirr
CLIP3	MFGE8	0.8725744843391902	GSE56140_cirr
COLEC11	MFGE8	0.8502673796791443	GSE56140_cirr
HEYL	MFGE8	0.8090145148968678	GSE56140_cirr
ITPR3	MFGE8	0.8514896867838043	GSE56140_cirr
LAMA2	MFGE8	0.8190985485103133	GSE56140_cirr
LAMC3	MFGE8	0.8090145148968678	GSE56140_cirr
LUM	MFGE8	0.8047364400305576	GSE56140_cirr
LXN	MFGE8	0.8340718105423988	GSE56140_cirr
MARCKS	MFGE8	0.812681436210848	GSE56140_cirr
MFAP4	MFGE8	0.8597402597402596	GSE56140_cirr
ARHGEF6	MFSD10	0.840794499618029	GSE56140_cirr
ARL2	MFSD10	0.8545454545454546	GSE56140_cirr
CD247	MFSD10	0.8169595110771581	GSE56140_cirr
CD96	MFSD10	0.8084033613445378	GSE56140_cirr
DNMT1	MFSD10	0.8105423987776929	GSE56140_cirr
FAM113B	MFSD10	0.8576012223071047	GSE56140_cirr
FGD3	MFSD10	0.8013750954927426	GSE56140_cirr
FLJ21438	MFSD10	0.8517952635599694	GSE56140_cirr
ABCB4	MFSD2	0.8359052711993887	GSE56140_cirr
IGLL1	MGC29506	0.8511841100076394	GSE56140_cirr
LOC642113	MGC29506	0.9055767761650113	GSE56140_cirr
LOC647450	MGC29506	0.8924369747899159	GSE56140_cirr
LOC649923	MGC29506	0.8438502673796792	GSE56140_cirr
LOC651751	MGC29506	0.8768525592055003	GSE56140_cirr
LOC652102	MGC29506	0.8343773873185638	GSE56140_cirr
LOC652493	MGC29506	0.8863254392666157	GSE56140_cirr
LOC652694	MGC29506	0.8432391138273491	GSE56140_cirr
A1CF	MGC70857	0.8545454545454546	GSE56140_cirr
CAMK2N1	MGC70857	0.8359052711993887	GSE56140_cirr
CMTM8	MGC70857	0.8618792971734147	GSE56140_cirr
EPHX1	MGC70857	0.8548510313216194	GSE56140_cirr
FAM50A	MGC70857	-0.8080977845683728	GSE56140_cirr
GCHFR	MGC70857	0.8206264323911382	GSE56140_cirr
GRINA	MGC70857	0.86829640947288	GSE56140_cirr
HSD17B14	MGC70857	0.8255156608097783	GSE56140_cirr
LDHD	MGC70857	0.8285714285714286	GSE56140_cirr
MACROD1	MGC70857	0.9205500381970969	GSE56140_cirr
ASS1	MGMT	0.8355996944232238	GSE56140_cirr
GBA3	MGMT	0.8062643239113827	GSE56140_cirr
IGFBP6	MGP	0.8307104660045835	GSE56140_cirr
LHFP	MGP	0.8722689075630252	GSE56140_cirr
ANXA1	MICAL1	0.8007639419404124	GSE56140_cirr
EMP3	MICAL1	0.8279602750190985	GSE56140_cirr
LOC730994	MICAL1	0.838655462184874	GSE56140_cirr
MARCKSL1	MICAL1	0.814514896867838	GSE56140_cirr
DDT	MIF	0.8108479755538578	GSE56140_cirr
C14orf73	MLXIPL	0.8013750954927426	GSE56140_cirr
ADAMTSL2	MMP7	0.8169595110771581	GSE56140_cirr
ADCY3	MMP7	0.8114591291061879	GSE56140_cirr
CCDC146	MMP7	0.8035141329258977	GSE56140_cirr
CFTR	MMP7	0.8255156608097783	GSE56140_cirr
FLJ35258	MMP7	0.8120702826585179	GSE56140_cirr
GABRP	MMP7	0.8533231474407945	GSE56140_cirr
LXN	MMP7	0.812681436210848	GSE56140_cirr
DPYSL3	MMRN1	0.8074866310160428	GSE56140_cirr
LAMA2	MMRN1	0.8377387318563789	GSE56140_cirr
MGP	MMRN1	0.8643239113827349	GSE56140_cirr
ANXA5	MOSC1	-0.8383498854087089	GSE56140_cirr
ASS1	MOSC1	0.8545454545454546	GSE56140_cirr
DCXR	MOSC1	0.8331550802139037	GSE56140_cirr
ITIH1	MOSC2	0.8016806722689075	GSE56140_cirr
ADAMTSL2	MOXD1	0.8869365928189457	GSE56140_cirr
ADCY3	MOXD1	0.8579067990832696	GSE56140_cirr
ASNS	MOXD1	0.8013750954927426	GSE56140_cirr
BBOX1	MOXD1	-0.86829640947288	GSE56140_cirr
C7	MOXD1	0.8851031321619556	GSE56140_cirr
C7orf55	MOXD1	-0.840794499618029	GSE56140_cirr
CLIP3	MOXD1	0.838961038961039	GSE56140_cirr
CYBRD1	MOXD1	0.8258212375859434	GSE56140_cirr
DCN	MOXD1	0.9031321619556913	GSE56140_cirr
EFEMP1	MOXD1	0.8731856378915203	GSE56140_cirr
FBLN5	MOXD1	0.8438502673796792	GSE56140_cirr
FGD3	MOXD1	0.814209320091673	GSE56140_cirr
FLJ20160	MOXD1	0.8291825821237586	GSE56140_cirr
FLJ35258	MOXD1	0.812681436210848	GSE56140_cirr
GJB1	MOXD1	-0.8557677616501145	GSE56140_cirr
ITPR3	MOXD1	0.8600458365164246	GSE56140_cirr
LAMA2	MOXD1	0.8178762414056532	GSE56140_cirr
LAMC3	MOXD1	0.8603514132925897	GSE56140_cirr
LUM	MOXD1	0.9474407944996179	GSE56140_cirr
LXN	MOXD1	0.8181818181818182	GSE56140_cirr
MFAP4	MOXD1	0.894576012223071	GSE56140_cirr
MFGE8	MOXD1	0.8074866310160428	GSE56140_cirr
ACADSB	MPDZ	0.8059587471352176	GSE56140_cirr
HAO2	MPDZ	0.813292589763178	GSE56140_cirr
HSD17B6	MPDZ	0.8224598930481283	GSE56140_cirr
BCL3	MRPL2	0.8221543162719633	GSE56140_cirr
CAMK2N1	MRPL2	0.8759358288770053	GSE56140_cirr
CMTM8	MRPL2	0.8475171886936592	GSE56140_cirr
EPHX1	MRPL2	0.8194041252864781	GSE56140_cirr
FAM50A	MRPL2	-0.8631016042780748	GSE56140_cirr
GRINA	MRPL2	0.8719633307868602	GSE56140_cirr
MACROD1	MRPL2	0.8218487394957983	GSE56140_cirr
MGC70857	MRPL2	0.8637127578304049	GSE56140_cirr
CYP2C18	MSRA	0.8270435446906035	GSE56140_cirr
CETP	MT1A	0.8209320091673032	GSE56140_cirr
CFP	MT1A	0.838655462184874	GSE56140_cirr
ENDOGL1	MT1A	0.8692131398013752	GSE56140_cirr
GPC3	MT1E	-0.8261268143621084	GSE56140_cirr
MT1A	MT1F	0.8967150496562261	GSE56140_cirr
MT1A	MT1G	0.9022154316271963	GSE56140_cirr
MT1F	MT1G	0.8872421695951107	GSE56140_cirr
MT1A	MT1H	0.8829640947288006	GSE56140_cirr
MT1F	MT1H	0.9061879297173414	GSE56140_cirr
MT1G	MT1H	0.9419404125286478	GSE56140_cirr
C20orf127	MT1M	0.815431627196333	GSE56140_cirr
ENDOGL1	MT1M	0.8594346829640948	GSE56140_cirr
MT1A	MT1M	0.9330786860198624	GSE56140_cirr
MT1F	MT1M	0.9278838808250572	GSE56140_cirr
MT1G	MT1M	0.8789915966386554	GSE56140_cirr
MT1H	MT1M	0.867379679144385	GSE56140_cirr
C20orf127	MT1X	0.8300993124522535	GSE56140_cirr
ENDOGL1	MT1X	0.8875477463712758	GSE56140_cirr
MT1A	MT1X	0.9156608097784568	GSE56140_cirr
MT1F	MT1X	0.8624904507257448	GSE56140_cirr
MT1G	MT1X	0.8111535523300228	GSE56140_cirr
MT1M	MT1X	0.86829640947288	GSE56140_cirr
C20orf127	MTE	0.922383498854087	GSE56140_cirr
CFP	MTE	0.8035141329258977	GSE56140_cirr
ENDOGL1	MTE	0.9336898395721925	GSE56140_cirr
MT1A	MTE	0.9034377387318564	GSE56140_cirr
MT1E	MTE	0.8304048892284186	GSE56140_cirr
MT1F	MTE	0.8426279602750191	GSE56140_cirr
MT1M	MTE	0.9080213903743315	GSE56140_cirr
MT1X	MTE	0.9355233002291825	GSE56140_cirr
LOC388503	MTMR11	-0.8194041252864781	GSE56140_cirr
KIAA1324L	MTSS1	-0.8108479755538578	GSE56140_cirr
KIAA1949	MTSS1	-0.8114591291061879	GSE56140_cirr
ACSL1	MTTP	0.8536287242169596	GSE56140_cirr
APOH	MTTP	0.8077922077922078	GSE56140_cirr
C16orf30	MTTP	-0.8019862490450725	GSE56140_cirr
C9	MTTP	0.8294881588999234	GSE56140_cirr
CDO1	MTTP	0.8328495034377387	GSE56140_cirr
DECR1	MTTP	0.8084033613445378	GSE56140_cirr
EVI1	MTTP	-0.8074866310160428	GSE56140_cirr
FH	MTTP	0.8988540870893812	GSE56140_cirr
ACACB	MUPCDH	0.8359052711993887	GSE56140_cirr
DCXR	MUPCDH	0.8291825821237586	GSE56140_cirr
HERC6	MX1	0.8689075630252101	GSE56140_cirr
IFI44	MX1	0.8038197097020626	GSE56140_cirr
IFI44L	MX1	0.8316271963330787	GSE56140_cirr
IFIT1	MX1	0.8432391138273491	GSE56140_cirr
ISG15	MX1	0.8716577540106951	GSE56140_cirr
LGALS3BP	MX1	0.8307104660045835	GSE56140_cirr
ADAMTSL2	MYH10	0.8209320091673032	GSE56140_cirr
AEBP1	MYH10	0.8881588999236057	GSE56140_cirr
BGN	MYH10	0.8071810542398777	GSE56140_cirr
C1orf198	MYH10	0.9055767761650113	GSE56140_cirr
CCDC146	MYH10	0.8817417876241405	GSE56140_cirr
CCDC3	MYH10	0.8658517952635599	GSE56140_cirr
CHST4	MYH10	0.8065699006875477	GSE56140_cirr
CLIC6	MYH10	0.8490450725744844	GSE56140_cirr
COL16A1	MYH10	0.8355996944232238	GSE56140_cirr
COL5A1	MYH10	0.8077922077922078	GSE56140_cirr
COL6A3	MYH10	0.812987012987013	GSE56140_cirr
CXCL12	MYH10	0.8056531703590526	GSE56140_cirr
DPYSL3	MYH10	0.8588235294117648	GSE56140_cirr
EFEMP1	MYH10	0.8899923605805957	GSE56140_cirr
FBLN5	MYH10	0.8832696715049656	GSE56140_cirr
FSTL1	MYH10	0.8190985485103133	GSE56140_cirr
GSTP1	MYH10	0.8496562261268142	GSE56140_cirr
HEYL	MYH10	0.8044308632543926	GSE56140_cirr
IGFBP7	MYH10	0.8741023682200153	GSE56140_cirr
KRT7	MYH10	0.8019862490450725	GSE56140_cirr
LAMA2	MYH10	0.8838808250572956	GSE56140_cirr
LAMC3	MYH10	0.8377387318563789	GSE56140_cirr
MFAP4	MYH10	0.8139037433155081	GSE56140_cirr
ACTG2	MYH11	0.8291825821237586	GSE56140_cirr
ASS1	MYO5C	-0.8646294881589	GSE56140_cirr
FTH1	NARS	0.8481283422459893	GSE56140_cirr
FTHL12	NARS	0.8087089381207029	GSE56140_cirr
HSPA1A	NARS	0.8475171886936592	GSE56140_cirr
MACROD1	NARS	-0.8276546982429335	GSE56140_cirr
KIAA1949	NBL1	0.8200152788388082	GSE56140_cirr
CDKN3	NCAPG	0.8102368220015278	GSE56140_cirr
KMO	NCOA7	-0.8178762414056532	GSE56140_cirr
ADAMTSL2	NDN	0.8603514132925897	GSE56140_cirr
ADCY3	NDN	0.8524064171122995	GSE56140_cirr
AEBP1	NDN	0.8420168067226891	GSE56140_cirr
BGN	NDN	0.8896867838044309	GSE56140_cirr
BHLHB5	NDN	0.8621848739495798	GSE56140_cirr
C16orf30	NDN	0.8997708174178762	GSE56140_cirr
C1orf198	NDN	0.8744079449961804	GSE56140_cirr
CCDC146	NDN	0.8022918258212376	GSE56140_cirr
CCDC3	NDN	0.9294117647058824	GSE56140_cirr
CFTR	NDN	0.8383498854087089	GSE56140_cirr
CHST4	NDN	0.838961038961039	GSE56140_cirr
CLDN10	NDN	0.8493506493506494	GSE56140_cirr
CLIC6	NDN	0.8789915966386554	GSE56140_cirr
CLIP3	NDN	0.8383498854087089	GSE56140_cirr
COL16A1	NDN	0.8245989304812833	GSE56140_cirr
COL6A1	NDN	0.8080977845683728	GSE56140_cirr
CTSK	NDN	0.8744079449961804	GSE56140_cirr
CXCL12	NDN	0.8469060351413292	GSE56140_cirr
DKFZP586H2123	NDN	0.8621848739495798	GSE56140_cirr
DPYSL3	NDN	0.870435446906035	GSE56140_cirr
EFEMP2	NDN	0.8997708174178762	GSE56140_cirr
EMILIN1	NDN	0.8579067990832696	GSE56140_cirr
FLJ35258	NDN	0.8328495034377387	GSE56140_cirr
FXYD2	NDN	0.8242933537051185	GSE56140_cirr
GSTP1	NDN	0.8777692895339954	GSE56140_cirr
HSPB6	NDN	0.8062643239113827	GSE56140_cirr
IGFBP6	NDN	0.8866310160427807	GSE56140_cirr
IGFBP7	NDN	0.9055767761650113	GSE56140_cirr
LAMA2	NDN	0.8838808250572956	GSE56140_cirr
LAMC3	NDN	0.8175706646294881	GSE56140_cirr
LOC285016	NDN	0.8120702826585179	GSE56140_cirr
MEG3	NDN	0.8233766233766234	GSE56140_cirr
MFAP4	NDN	0.8615737203972498	GSE56140_cirr
MGP	NDN	0.8123758594346829	GSE56140_cirr
MMRN1	NDN	0.8117647058823529	GSE56140_cirr
LOC388588	NDRG2	0.8016806722689075	GSE56140_cirr
ACADM	NDUFA4L2	-0.8279602750190985	GSE56140_cirr
EVI1	NDUFA4L2	0.8053475935828877	GSE56140_cirr
G6PD	NDUFA4L2	0.8530175706646295	GSE56140_cirr
GHR	NDUFA4L2	-0.8105423987776929	GSE56140_cirr
LOC387882	NDUFA4L2	0.8114591291061879	GSE56140_cirr
MARCKSL1	NDUFA4L2	0.8215431627196332	GSE56140_cirr
APOH	NFIX	-0.8181818181818182	GSE56140_cirr
C4BPB	NFIX	-0.838961038961039	GSE56140_cirr
CYC1	NIPSNAP1	0.815126050420168	GSE56140_cirr
EPHX1	NIPSNAP1	0.838961038961039	GSE56140_cirr
LDHD	NIPSNAP1	0.8224598930481283	GSE56140_cirr
CRP	NNMT	0.8050420168067226	GSE56140_cirr
MFGE8	NOTCH3	0.8029029793735676	GSE56140_cirr
HGFAC	NPC1L1	0.8261268143621084	GSE56140_cirr
AKR1B10	NQO1	0.86401833460657	GSE56140_cirr
ANXA5	NR1I3	-0.8707410236822001	GSE56140_cirr
C7orf55	NR1I3	0.8236822001527884	GSE56140_cirr
COQ10A	NR1I3	0.8438502673796792	GSE56140_cirr
CYP4F12	NR1I3	0.8252100840336134	GSE56140_cirr
INMT	NR1I3	-0.8056531703590526	GSE56140_cirr
ANXA5	NTHL1	-0.8475171886936592	GSE56140_cirr
COQ10A	NTHL1	0.814514896867838	GSE56140_cirr
CPD	NTHL1	-0.8224598930481283	GSE56140_cirr
CYP4F12	NTHL1	0.8548510313216194	GSE56140_cirr
GPER	NTHL1	0.9523300229182582	GSE56140_cirr
NR1I3	NTHL1	0.8016806722689075	GSE56140_cirr
FAM50A	OAF	-0.8093200916730328	GSE56140_cirr
GRINA	OAF	0.8053475935828877	GSE56140_cirr
LOC554235	OAF	0.8481283422459893	GSE56140_cirr
LOC643031	OAF	0.8093200916730328	GSE56140_cirr
MGC70857	OAF	0.8362108479755538	GSE56140_cirr
MRPL2	OAF	0.8692131398013752	GSE56140_cirr
CMPK2	OAS2	0.9101604278074865	GSE56140_cirr
DDX60	OAS2	0.8536287242169596	GSE56140_cirr
HERC6	OAS2	0.842322383498854	GSE56140_cirr
IFI44	OAS2	0.8291825821237586	GSE56140_cirr
IFI44L	OAS2	0.8649350649350648	GSE56140_cirr
IFIT1	OAS2	0.8777692895339954	GSE56140_cirr
IFIT2	OAS2	0.8035141329258977	GSE56140_cirr
IFIT3	OAS2	0.921161191749427	GSE56140_cirr
ISG15	OAS2	0.8524064171122995	GSE56140_cirr
MX1	OAS2	0.815737203972498	GSE56140_cirr
AKR1B10	OAT	-0.8001527883880825	GSE56140_cirr
CAPN5	ODC1	-0.8090145148968678	GSE56140_cirr
IRS1	ODC1	-0.8074866310160428	GSE56140_cirr
KLKB1	OGDHL	0.8261268143621084	GSE56140_cirr
NCOA7	OGDHL	-0.8233766233766234	GSE56140_cirr
ADAMTSL2	OLFML1	0.8796027501909855	GSE56140_cirr
ADCY3	OLFML1	0.8777692895339954	GSE56140_cirr
AEBP1	OLFML1	0.8108479755538578	GSE56140_cirr
C1orf198	OLFML1	0.8401833460656989	GSE56140_cirr
CCDC146	OLFML1	0.8313216195569136	GSE56140_cirr
COL16A1	OLFML1	0.8563789152024446	GSE56140_cirr
COLEC11	OLFML1	0.8511841100076394	GSE56140_cirr
CYBRD1	OLFML1	0.8215431627196332	GSE56140_cirr
DPT	OLFML1	0.8022918258212376	GSE56140_cirr
DPYSL3	OLFML1	0.8597402597402596	GSE56140_cirr
FBLN5	OLFML1	0.8652406417112298	GSE56140_cirr
GSTP1	OLFML1	0.8047364400305576	GSE56140_cirr
HEYL	OLFML1	0.8505729564553093	GSE56140_cirr
IGFBP6	OLFML1	0.8316271963330787	GSE56140_cirr
LAMA2	OLFML1	0.8722689075630252	GSE56140_cirr
LAMC3	OLFML1	0.8643239113827349	GSE56140_cirr
MFAP4	OLFML1	0.892742551566081	GSE56140_cirr
MFGE8	OLFML1	0.8044308632543926	GSE56140_cirr
NDN	OLFML1	0.8013750954927426	GSE56140_cirr
AEBP1	OLFML3	0.8331550802139037	GSE56140_cirr
C16orf30	OLFML3	0.838961038961039	GSE56140_cirr
CCDC3	OLFML3	0.838961038961039	GSE56140_cirr
CLEC11A	OLFML3	0.8765469824293353	GSE56140_cirr
COL6A1	OLFML3	0.86707410236822	GSE56140_cirr
CTSK	OLFML3	0.8010695187165775	GSE56140_cirr
CXCL12	OLFML3	0.8139037433155081	GSE56140_cirr
EMILIN1	OLFML3	0.8542398777692896	GSE56140_cirr
HSPB6	OLFML3	0.86829640947288	GSE56140_cirr
NDN	OLFML3	0.8340718105423988	GSE56140_cirr
GPR56	OLR1	0.8139037433155081	GSE56140_cirr
NKD2	OLR1	0.813598166539343	GSE56140_cirr
CYP4F12	OPLAH	0.8252100840336134	GSE56140_cirr
GPER	OPLAH	0.8071810542398777	GSE56140_cirr
NTHL1	OPLAH	0.8444614209320092	GSE56140_cirr
NUPR1	P8	0.8288770053475936	GSE56140_cirr
BCL3	PA2G4	0.8197097020626432	GSE56140_cirr
CAMK2N1	PA2G4	0.8719633307868602	GSE56140_cirr
GPR172A	PA2G4	0.8224598930481283	GSE56140_cirr
GRINA	PA2G4	0.8411000763941939	GSE56140_cirr
LOC654194	PA2G4	0.8065699006875477	GSE56140_cirr
MRPL2	PA2G4	0.8835752482811307	GSE56140_cirr
FNDC5	PAFAH1B3	-0.8466004583651642	GSE56140_cirr
ACADM	PAH	0.8374331550802139	GSE56140_cirr
ACSL1	PAH	0.8038197097020626	GSE56140_cirr
ADAMTS9	PAH	-0.8004583651642474	GSE56140_cirr
AHSG	PAH	0.8007639419404124	GSE56140_cirr
APOH	PAH	0.8756302521008402	GSE56140_cirr
C1QTNF5	PAH	-0.8511841100076394	GSE56140_cirr
CDO1	PAH	0.8710466004583651	GSE56140_cirr
CRIP2	PAH	-0.8411000763941939	GSE56140_cirr
CTH	PAH	0.840794499618029	GSE56140_cirr
FGB	PAH	0.8114591291061879	GSE56140_cirr
FH	PAH	0.8924369747899159	GSE56140_cirr
GGH	PAH	0.8111535523300228	GSE56140_cirr
HAO1	PAH	0.8359052711993887	GSE56140_cirr
MARCKSL1	PAH	-0.812681436210848	GSE56140_cirr
MTTP	PAH	0.8252100840336134	GSE56140_cirr
ANXA2	PALLD	0.8249045072574483	GSE56140_cirr
C1orf225	PALLD	0.8435446906035141	GSE56140_cirr
COQ10A	PALLD	-0.8050420168067226	GSE56140_cirr
CRYL1	PALLD	-0.866768525592055	GSE56140_cirr
CSDA	PALLD	0.8169595110771581	GSE56140_cirr
DHRS4	PALLD	-0.8521008403361344	GSE56140_cirr
DHRS4L2	PALLD	-0.8218487394957983	GSE56140_cirr
DKFZP564J102	PALLD	-0.8166539343009931	GSE56140_cirr
ENO3	PALLD	-0.8438502673796792	GSE56140_cirr
GLYAT	PALLD	-0.8077922077922078	GSE56140_cirr
GLYATL1	PALLD	-0.8025974025974025	GSE56140_cirr
GPC4	PALLD	0.8328495034377387	GSE56140_cirr
LAMC1	PALLD	0.8612681436210847	GSE56140_cirr
LOC145837	PALLD	-0.8197097020626432	GSE56140_cirr
LOC650369	PALLD	0.870435446906035	GSE56140_cirr
AQP11	PAM	-0.8359052711993887	GSE56140_cirr
CRYL1	PAM	-0.8411000763941939	GSE56140_cirr
DHRS4	PAM	-0.8123758594346829	GSE56140_cirr
DKFZP564J102	PAM	-0.8175706646294881	GSE56140_cirr
GPC4	PAM	0.8184873949579832	GSE56140_cirr
LAMC1	PAM	0.838961038961039	GSE56140_cirr
LCAT	PAM	-0.8172650878533231	GSE56140_cirr
LOC145837	PAM	-0.8105423987776929	GSE56140_cirr
NOTCH3	PAM	0.8261268143621084	GSE56140_cirr
PALLD	PAM	0.8649350649350648	GSE56140_cirr
GBA3	PANK1	0.8007639419404124	GSE56140_cirr
HAO1	PANK1	0.8661573720397249	GSE56140_cirr
MGMT	PANK1	0.8325439266615737	GSE56140_cirr
ARHGDIB	PARVG	0.8178762414056532	GSE56140_cirr
CD2	PARVG	0.8297937356760885	GSE56140_cirr
LAPTM5	PARVG	0.8569900687547746	GSE56140_cirr
CYP4F12	PCBD1	0.8200152788388082	GSE56140_cirr
ENO1	PCK1	-0.8080977845683728	GSE56140_cirr
G6PC	PCK1	0.841405653170359	GSE56140_cirr
GADD45A	PCK1	0.8313216195569136	GSE56140_cirr
IGFBP1	PCK1	0.8841864018334606	GSE56140_cirr
ACADS	PCK2	0.8432391138273491	GSE56140_cirr
ACOX2	PCK2	0.8560733384262795	GSE56140_cirr
ACY1	PCK2	0.8032085561497326	GSE56140_cirr
DAO	PCK2	0.8215431627196332	GSE56140_cirr
FXYD6	PCOLCE	0.8459893048128342	GSE56140_cirr
MAPK13	PCOLCE2	-0.8117647058823529	GSE56140_cirr
C1QTNF5	PCSK5	0.8310160427807486	GSE56140_cirr
LOC387882	PCSK5	0.8071810542398777	GSE56140_cirr
ADAMTSL2	PDGFRA	0.8634071810542399	GSE56140_cirr
ADCY3	PDGFRA	0.8328495034377387	GSE56140_cirr
C7	PDGFRA	0.892742551566081	GSE56140_cirr
C7orf55	PDGFRA	-0.8438502673796792	GSE56140_cirr
CLIP3	PDGFRA	0.8053475935828877	GSE56140_cirr
CYBRD1	PDGFRA	0.8469060351413292	GSE56140_cirr
DCN	PDGFRA	0.8759358288770053	GSE56140_cirr
FBLN5	PDGFRA	0.8184873949579832	GSE56140_cirr
FGD3	PDGFRA	0.815126050420168	GSE56140_cirr
GJB1	PDGFRA	-0.8322383498854087	GSE56140_cirr
INMT	PDGFRA	0.8016806722689075	GSE56140_cirr
ITPR3	PDGFRA	0.8722689075630252	GSE56140_cirr
LUM	PDGFRA	0.869824293353705	GSE56140_cirr
MFAP4	PDGFRA	0.8689075630252101	GSE56140_cirr
MOXD1	PDGFRA	0.9193277310924369	GSE56140_cirr
ADAMTSL2	PDGFRB	0.8310160427807486	GSE56140_cirr
ADCY3	PDGFRB	0.8401833460656989	GSE56140_cirr
AEBP1	PDGFRB	0.8609625668449197	GSE56140_cirr
BGN	PDGFRB	0.8450725744843391	GSE56140_cirr
C16orf30	PDGFRB	0.8649350649350648	GSE56140_cirr
C1orf198	PDGFRB	0.8242933537051185	GSE56140_cirr
CCDC3	PDGFRB	0.8261268143621084	GSE56140_cirr
CFTR	PDGFRB	0.8401833460656989	GSE56140_cirr
CLIC6	PDGFRB	0.8462948815889991	GSE56140_cirr
CLIP3	PDGFRB	0.8084033613445378	GSE56140_cirr
COL6A1	PDGFRB	0.8108479755538578	GSE56140_cirr
CTSK	PDGFRB	0.8545454545454546	GSE56140_cirr
DPYSL3	PDGFRB	0.815126050420168	GSE56140_cirr
EMILIN1	PDGFRB	0.8077922077922078	GSE56140_cirr
GSTP1	PDGFRB	0.8432391138273491	GSE56140_cirr
HEYL	PDGFRB	0.8291825821237586	GSE56140_cirr
IGFBP6	PDGFRB	0.8505729564553093	GSE56140_cirr
IGFBP7	PDGFRB	0.9162719633307868	GSE56140_cirr
LAMA2	PDGFRB	0.8521008403361344	GSE56140_cirr
LAMC3	PDGFRB	0.8111535523300228	GSE56140_cirr
MFGE8	PDGFRB	0.8377387318563789	GSE56140_cirr
NDN	PDGFRB	0.8802139037433154	GSE56140_cirr
OLFML1	PDGFRB	0.8062643239113827	GSE56140_cirr
CSDA	PDLIM3	0.8404889228418639	GSE56140_cirr
LMCD1	PDLIM3	0.8212375859434682	GSE56140_cirr
LOC440359	PDLIM3	0.8084033613445378	GSE56140_cirr
CENTA1	PDZK1IP1	0.8310160427807486	GSE56140_cirr
DCDC2	PDZK1IP1	0.8105423987776929	GSE56140_cirr
EFEMP1	PDZK1IP1	0.8099312452253628	GSE56140_cirr
MAPK13	PDZK1IP1	0.8744079449961804	GSE56140_cirr
OLFML2B	PECR	-0.8197097020626432	GSE56140_cirr
FSTL1	PELI2	0.8114591291061879	GSE56140_cirr
ACY1	PEMT	0.8010695187165775	GSE56140_cirr
LOC554235	PEMT	0.8579067990832696	GSE56140_cirr
IRS1	PFKFB1	0.8022918258212376	GSE56140_cirr
FPR1	PFKFB3	0.8004583651642474	GSE56140_cirr
ADCY3	PFKP	0.8316271963330787	GSE56140_cirr
AEBP1	PFKP	0.8001527883880825	GSE56140_cirr
ALOX5AP	PFKP	0.8105423987776929	GSE56140_cirr
ANXA1	PFKP	0.8074866310160428	GSE56140_cirr
ARHGEF2	PFKP	0.8200152788388082	GSE56140_cirr
C7orf23	PFKP	0.8209320091673032	GSE56140_cirr
CD2	PFKP	0.8169595110771581	GSE56140_cirr
CDR2L	PFKP	0.8203208556149731	GSE56140_cirr
CFTR	PFKP	0.8041252864782277	GSE56140_cirr
COL15A1	PFKP	0.813292589763178	GSE56140_cirr
COL1A1	PFKP	0.8114591291061879	GSE56140_cirr
COL1A2	PFKP	0.8242933537051185	GSE56140_cirr
COL6A3	PFKP	0.8181818181818182	GSE56140_cirr
CTSK	PFKP	0.8197097020626432	GSE56140_cirr
DKFZp761P0423	PFKP	0.8432391138273491	GSE56140_cirr
DPYSL2	PFKP	0.86829640947288	GSE56140_cirr
FNDC1	PFKP	0.8297937356760885	GSE56140_cirr
GSTP1	PFKP	0.8612681436210847	GSE56140_cirr
HEYL	PFKP	0.8725744843391902	GSE56140_cirr
IGFBP7	PFKP	0.8065699006875477	GSE56140_cirr
MFGE8	PFKP	0.8245989304812833	GSE56140_cirr
PDGFRB	PFKP	0.814514896867838	GSE56140_cirr
ACSL1	PGRMC2	0.839877769289534	GSE56140_cirr
FH	PGRMC2	0.8820473644003055	GSE56140_cirr
LOC440055	PGRMC2	-0.8096256684491978	GSE56140_cirr
MTTP	PGRMC2	0.8475171886936592	GSE56140_cirr
NARS	PGRMC2	0.8062643239113827	GSE56140_cirr
PAH	PGRMC2	0.8517952635599694	GSE56140_cirr
GPER	PHGDH	0.8139037433155081	GSE56140_cirr
ADAMTSL2	PHLDB1	0.9025210084033612	GSE56140_cirr
ADCY3	PHLDB1	0.919633307868602	GSE56140_cirr
ASNS	PHLDB1	0.8047364400305576	GSE56140_cirr
BHLHB5	PHLDB1	0.8239877769289534	GSE56140_cirr
C1orf198	PHLDB1	0.8591291061879297	GSE56140_cirr
CCDC146	PHLDB1	0.8080977845683728	GSE56140_cirr
CCDC3	PHLDB1	0.8490450725744844	GSE56140_cirr
CLIC6	PHLDB1	0.8169595110771581	GSE56140_cirr
CLIP3	PHLDB1	0.8621848739495798	GSE56140_cirr
COL16A1	PHLDB1	0.8316271963330787	GSE56140_cirr
COLEC11	PHLDB1	0.8035141329258977	GSE56140_cirr
CYBRD1	PHLDB1	0.840794499618029	GSE56140_cirr
DPYSL3	PHLDB1	0.9266615737203971	GSE56140_cirr
EFEMP1	PHLDB1	0.8634071810542399	GSE56140_cirr
FAP	PHLDB1	0.8569900687547746	GSE56140_cirr
FBLN5	PHLDB1	0.8591291061879297	GSE56140_cirr
FLJ35258	PHLDB1	0.8071810542398777	GSE56140_cirr
GSTP1	PHLDB1	0.8466004583651642	GSE56140_cirr
HEYL	PHLDB1	0.8304048892284186	GSE56140_cirr
IGFBP7	PHLDB1	0.8481283422459893	GSE56140_cirr
ITPR3	PHLDB1	0.8120702826585179	GSE56140_cirr
KIAA1324L	PHLDB1	0.8108479755538578	GSE56140_cirr
LAMA2	PHLDB1	0.9016042780748662	GSE56140_cirr
LAMC3	PHLDB1	0.8627960275019099	GSE56140_cirr
LOC650369	PHLDB1	0.8090145148968678	GSE56140_cirr
LXN	PHLDB1	0.8777692895339954	GSE56140_cirr
MEG3	PHLDB1	0.8025974025974025	GSE56140_cirr
MFAP4	PHLDB1	0.9281894576012223	GSE56140_cirr
MFGE8	PHLDB1	0.841405653170359	GSE56140_cirr
MOXD1	PHLDB1	0.8569900687547746	GSE56140_cirr
MYH10	PHLDB1	0.8823529411764706	GSE56140_cirr
NDN	PHLDB1	0.8340718105423988	GSE56140_cirr
OLFML1	PHLDB1	0.839877769289534	GSE56140_cirr
PDGFRA	PHLDB1	0.8340718105423988	GSE56140_cirr
ACSM2B	PHYH	0.814514896867838	GSE56140_cirr
EHHADH	PHYH	0.8774637127578304	GSE56140_cirr
ADCY3	PIK3IP1	0.8252100840336134	GSE56140_cirr
ARHGEF2	PIK3IP1	0.8038197097020626	GSE56140_cirr
CCDC3	PIK3IP1	0.8322383498854087	GSE56140_cirr
CD6	PIK3IP1	0.8178762414056532	GSE56140_cirr
CLIP3	PIK3IP1	0.8187929717341482	GSE56140_cirr
DKFZp761P0423	PIK3IP1	0.8273491214667685	GSE56140_cirr
DPYSL3	PIK3IP1	0.8197097020626432	GSE56140_cirr
GSTP1	PIK3IP1	0.8178762414056532	GSE56140_cirr
HEBP1	PIK3IP1	-0.8044308632543926	GSE56140_cirr
IGFBP7	PIK3IP1	0.8377387318563789	GSE56140_cirr
MFGE8	PIK3IP1	0.8710466004583651	GSE56140_cirr
NDN	PIK3IP1	0.815431627196333	GSE56140_cirr
PDGFRB	PIK3IP1	0.8756302521008402	GSE56140_cirr
PFKP	PIK3IP1	0.8569900687547746	GSE56140_cirr
PDXK	PIK3R2	0.8111535523300228	GSE56140_cirr
CAMK1G	PIM2	0.8071810542398777	GSE56140_cirr
CRKRS	PIM2	0.8105423987776929	GSE56140_cirr
IGLL1	PIM2	0.897326203208556	GSE56140_cirr
LOC647450	PIM2	0.8307104660045835	GSE56140_cirr
LOC652493	PIM2	0.8343773873185638	GSE56140_cirr
LOC652694	PIM2	0.8117647058823529	GSE56140_cirr
MGC29506	PIM2	0.815737203972498	GSE56140_cirr
ACSL1	PIPOX	0.8539343009931245	GSE56140_cirr
CAT	PIPOX	0.814820473644003	GSE56140_cirr
F9	PIPOX	0.8713521772345301	GSE56140_cirr
FH	PIPOX	0.8059587471352176	GSE56140_cirr
GHR	PIPOX	0.8490450725744844	GSE56140_cirr
HAO1	PIPOX	0.8328495034377387	GSE56140_cirr
AKR1C2	PIR	0.8004583651642474	GSE56140_cirr
CD74	PKM2	0.8557677616501145	GSE56140_cirr
FAM127A	PLAC8	-0.8044308632543926	GSE56140_cirr
IL13RA2	PLAC8	0.8221543162719633	GSE56140_cirr
AHSG	PLAC9	-0.8029029793735676	GSE56140_cirr
APOH	PLAC9	-0.8475171886936592	GSE56140_cirr
C16orf30	PLAC9	0.8239877769289534	GSE56140_cirr
C6	PLAC9	-0.8453781512605041	GSE56140_cirr
CDO1	PLAC9	-0.8618792971734147	GSE56140_cirr
CLEC11A	PLAC9	0.8041252864782277	GSE56140_cirr
CP	PLAC9	-0.8007639419404124	GSE56140_cirr
CRYAB	PLAC9	0.8114591291061879	GSE56140_cirr
CTH	PLAC9	-0.8300993124522535	GSE56140_cirr
FGB	PLAC9	-0.8478227654698243	GSE56140_cirr
HAO1	PLAC9	-0.8197097020626432	GSE56140_cirr
ID2	PLAC9	-0.8206264323911382	GSE56140_cirr
LOC387882	PLAC9	0.8065699006875477	GSE56140_cirr
PAH	PLAC9	-0.8310160427807486	GSE56140_cirr
ADAMTSL2	PLAT	0.816042780748663	GSE56140_cirr
ADCY3	PLAT	0.8505729564553093	GSE56140_cirr
AEBP1	PLAT	0.8035141329258977	GSE56140_cirr
C16orf30	PLAT	0.8025974025974025	GSE56140_cirr
C1orf198	PLAT	0.8582123758594347	GSE56140_cirr
CCDC146	PLAT	0.8206264323911382	GSE56140_cirr
CCDC3	PLAT	0.8799083269671504	GSE56140_cirr
CFTR	PLAT	0.8545454545454546	GSE56140_cirr
CLIC6	PLAT	0.8313216195569136	GSE56140_cirr
CLIP3	PLAT	0.8453781512605041	GSE56140_cirr
COLEC11	PLAT	0.8252100840336134	GSE56140_cirr
DPYSL3	PLAT	0.8328495034377387	GSE56140_cirr
EFEMP2	PLAT	0.8591291061879297	GSE56140_cirr
FLJ35258	PLAT	0.8007639419404124	GSE56140_cirr
GSTP1	PLAT	0.8224598930481283	GSE56140_cirr
IGFBP6	PLAT	0.8719633307868602	GSE56140_cirr
IGFBP7	PLAT	0.8007639419404124	GSE56140_cirr
KIAA1324L	PLAT	0.8093200916730328	GSE56140_cirr
LAMA2	PLAT	0.893353705118411	GSE56140_cirr
MEG3	PLAT	0.8548510313216194	GSE56140_cirr
MFAP4	PLAT	0.8270435446906035	GSE56140_cirr
NDN	PLAT	0.8655462184873949	GSE56140_cirr
OLFML1	PLAT	0.8456837280366691	GSE56140_cirr
PDGFRB	PLAT	0.8190985485103133	GSE56140_cirr
PHLDB1	PLAT	0.8291825821237586	GSE56140_cirr
AIG1	PLAU	-0.840794499618029	GSE56140_cirr
APOH	PLAU	-0.8716577540106951	GSE56140_cirr
AQP12A	PLAU	-0.8099312452253628	GSE56140_cirr
C16orf30	PLAU	0.814209320091673	GSE56140_cirr
C1QTNF5	PLAU	0.8022918258212376	GSE56140_cirr
C4BPB	PLAU	-0.8175706646294881	GSE56140_cirr
C9	PLAU	-0.8068754774637127	GSE56140_cirr
CFI	PLAU	-0.8007639419404124	GSE56140_cirr
CLEC11A	PLAU	0.8649350649350648	GSE56140_cirr
COL6A1	PLAU	0.8139037433155081	GSE56140_cirr
CRIP2	PLAU	0.814820473644003	GSE56140_cirr
CRYAB	PLAU	0.8450725744843391	GSE56140_cirr
EMILIN1	PLAU	0.8261268143621084	GSE56140_cirr
FGB	PLAU	-0.8224598930481283	GSE56140_cirr
GADD45G	PLAU	-0.8010695187165775	GSE56140_cirr
GGH	PLAU	-0.8270435446906035	GSE56140_cirr
GJA4	PLAU	0.8019862490450725	GSE56140_cirr
HSPB6	PLAU	0.8466004583651642	GSE56140_cirr
LDB2	PLAU	0.8252100840336134	GSE56140_cirr
CSDA	PLD1	-0.8371275783040488	GSE56140_cirr
LOC440359	PLD1	-0.812987012987013	GSE56140_cirr
C4BPB	PLG	0.8035141329258977	GSE56140_cirr
CCL16	PLG	0.8340718105423988	GSE56140_cirr
LOC387882	PLG	-0.8453781512605041	GSE56140_cirr
LOC653498	PLG	0.8472116119174943	GSE56140_cirr
ACADM	PLGLB1	0.8294881588999234	GSE56140_cirr
ARG1	PLGLB1	0.8007639419404124	GSE56140_cirr
C4BPB	PLGLB1	0.8123758594346829	GSE56140_cirr
CDO1	PLGLB1	0.812987012987013	GSE56140_cirr
HAO1	PLGLB1	0.8178762414056532	GSE56140_cirr
LOC387882	PLGLB1	-0.8019862490450725	GSE56140_cirr
PLG	PLGLB1	0.869824293353705	GSE56140_cirr
ATAD2	PLTP	-0.8178762414056532	GSE56140_cirr
ADAMTSL2	PODN	0.8469060351413292	GSE56140_cirr
ADCY3	PODN	0.815126050420168	GSE56140_cirr
AEBP1	PODN	0.87012987012987	GSE56140_cirr
BGN	PODN	0.922689075630252	GSE56140_cirr
BHLHB5	PODN	0.8022918258212376	GSE56140_cirr
C16orf30	PODN	0.8368220015278839	GSE56140_cirr
C1orf106	PODN	0.8187929717341482	GSE56140_cirr
C1orf198	PODN	0.8484339190221544	GSE56140_cirr
CCDC3	PODN	0.8878533231474408	GSE56140_cirr
CD248	PODN	0.8025974025974025	GSE56140_cirr
CFI	PODN	-0.8059587471352176	GSE56140_cirr
CHST4	PODN	0.9095492742551566	GSE56140_cirr
CLDN10	PODN	0.86401833460657	GSE56140_cirr
CLIC6	PODN	0.8838808250572956	GSE56140_cirr
COL16A1	PODN	0.8291825821237586	GSE56140_cirr
COL6A1	PODN	0.838961038961039	GSE56140_cirr
CRYAB	PODN	0.8056531703590526	GSE56140_cirr
CTSK	PODN	0.8404889228418639	GSE56140_cirr
CXCL12	PODN	0.8576012223071047	GSE56140_cirr
DPYSL2	PODN	0.8172650878533231	GSE56140_cirr
DPYSL3	PODN	0.8041252864782277	GSE56140_cirr
EFEMP2	PODN	0.8411000763941939	GSE56140_cirr
EMILIN1	PODN	0.8967150496562261	GSE56140_cirr
FLJ35258	PODN	0.8609625668449197	GSE56140_cirr
FSTL3	PODN	0.8334606569900688	GSE56140_cirr
FXYD2	PODN	0.870435446906035	GSE56140_cirr
GSTP1	PODN	0.8548510313216194	GSE56140_cirr
HSPB6	PODN	0.8802139037433154	GSE56140_cirr
IGFBP6	PODN	0.838655462184874	GSE56140_cirr
IGFBP7	PODN	0.9168831168831169	GSE56140_cirr
IQGAP2	PODN	-0.8194041252864781	GSE56140_cirr
KIAA1324L	PODN	0.8029029793735676	GSE56140_cirr
KRT7	PODN	0.8368220015278839	GSE56140_cirr
LAMA2	PODN	0.8380443086325439	GSE56140_cirr
LAMC3	PODN	0.8429335370511841	GSE56140_cirr
LOC285016	PODN	0.8569900687547746	GSE56140_cirr
MEG3	PODN	0.8041252864782277	GSE56140_cirr
MFAP4	PODN	0.8200152788388082	GSE56140_cirr
MYH10	PODN	0.815737203972498	GSE56140_cirr
NDN	PODN	0.9333842627960275	GSE56140_cirr
PDGFRB	PODN	0.842322383498854	GSE56140_cirr
PHLDB1	PODN	0.8013750954927426	GSE56140_cirr
C1orf225	PON1	-0.8139037433155081	GSE56140_cirr
LOC650369	PON1	-0.8062643239113827	GSE56140_cirr
LOC647450	POU2AF1	0.8117647058823529	GSE56140_cirr
LOC652694	POU2AF1	0.8010695187165775	GSE56140_cirr
MGC29506	POU2AF1	0.8197097020626432	GSE56140_cirr
PANK1	PPAP2B	0.8016806722689075	GSE56140_cirr
PDK4	PPARGC1A	0.8258212375859434	GSE56140_cirr
AXUD1	PPP1R15A	0.8233766233766234	GSE56140_cirr
MFSD3	PPP1R16A	0.8090145148968678	GSE56140_cirr
ANXA2	PPP1R1A	-0.8038197097020626	GSE56140_cirr
CSAD	PPP1R1A	0.8022918258212376	GSE56140_cirr
EPHX2	PPP1R1A	0.8184873949579832	GSE56140_cirr
HGFAC	PPP1R1A	0.8291825821237586	GSE56140_cirr
ITGAV	PPP1R1A	-0.8090145148968678	GSE56140_cirr
LCAT	PPP1R1A	0.8041252864782277	GSE56140_cirr
AEBP1	PRICKLE1	0.8206264323911382	GSE56140_cirr
BGN	PRICKLE1	0.8786860198624904	GSE56140_cirr
CCDC3	PRICKLE1	0.8111535523300228	GSE56140_cirr
CFTR	PRICKLE1	0.8627960275019099	GSE56140_cirr
CLDN10	PRICKLE1	0.8044308632543926	GSE56140_cirr
CLIC6	PRICKLE1	0.8484339190221544	GSE56140_cirr
COL6A1	PRICKLE1	0.8762414056531703	GSE56140_cirr
CXCL12	PRICKLE1	0.841405653170359	GSE56140_cirr
EMILIN1	PRICKLE1	0.8838808250572956	GSE56140_cirr
FXYD2	PRICKLE1	0.8096256684491978	GSE56140_cirr
GSTP1	PRICKLE1	0.8236822001527884	GSE56140_cirr
HCLS1	PRICKLE1	0.8117647058823529	GSE56140_cirr
HSPB6	PRICKLE1	0.8166539343009931	GSE56140_cirr
KYNU	PRICKLE1	-0.8252100840336134	GSE56140_cirr
LOC285016	PRICKLE1	0.815737203972498	GSE56140_cirr
NDN	PRICKLE1	0.8462948815889991	GSE56140_cirr
OLFML3	PRICKLE1	0.8001527883880825	GSE56140_cirr
PODN	PRICKLE1	0.8365164247517188	GSE56140_cirr
ACSL1	PRKCDBP	-0.8001527883880825	GSE56140_cirr
CRYAB	PRKCDBP	0.8093200916730328	GSE56140_cirr
FH	PRKCDBP	-0.8221543162719633	GSE56140_cirr
MARCKSL1	PRKCDBP	0.8096256684491978	GSE56140_cirr
MTTP	PRKCDBP	-0.8025974025974025	GSE56140_cirr
PGRMC2	PRKCDBP	-0.8007639419404124	GSE56140_cirr
PLAC9	PRKCDBP	0.8016806722689075	GSE56140_cirr
CYP3A5	PRO0132	0.8004583651642474	GSE56140_cirr
ACACB	PROC	0.8634071810542399	GSE56140_cirr
ADH4	PROC	0.840794499618029	GSE56140_cirr
AKR1D1	PROC	0.8120702826585179	GSE56140_cirr
ALDH2	PROC	0.8090145148968678	GSE56140_cirr
DCXR	PROC	0.8692131398013752	GSE56140_cirr
DHRS4	PROC	0.8588235294117648	GSE56140_cirr
DNMT3L	PROC	0.8902979373567608	GSE56140_cirr
KLKB1	PROC	0.8649350649350648	GSE56140_cirr
LCAT	PROC	0.8536287242169596	GSE56140_cirr
LHPP	PROC	0.838961038961039	GSE56140_cirr
LOC653381	PROC	0.8239877769289534	GSE56140_cirr
MOSC1	PROC	0.8117647058823529	GSE56140_cirr
DKFZp761P0423	PRODH2	-0.8456837280366691	GSE56140_cirr
GBA3	PRODH2	0.8025974025974025	GSE56140_cirr
HADH	PRODH2	0.8016806722689075	GSE56140_cirr
HSD17B6	PRODH2	0.8059587471352176	GSE56140_cirr
ADAMTSL2	PROM1	0.8187929717341482	GSE56140_cirr
ADCY3	PROM1	0.8077922077922078	GSE56140_cirr
AEBP1	PROM1	0.8692131398013752	GSE56140_cirr
AIG1	PROM1	-0.8331550802139037	GSE56140_cirr
BGN	PROM1	0.921772345301757	GSE56140_cirr
BHLHB5	PROM1	0.8099312452253628	GSE56140_cirr
C16orf30	PROM1	0.8209320091673032	GSE56140_cirr
C1orf106	PROM1	0.8123758594346829	GSE56140_cirr
C1orf198	PROM1	0.8615737203972498	GSE56140_cirr
CCDC146	PROM1	0.8334606569900688	GSE56140_cirr
CCDC3	PROM1	0.8777692895339954	GSE56140_cirr
CD248	PROM1	0.8307104660045835	GSE56140_cirr
CFI	PROM1	-0.8025974025974025	GSE56140_cirr
CFTR	PROM1	0.9324675324675324	GSE56140_cirr
CHST4	PROM1	0.8747135217723453	GSE56140_cirr
CLDN10	PROM1	0.9022154316271963	GSE56140_cirr
CLIC6	PROM1	0.9318563789152023	GSE56140_cirr
COL16A1	PROM1	0.8209320091673032	GSE56140_cirr
COL6A1	PROM1	0.8722689075630252	GSE56140_cirr
CTSK	PROM1	0.8190985485103133	GSE56140_cirr
CXCL12	PROM1	0.8466004583651642	GSE56140_cirr
CXCL6	PROM1	0.8334606569900688	GSE56140_cirr
DPYSL2	PROM1	0.816348357524828	GSE56140_cirr
EFEMP2	PROM1	0.8093200916730328	GSE56140_cirr
EMILIN1	PROM1	0.8820473644003055	GSE56140_cirr
FLJ35258	PROM1	0.8521008403361344	GSE56140_cirr
FXYD2	PROM1	0.8994652406417113	GSE56140_cirr
GSTP1	PROM1	0.8624904507257448	GSE56140_cirr
HEYL	PROM1	0.8270435446906035	GSE56140_cirr
HSPB6	PROM1	0.8282658517952636	GSE56140_cirr
IGFBP7	PROM1	0.8172650878533231	GSE56140_cirr
KRT7	PROM1	0.8533231474407945	GSE56140_cirr
KYNU	PROM1	-0.8080977845683728	GSE56140_cirr
LAMA2	PROM1	0.8206264323911382	GSE56140_cirr
LAMC3	PROM1	0.840794499618029	GSE56140_cirr
LOC285016	PROM1	0.8475171886936592	GSE56140_cirr
MEG3	PROM1	0.8184873949579832	GSE56140_cirr
NDN	PROM1	0.866768525592055	GSE56140_cirr
PDGFRB	PROM1	0.8365164247517188	GSE56140_cirr
PFKP	PROM1	0.813292589763178	GSE56140_cirr
PLAT	PROM1	0.8487394957983193	GSE56140_cirr
PODN	PROM1	0.8624904507257448	GSE56140_cirr
PRICKLE1	PROM1	0.9187165775401069	GSE56140_cirr
ARG1	PSCD4	-0.8511841100076394	GSE56140_cirr
ARHGAP4	PSCD4	0.8123758594346829	GSE56140_cirr
C16orf30	PSCD4	0.8059587471352176	GSE56140_cirr
CYGB	PSCD4	0.8200152788388082	GSE56140_cirr
DECR1	PSCD4	-0.8209320091673032	GSE56140_cirr
LOC730994	PSCD4	0.815431627196333	GSE56140_cirr
ADCY3	PTGDS	0.8255156608097783	GSE56140_cirr
C16orf30	PTGDS	0.8383498854087089	GSE56140_cirr
C1orf198	PTGDS	0.8297937356760885	GSE56140_cirr
CCDC3	PTGDS	0.8869365928189457	GSE56140_cirr
CKB	PTGDS	0.8459893048128342	GSE56140_cirr
CLIP3	PTGDS	0.8239877769289534	GSE56140_cirr
CTSK	PTGDS	0.8420168067226891	GSE56140_cirr
DKFZP586H2123	PTGDS	0.8016806722689075	GSE56140_cirr
DPYSL3	PTGDS	0.8304048892284186	GSE56140_cirr
EFHD1	PTGDS	0.8456837280366691	GSE56140_cirr
GSTP1	PTGDS	0.812987012987013	GSE56140_cirr
IGFBP6	PTGDS	0.8875477463712758	GSE56140_cirr
IGFBP7	PTGDS	0.8242933537051185	GSE56140_cirr
KIAA1324L	PTGDS	0.8514896867838043	GSE56140_cirr
LAMA2	PTGDS	0.8432391138273491	GSE56140_cirr
MFAP4	PTGDS	0.8084033613445378	GSE56140_cirr
NDN	PTGDS	0.8881588999236057	GSE56140_cirr
PDGFRB	PTGDS	0.8184873949579832	GSE56140_cirr
PHLDB1	PTGDS	0.8310160427807486	GSE56140_cirr
PLAT	PTGDS	0.870435446906035	GSE56140_cirr
PODN	PTGDS	0.8447669977081741	GSE56140_cirr
ADAMTSL2	PTGIS	0.8548510313216194	GSE56140_cirr
ADCY3	PTGIS	0.8001527883880825	GSE56140_cirr
AEBP1	PTGIS	0.8530175706646295	GSE56140_cirr
BGN	PTGIS	0.8707410236822001	GSE56140_cirr
C1orf106	PTGIS	0.8187929717341482	GSE56140_cirr
C1orf198	PTGIS	0.8805194805194805	GSE56140_cirr
CCDC146	PTGIS	0.8967150496562261	GSE56140_cirr
CCDC3	PTGIS	0.8374331550802139	GSE56140_cirr
CD248	PTGIS	0.8362108479755538	GSE56140_cirr
CHST4	PTGIS	0.8355996944232238	GSE56140_cirr
CLIC6	PTGIS	0.8661573720397249	GSE56140_cirr
CLIP3	PTGIS	0.8007639419404124	GSE56140_cirr
COL1A2	PTGIS	0.8300993124522535	GSE56140_cirr
COL6A1	PTGIS	0.8080977845683728	GSE56140_cirr
CTSK	PTGIS	0.8200152788388082	GSE56140_cirr
CXCL12	PTGIS	0.8851031321619556	GSE56140_cirr
DKFZp761P0423	PTGIS	0.815737203972498	GSE56140_cirr
DPYSL2	PTGIS	0.8747135217723453	GSE56140_cirr
EFEMP1	PTGIS	0.8352941176470587	GSE56140_cirr
EFEMP2	PTGIS	0.8096256684491978	GSE56140_cirr
EMILIN1	PTGIS	0.8279602750190985	GSE56140_cirr
FBLN5	PTGIS	0.8331550802139037	GSE56140_cirr
FLJ22662	PTGIS	0.8019862490450725	GSE56140_cirr
FLJ35258	PTGIS	0.8447669977081741	GSE56140_cirr
FNDC1	PTGIS	0.8010695187165775	GSE56140_cirr
GSTP1	PTGIS	0.8988540870893812	GSE56140_cirr
HCLS1	PTGIS	0.8099312452253628	GSE56140_cirr
HSPB6	PTGIS	0.8096256684491978	GSE56140_cirr
IGFBP7	PTGIS	0.9003819709702061	GSE56140_cirr
ITM2C	PTGIS	0.8239877769289534	GSE56140_cirr
LAMA2	PTGIS	0.8722689075630252	GSE56140_cirr
LAMC3	PTGIS	0.8297937356760885	GSE56140_cirr
MAPK13	PTGIS	0.8218487394957983	GSE56140_cirr
MFAP4	PTGIS	0.8123758594346829	GSE56140_cirr
MYH10	PTGIS	0.8744079449961804	GSE56140_cirr
NDN	PTGIS	0.8572956455309396	GSE56140_cirr
PDGFRB	PTGIS	0.8218487394957983	GSE56140_cirr
PHLDB1	PTGIS	0.8304048892284186	GSE56140_cirr
PODN	PTGIS	0.8890756302521008	GSE56140_cirr
PRICKLE1	PTGIS	0.8044308632543926	GSE56140_cirr
PROM1	PTGIS	0.816348357524828	GSE56140_cirr
CKS1B	PTGR1	0.8068754774637127	GSE56140_cirr
COL6A3	PTGR1	-0.816348357524828	GSE56140_cirr
HLA-DOA	PTGR1	-0.8004583651642474	GSE56140_cirr
CAMK2N1	PTMS	0.8395721925133689	GSE56140_cirr
CMTM8	PTMS	0.8218487394957983	GSE56140_cirr
EPHX1	PTMS	0.8453781512605041	GSE56140_cirr
FAM50A	PTMS	-0.8258212375859434	GSE56140_cirr
GRINA	PTMS	0.8857142857142857	GSE56140_cirr
LDHD	PTMS	0.8117647058823529	GSE56140_cirr
LOC554235	PTMS	0.8890756302521008	GSE56140_cirr
LOC643031	PTMS	0.8444614209320092	GSE56140_cirr
MACROD1	PTMS	0.8548510313216194	GSE56140_cirr
MGC70857	PTMS	0.9113827349121466	GSE56140_cirr
MRPL2	PTMS	0.9012987012987013	GSE56140_cirr
OAF	PTMS	0.947746371275783	GSE56140_cirr
PA2G4	PTMS	0.8038197097020626	GSE56140_cirr
CCDC146	PTRF	0.8249045072574483	GSE56140_cirr
COL16A1	PTRF	0.812987012987013	GSE56140_cirr
COL5A1	PTRF	0.813598166539343	GSE56140_cirr
FBLN5	PTRF	0.8038197097020626	GSE56140_cirr
HEYL	PTRF	0.8169595110771581	GSE56140_cirr
OLFML1	PTRF	0.8453781512605041	GSE56140_cirr
CCNB2	PTTG1	0.8637127578304049	GSE56140_cirr
CDC20	PTTG1	0.8747135217723453	GSE56140_cirr
KIF20A	PTTG1	0.8120702826585179	GSE56140_cirr
ACMSD	PXMP2	0.8557677616501145	GSE56140_cirr
ACOX2	PXMP2	0.8001527883880825	GSE56140_cirr
ALDOB	PXMP2	0.8374331550802139	GSE56140_cirr
PCK2	PXMP2	0.8074866310160428	GSE56140_cirr
ALDH2	QDPR	0.8172650878533231	GSE56140_cirr
ASS1	QDPR	0.8866310160427807	GSE56140_cirr
CD24	QDPR	-0.8181818181818182	GSE56140_cirr
ESR1	QDPR	0.8062643239113827	GSE56140_cirr
FIT1	QDPR	0.815431627196333	GSE56140_cirr
GCDH	QDPR	0.8178762414056532	GSE56140_cirr
HAO2	QDPR	0.8325439266615737	GSE56140_cirr
KMO	QDPR	0.8187929717341482	GSE56140_cirr
LOC388588	QDPR	0.8181818181818182	GSE56140_cirr
AMT	QPRT	0.8093200916730328	GSE56140_cirr
CYP4F12	QPRT	0.8001527883880825	GSE56140_cirr
GPT	QPRT	0.8062643239113827	GSE56140_cirr
C8orf40	RAB25	-0.813292589763178	GSE56140_cirr
CHST4	RAB25	0.8374331550802139	GSE56140_cirr
DCDC2	RAB25	0.8209320091673032	GSE56140_cirr
FXYD2	RAB25	0.815431627196333	GSE56140_cirr
GPR56	RAB25	0.8796027501909855	GSE56140_cirr
MAPK13	RAB25	0.8808250572956454	GSE56140_cirr
PODN	RAB25	0.8206264323911382	GSE56140_cirr
PTGIS	RAB25	0.813598166539343	GSE56140_cirr
DPYS	RAB26	0.8007639419404124	GSE56140_cirr
ETNK2	RAB26	0.816042780748663	GSE56140_cirr
IFI16	RAB26	-0.8038197097020626	GSE56140_cirr
AKR1C2	RAB31	-0.814820473644003	GSE56140_cirr
FLJ22662	RAB31	0.8273491214667685	GSE56140_cirr
HLA-DMA	RAB31	0.8221543162719633	GSE56140_cirr
PARVG	RAB31	0.8004583651642474	GSE56140_cirr
PODN	RAB34	0.8022918258212376	GSE56140_cirr
ALOX5AP	RAC2	0.8334606569900688	GSE56140_cirr
ARHGAP4	RAC2	0.8652406417112298	GSE56140_cirr
ARHGEF2	RAC2	0.8472116119174943	GSE56140_cirr
CD2	RAC2	0.8331550802139037	GSE56140_cirr
CD6	RAC2	0.8823529411764706	GSE56140_cirr
CSF1R	RAC2	0.8053475935828877	GSE56140_cirr
EMP3	RAC2	0.8074866310160428	GSE56140_cirr
PSCD4	RAC2	0.8282658517952636	GSE56140_cirr
EBP	RAP1GAP	-0.8462948815889991	GSE56140_cirr
HAGH	RAP1GAP	-0.814820473644003	GSE56140_cirr
ADCY3	RARRES1	0.8099312452253628	GSE56140_cirr
C7	RARRES1	0.8450725744843391	GSE56140_cirr
C7orf55	RARRES1	-0.8270435446906035	GSE56140_cirr
COLEC11	RARRES1	0.8218487394957983	GSE56140_cirr
DCN	RARRES1	0.8065699006875477	GSE56140_cirr
FGD3	RARRES1	0.8166539343009931	GSE56140_cirr
GJB1	RARRES1	-0.8438502673796792	GSE56140_cirr
ITPR3	RARRES1	0.8585179526355997	GSE56140_cirr
LOC652694	RARRES1	0.8111535523300228	GSE56140_cirr
LUM	RARRES1	0.8502673796791443	GSE56140_cirr
MOXD1	RARRES1	0.867379679144385	GSE56140_cirr
PDGFRA	RARRES1	0.8591291061879297	GSE56140_cirr
DAO	RARRES2	0.8016806722689075	GSE56140_cirr
ADAMTS9	RASEF	0.8212375859434682	GSE56140_cirr
CRISPLD2	RASEF	0.842322383498854	GSE56140_cirr
ADAMTSL2	RASL11B	0.86829640947288	GSE56140_cirr
ADCY3	RASL11B	0.8484339190221544	GSE56140_cirr
CYBRD1	RASL11B	0.870435446906035	GSE56140_cirr
FBLN5	RASL11B	0.8056531703590526	GSE56140_cirr
ITPR3	RASL11B	0.8194041252864781	GSE56140_cirr
MFAP4	RASL11B	0.8591291061879297	GSE56140_cirr
NDN	RASL11B	0.8313216195569136	GSE56140_cirr
PDGFRA	RASL11B	0.8178762414056532	GSE56140_cirr
PHLDB1	RASL11B	0.8212375859434682	GSE56140_cirr
ADAMTSL2	RBP1	0.8227654698242933	GSE56140_cirr
BGN	RBP1	0.8447669977081741	GSE56140_cirr
C1orf198	RBP1	0.8016806722689075	GSE56140_cirr
CHST4	RBP1	0.8001527883880825	GSE56140_cirr
CLDN10	RBP1	0.8634071810542399	GSE56140_cirr
CLIC6	RBP1	0.8383498854087089	GSE56140_cirr
FLJ35258	RBP1	0.8038197097020626	GSE56140_cirr
FXYD2	RBP1	0.8038197097020626	GSE56140_cirr
IGFBP7	RBP1	0.8016806722689075	GSE56140_cirr
LAMC3	RBP1	0.8310160427807486	GSE56140_cirr
MAPK13	RBP1	0.816348357524828	GSE56140_cirr
PODN	RBP1	0.8374331550802139	GSE56140_cirr
RAB25	RBP1	0.8249045072574483	GSE56140_cirr
ANXA2	RBP5	-0.8050420168067226	GSE56140_cirr
HRSP12	RBP5	0.8487394957983193	GSE56140_cirr
LOC388503	RBP5	0.8527119938884644	GSE56140_cirr
ABCB6	RCAN2	-0.8035141329258977	GSE56140_cirr
ADAMTSL2	RCAN2	0.8074866310160428	GSE56140_cirr
ADCY3	RCAN2	0.8074866310160428	GSE56140_cirr
CYBRD1	RCAN2	0.8887700534759359	GSE56140_cirr
DPYSL3	RCAN2	0.8493506493506494	GSE56140_cirr
FBLN5	RCAN2	0.815737203972498	GSE56140_cirr
GPC4	RCAN2	0.838655462184874	GSE56140_cirr
IGFBP6	RCAN2	0.842322383498854	GSE56140_cirr
LAMA2	RCAN2	0.8093200916730328	GSE56140_cirr
LHFP	RCAN2	0.8114591291061879	GSE56140_cirr
MFAP4	RCAN2	0.8881588999236057	GSE56140_cirr
MFGE8	RCAN2	0.8282658517952636	GSE56140_cirr
MGP	RCAN2	0.8432391138273491	GSE56140_cirr
MMRN1	RCAN2	0.816042780748663	GSE56140_cirr
OLFML1	RCAN2	0.8300993124522535	GSE56140_cirr
PHLDB1	RCAN2	0.8249045072574483	GSE56140_cirr
RASL11B	RCAN2	0.8093200916730328	GSE56140_cirr
CSAD	RCL1	0.8505729564553093	GSE56140_cirr
ANXA2	RDH16	-0.8047364400305576	GSE56140_cirr
ITIH2	RDH5	0.8139037433155081	GSE56140_cirr
IVD	RDH5	0.814209320091673	GSE56140_cirr
AGXT	REEP6	0.8123758594346829	GSE56140_cirr
ECHS1	REEP6	0.8481283422459893	GSE56140_cirr
FBXO31	REEP6	0.814514896867838	GSE56140_cirr
FNDC1	RGN	-0.8365164247517188	GSE56140_cirr
RGS1	RGS2	0.8249045072574483	GSE56140_cirr
CHCHD10	RHOD	0.8380443086325439	GSE56140_cirr
CYC1	RHOD	0.8841864018334606	GSE56140_cirr
EPHX1	RHOD	0.8187929717341482	GSE56140_cirr
ESPN	RHOD	0.8047364400305576	GSE56140_cirr
OAF	RHOD	0.8194041252864781	GSE56140_cirr
ACADM	RNASE4	0.8050420168067226	GSE56140_cirr
ANG	RNASE4	0.8334606569900688	GSE56140_cirr
EHHADH	RNASE4	0.8447669977081741	GSE56140_cirr
MARCKSL1	RNASE4	-0.8007639419404124	GSE56140_cirr
PHYH	RNASE4	0.8261268143621084	GSE56140_cirr
CXCL6	RNASE6	0.8209320091673032	GSE56140_cirr
HACL1	RNASE6	-0.8325439266615737	GSE56140_cirr
MS4A7	RNASET2	0.814514896867838	GSE56140_cirr
FETUB	RND2	0.8401833460656989	GSE56140_cirr
LCAT	RND2	0.814514896867838	GSE56140_cirr
PPP1R1A	RND2	0.8120702826585179	GSE56140_cirr
PROC	RND2	0.869824293353705	GSE56140_cirr
EVI1	RPL15	0.8233766233766234	GSE56140_cirr
HAO2	RPRML	-0.816042780748663	GSE56140_cirr
LOC387882	RPRML	0.8010695187165775	GSE56140_cirr
AMBP	RRAS	-0.8090145148968678	GSE56140_cirr
C1QTNF5	RRAS	0.8230710466004584	GSE56140_cirr
GBA3	RRAS	-0.8215431627196332	GSE56140_cirr
GHR	RRAS	-0.8267379679144384	GSE56140_cirr
HAO1	RRAS	-0.8441558441558442	GSE56140_cirr
LOC387882	RRAS	0.8646294881589	GSE56140_cirr
LOC653498	RRAS	-0.8105423987776929	GSE56140_cirr
PCSK5	RRAS	0.8209320091673032	GSE56140_cirr
PLG	RRAS	-0.8255156608097783	GSE56140_cirr
PLGLB1	RRAS	-0.8582123758594347	GSE56140_cirr
CMPK2	RTP4	0.9193277310924369	GSE56140_cirr
HERC6	RTP4	0.8585179526355997	GSE56140_cirr
IFIT1	RTP4	0.8860198624904506	GSE56140_cirr
IFIT3	RTP4	0.8288770053475936	GSE56140_cirr
ISG15	RTP4	0.9086325439266616	GSE56140_cirr
MX1	RTP4	0.8264323911382735	GSE56140_cirr
OAS2	RTP4	0.8734912146676852	GSE56140_cirr
PLG	RUSC1	-0.8221543162719633	GSE56140_cirr
AKR1D1	S100A10	-0.8383498854087089	GSE56140_cirr
ALDH8A1	S100A10	-0.8056531703590526	GSE56140_cirr
ANXA2	S100A10	0.814820473644003	GSE56140_cirr
FIT1	S100A10	-0.8025974025974025	GSE56140_cirr
GCDH	S100A10	-0.8245989304812833	GSE56140_cirr
GCKR	S100A10	-0.8224598930481283	GSE56140_cirr
PRODH2	S100A10	-0.8047364400305576	GSE56140_cirr
ANXA1	S100A11	0.8291825821237586	GSE56140_cirr
CD248	S100A11	0.8099312452253628	GSE56140_cirr
COL6A1	S100A11	0.8612681436210847	GSE56140_cirr
EMILIN1	S100A11	0.8609625668449197	GSE56140_cirr
EMP3	S100A11	0.8114591291061879	GSE56140_cirr
ENO2	S100A11	0.8178762414056532	GSE56140_cirr
FSTL3	S100A11	0.8267379679144384	GSE56140_cirr
HCLS1	S100A11	0.8120702826585179	GSE56140_cirr
KIAA1949	S100A11	0.814209320091673	GSE56140_cirr
KRT19	S100A11	0.813598166539343	GSE56140_cirr
PID1	S100A11	-0.8093200916730328	GSE56140_cirr
RAB31	S100A11	0.813292589763178	GSE56140_cirr
AIG1	S100A4	-0.8084033613445378	GSE56140_cirr
ARG1	S100A4	-0.8230710466004584	GSE56140_cirr
ARHGAP4	S100A4	0.8093200916730328	GSE56140_cirr
BGN	S100A4	0.8212375859434682	GSE56140_cirr
C4BPA	S100A4	-0.8001527883880825	GSE56140_cirr
C4BPB	S100A4	-0.8612681436210847	GSE56140_cirr
CFI	S100A4	-0.8728800611153552	GSE56140_cirr
COL6A1	S100A4	0.8273491214667685	GSE56140_cirr
CXCL12	S100A4	0.8200152788388082	GSE56140_cirr
CYB5A	S100A4	-0.8056531703590526	GSE56140_cirr
EMILIN1	S100A4	0.8618792971734147	GSE56140_cirr
FXYD2	S100A4	0.8019862490450725	GSE56140_cirr
IQGAP2	S100A4	-0.8093200916730328	GSE56140_cirr
PRICKLE1	S100A4	0.8432391138273491	GSE56140_cirr
PROM1	S100A4	0.8093200916730328	GSE56140_cirr
PSCD4	S100A4	0.8218487394957983	GSE56140_cirr
AQP11	S100A6	-0.8123758594346829	GSE56140_cirr
COL15A1	S100A6	0.842322383498854	GSE56140_cirr
CSDA	S100A6	0.842322383498854	GSE56140_cirr
DKFZp761P0423	S100A6	0.8273491214667685	GSE56140_cirr
GLYATL1	S100A6	-0.8084033613445378	GSE56140_cirr
IL13RA2	S100A6	-0.8646294881589	GSE56140_cirr
LHFP	S100A6	0.8264323911382735	GSE56140_cirr
MGP	S100A6	0.812681436210848	GSE56140_cirr
PALLD	S100A6	0.816348357524828	GSE56140_cirr
PAM	S100A6	0.8307104660045835	GSE56140_cirr
PFKP	S100A6	0.8187929717341482	GSE56140_cirr
PIK3IP1	S100A6	0.816042780748663	GSE56140_cirr
ABCG8	S100A9	-0.8019862490450725	GSE56140_cirr
CRP	SAA1	0.8722689075630252	GSE56140_cirr
LRG1	SAA4	0.8527119938884644	GSE56140_cirr
CAMK2N1	SAC3D1	0.816042780748663	GSE56140_cirr
CHCHD10	SAC3D1	0.8343773873185638	GSE56140_cirr
CYC1	SAC3D1	0.8569900687547746	GSE56140_cirr
EPHX1	SAC3D1	0.8230710466004584	GSE56140_cirr
LOC388564	SAC3D1	0.8166539343009931	GSE56140_cirr
LOC654194	SAC3D1	0.8004583651642474	GSE56140_cirr
MRPL2	SAC3D1	0.8279602750190985	GSE56140_cirr
PA2G4	SAC3D1	0.8713521772345301	GSE56140_cirr
AZGP1	SARDH	0.8322383498854087	GSE56140_cirr
LOC554235	SARDH	0.8194041252864781	GSE56140_cirr
PTMS	SARDH	0.8218487394957983	GSE56140_cirr
C10orf65	SAT2	0.8096256684491978	GSE56140_cirr
CRYL1	SAT2	0.8359052711993887	GSE56140_cirr
FAHD2B	SAT2	0.8041252864782277	GSE56140_cirr
GLYAT	SAT2	0.8288770053475936	GSE56140_cirr
APOH	SC65	-0.8624904507257448	GSE56140_cirr
C4BPB	SC65	-0.816042780748663	GSE56140_cirr
C6	SC65	-0.8166539343009931	GSE56140_cirr
CLEC11A	SC65	0.8264323911382735	GSE56140_cirr
GGH	SC65	-0.8047364400305576	GSE56140_cirr
HAO1	SC65	-0.8499618029029793	GSE56140_cirr
GRINA	SCAMP3	0.8120702826585179	GSE56140_cirr
SAC3D1	SCAMP3	0.8441558441558442	GSE56140_cirr
ACOX2	SCG5	0.8753246753246752	GSE56140_cirr
ELF3	SCG5	-0.8334606569900688	GSE56140_cirr
GSTA1	SCG5	0.8337662337662338	GSE56140_cirr
LOC285733	SCG5	0.8383498854087089	GSE56140_cirr
PCK2	SCG5	0.8267379679144384	GSE56140_cirr
CDH1	SCNN1A	0.8099312452253628	GSE56140_cirr
AEBP1	SCRN1	0.8004583651642474	GSE56140_cirr
ARHGEF2	SCRN1	0.814514896867838	GSE56140_cirr
C16orf30	SCRN1	0.8860198624904506	GSE56140_cirr
CCDC3	SCRN1	0.8826585179526356	GSE56140_cirr
CFTR	SCRN1	0.814209320091673	GSE56140_cirr
CLEC11A	SCRN1	0.8117647058823529	GSE56140_cirr
CLIC6	SCRN1	0.8224598930481283	GSE56140_cirr
COL6A1	SCRN1	0.813292589763178	GSE56140_cirr
CTSK	SCRN1	0.8539343009931245	GSE56140_cirr
DPYSL3	SCRN1	0.8218487394957983	GSE56140_cirr
EFEMP2	SCRN1	0.8087089381207029	GSE56140_cirr
EFHD1	SCRN1	0.8074866310160428	GSE56140_cirr
EMILIN1	SCRN1	0.8200152788388082	GSE56140_cirr
EMP3	SCRN1	0.8475171886936592	GSE56140_cirr
GSTP1	SCRN1	0.8352941176470587	GSE56140_cirr
HCLS1	SCRN1	0.8285714285714286	GSE56140_cirr
IGFBP6	SCRN1	0.8255156608097783	GSE56140_cirr
IGFBP7	SCRN1	0.840794499618029	GSE56140_cirr
ITM2C	SCRN1	0.8169595110771581	GSE56140_cirr
KIAA1949	SCRN1	0.8780748663101604	GSE56140_cirr
LAMA2	SCRN1	0.815431627196333	GSE56140_cirr
LDB2	SCRN1	0.813292589763178	GSE56140_cirr
LOC730994	SCRN1	0.8203208556149731	GSE56140_cirr
MTTP	SCRN1	-0.8566844919786095	GSE56140_cirr
NDN	SCRN1	0.9092436974789916	GSE56140_cirr
PDGFRB	SCRN1	0.8909090909090909	GSE56140_cirr
PIK3IP1	SCRN1	0.812987012987013	GSE56140_cirr
PLAT	SCRN1	0.8557677616501145	GSE56140_cirr
PODN	SCRN1	0.8242933537051185	GSE56140_cirr
PRICKLE1	SCRN1	0.8087089381207029	GSE56140_cirr
PRKCDBP	SCRN1	0.8181818181818182	GSE56140_cirr
PROM1	SCRN1	0.8297937356760885	GSE56140_cirr
PSCD4	SCRN1	0.8343773873185638	GSE56140_cirr
PTGDS	SCRN1	0.8560733384262795	GSE56140_cirr
RAC2	SCRN1	0.812987012987013	GSE56140_cirr
S100A11	SCRN1	0.8368220015278839	GSE56140_cirr
ADAMTSL2	SCTR	0.8637127578304049	GSE56140_cirr
ADCY3	SCTR	0.87012987012987	GSE56140_cirr
AEBP1	SCTR	0.8401833460656989	GSE56140_cirr
ARHGEF2	SCTR	0.8074866310160428	GSE56140_cirr
BGN	SCTR	0.8600458365164246	GSE56140_cirr
BHLHB5	SCTR	0.8071810542398777	GSE56140_cirr
C1orf198	SCTR	0.8297937356760885	GSE56140_cirr
CFTR	SCTR	0.9064935064935065	GSE56140_cirr
CHST4	SCTR	0.8068754774637127	GSE56140_cirr
CLDN10	SCTR	0.8355996944232238	GSE56140_cirr
CLIC6	SCTR	0.8542398777692896	GSE56140_cirr
CLIP3	SCTR	0.8169595110771581	GSE56140_cirr
COL16A1	SCTR	0.813292589763178	GSE56140_cirr
COL5A1	SCTR	0.8362108479755538	GSE56140_cirr
DPYSL3	SCTR	0.8242933537051185	GSE56140_cirr
FLJ35258	SCTR	0.812987012987013	GSE56140_cirr
IGFBP7	SCTR	0.8441558441558442	GSE56140_cirr
LAMA2	SCTR	0.8469060351413292	GSE56140_cirr
LAMC3	SCTR	0.8823529411764706	GSE56140_cirr
MEG3	SCTR	0.8618792971734147	GSE56140_cirr
MFAP4	SCTR	0.8432391138273491	GSE56140_cirr
NDN	SCTR	0.813598166539343	GSE56140_cirr
OLFML1	SCTR	0.8080977845683728	GSE56140_cirr
PDGFRB	SCTR	0.8493506493506494	GSE56140_cirr
PLAT	SCTR	0.8047364400305576	GSE56140_cirr
PODN	SCTR	0.8004583651642474	GSE56140_cirr
PROM1	SCTR	0.8310160427807486	GSE56140_cirr
AMDHD1	SDS	0.9016042780748662	GSE56140_cirr
CD24	SDS	-0.8047364400305576	GSE56140_cirr
RCL1	SDS	0.8001527883880825	GSE56140_cirr
ACOX2	SEC14L2	0.8071810542398777	GSE56140_cirr
CAPN5	SEC14L2	0.8273491214667685	GSE56140_cirr
COQ10A	SEC14L2	0.8032085561497326	GSE56140_cirr
CTNNBL1	SEC14L2	0.8352941176470587	GSE56140_cirr
CYP27A1	SEC14L2	0.8212375859434682	GSE56140_cirr
CYP4F12	SEC14L2	0.8267379679144384	GSE56140_cirr
EBP	SEC14L2	0.8200152788388082	GSE56140_cirr
GPT	SEC14L2	0.8359052711993887	GSE56140_cirr
HAGH	SEC14L2	0.8203208556149731	GSE56140_cirr
HLA-DQA1	SEC14L2	-0.8304048892284186	GSE56140_cirr
LOC650369	SEC14L2	-0.8597402597402596	GSE56140_cirr
PCK2	SEC14L2	0.8047364400305576	GSE56140_cirr
QPRT	SEC14L2	0.8759358288770053	GSE56140_cirr
RAB26	SEC14L2	0.8053475935828877	GSE56140_cirr
SCG5	SEC14L2	0.8307104660045835	GSE56140_cirr
C1orf225	SELENBP1	-0.8542398777692896	GSE56140_cirr
COQ10A	SELENBP1	0.815737203972498	GSE56140_cirr
CRYL1	SELENBP1	0.8948815889992361	GSE56140_cirr
GLYAT	SELENBP1	0.8371275783040488	GSE56140_cirr
GPC4	SELENBP1	-0.8022918258212376	GSE56140_cirr
HAO2	SELENBP1	0.8432391138273491	GSE56140_cirr
LCAT	SELENBP1	0.8105423987776929	GSE56140_cirr
MOSC1	SELENBP1	0.8466004583651642	GSE56140_cirr
NR1I3	SELENBP1	0.813598166539343	GSE56140_cirr
PALLD	SELENBP1	-0.8334606569900688	GSE56140_cirr
ACAT1	SELM	-0.8359052711993887	GSE56140_cirr
AMBP	SELM	-0.8429335370511841	GSE56140_cirr
ASGR1	SELM	-0.8472116119174943	GSE56140_cirr
C1QTNF5	SELM	0.8459893048128342	GSE56140_cirr
CAT	SELM	-0.8734912146676852	GSE56140_cirr
CRIP2	SELM	0.8420168067226891	GSE56140_cirr
CRYAB	SELM	0.8249045072574483	GSE56140_cirr
CTH	SELM	-0.8175706646294881	GSE56140_cirr
DCI	SELM	-0.8120702826585179	GSE56140_cirr
DKFZp761P0423	SELM	0.8475171886936592	GSE56140_cirr
EVI1	SELM	0.8380443086325439	GSE56140_cirr
F7	SELM	-0.8343773873185638	GSE56140_cirr
FAM127A	SELM	0.8835752482811307	GSE56140_cirr
GBA3	SELM	-0.8065699006875477	GSE56140_cirr
GHR	SELM	-0.8988540870893812	GSE56140_cirr
HAO1	SELM	-0.8600458365164246	GSE56140_cirr
HRSP12	SELM	-0.8029029793735676	GSE56140_cirr
HSD17B6	SELM	-0.8316271963330787	GSE56140_cirr
KNG1	SELM	-0.8481283422459893	GSE56140_cirr
LOC387882	SELM	0.9052711993888464	GSE56140_cirr
LOC653498	SELM	-0.814514896867838	GSE56140_cirr
MARCKSL1	SELM	0.8615737203972498	GSE56140_cirr
NDUFA4L2	SELM	0.8334606569900688	GSE56140_cirr
PLAC8	SELM	-0.8062643239113827	GSE56140_cirr
PRKCDBP	SELM	0.8178762414056532	GSE56140_cirr
RRAS	SELM	0.814514896867838	GSE56140_cirr
S100A6	SELM	0.8258212375859434	GSE56140_cirr
RAB31	SEMA4A	0.8047364400305576	GSE56140_cirr
ALOX5AP	SEMA4D	0.8869365928189457	GSE56140_cirr
ARHGAP15	SEMA4D	0.814820473644003	GSE56140_cirr
ARHGDIB	SEMA4D	0.8252100840336134	GSE56140_cirr
ARHGEF6	SEMA4D	0.8692131398013752	GSE56140_cirr
CCL5	SEMA4D	0.8637127578304049	GSE56140_cirr
CCND2	SEMA4D	0.8267379679144384	GSE56140_cirr
CD2	SEMA4D	0.9043544690603514	GSE56140_cirr
CD52	SEMA4D	0.8099312452253628	GSE56140_cirr
CD6	SEMA4D	0.8224598930481283	GSE56140_cirr
CD8A	SEMA4D	0.8047364400305576	GSE56140_cirr
CD96	SEMA4D	0.9025210084033612	GSE56140_cirr
DOCK2	SEMA4D	0.9025210084033612	GSE56140_cirr
FAM113B	SEMA4D	0.8884644766997708	GSE56140_cirr
FGD3	SEMA4D	0.8032085561497326	GSE56140_cirr
FLJ21438	SEMA4D	0.8835752482811307	GSE56140_cirr
GIMAP4	SEMA4D	0.8096256684491978	GSE56140_cirr
GLIPR2	SEMA4D	0.8044308632543926	GSE56140_cirr
GZMK	SEMA4D	0.8725744843391902	GSE56140_cirr
ITGB2	SEMA4D	0.8087089381207029	GSE56140_cirr
ITPR3	SEMA4D	0.8010695187165775	GSE56140_cirr
KIAA0746	SEMA4D	0.8233766233766234	GSE56140_cirr
MCOLN2	SEMA4D	0.8276546982429335	GSE56140_cirr
MFSD10	SEMA4D	0.8737967914438503	GSE56140_cirr
BGN	SEMA6A	0.868601986249045	GSE56140_cirr
EFEMP2	SEMA6A	0.8472116119174943	GSE56140_cirr
FLJ35258	SEMA6A	0.8007639419404124	GSE56140_cirr
MEG3	SEMA6A	0.8084033613445378	GSE56140_cirr
NDN	SEMA6A	0.8267379679144384	GSE56140_cirr
PODN	SEMA6A	0.8087089381207029	GSE56140_cirr
PEBP1	SEPHS2	0.8438502673796792	GSE56140_cirr
ACADM	SEPP1	0.8099312452253628	GSE56140_cirr
ADAMTS9	SEPP1	-0.8224598930481283	GSE56140_cirr
AHSG	SEPP1	0.8242933537051185	GSE56140_cirr
APOH	SEPP1	0.8961038961038961	GSE56140_cirr
C1QTNF5	SEPP1	-0.8310160427807486	GSE56140_cirr
CDO1	SEPP1	0.8484339190221544	GSE56140_cirr
CLEC11A	SEPP1	-0.8343773873185638	GSE56140_cirr
CRIP2	SEPP1	-0.8695187165775401	GSE56140_cirr
CTH	SEPP1	0.8080977845683728	GSE56140_cirr
DMGDH	SEPP1	0.8074866310160428	GSE56140_cirr
FGB	SEPP1	0.8197097020626432	GSE56140_cirr
FH	SEPP1	0.8245989304812833	GSE56140_cirr
GBE1	SEPP1	0.8178762414056532	GSE56140_cirr
GGH	SEPP1	0.8435446906035141	GSE56140_cirr
HAO1	SEPP1	0.8319327731092436	GSE56140_cirr
LINCR	SEPP1	-0.8099312452253628	GSE56140_cirr
LOC653879	SEPP1	0.8108479755538578	GSE56140_cirr
PAH	SEPP1	0.9022154316271963	GSE56140_cirr
SC65	SEPP1	-0.813292589763178	GSE56140_cirr
AGT	SERPINA11	0.8010695187165775	GSE56140_cirr
AQP12A	SERPINA11	0.8087089381207029	GSE56140_cirr
ALDOB	SERPINA5	0.8123758594346829	GSE56140_cirr
DAO	SERPINA5	0.8612681436210847	GSE56140_cirr
KLKB1	SERPINA5	0.814514896867838	GSE56140_cirr
PCK2	SERPINA5	0.8285714285714286	GSE56140_cirr
ELF3	SERPINB1	0.8362108479755538	GSE56140_cirr
C1orf198	SERPINE2	0.8331550802139037	GSE56140_cirr
CCDC146	SERPINE2	0.8236822001527884	GSE56140_cirr
CTSK	SERPINE2	0.8395721925133689	GSE56140_cirr
EFEMP1	SERPINE2	0.8502673796791443	GSE56140_cirr
FBLN5	SERPINE2	0.8184873949579832	GSE56140_cirr
GSTP1	SERPINE2	0.8194041252864781	GSE56140_cirr
HEYL	SERPINE2	0.8239877769289534	GSE56140_cirr
LAMA2	SERPINE2	0.8288770053475936	GSE56140_cirr
LAMC1	SERPINE2	0.8084033613445378	GSE56140_cirr
LAMC3	SERPINE2	0.8074866310160428	GSE56140_cirr
LUM	SERPINE2	0.8062643239113827	GSE56140_cirr
MYH10	SERPINE2	0.8059587471352176	GSE56140_cirr
LOC388654	SERPINF2	-0.8065699006875477	GSE56140_cirr
LOC554235	SERPINF2	0.8851031321619556	GSE56140_cirr
MGC70857	SERPINF2	0.8047364400305576	GSE56140_cirr
OAF	SERPINF2	0.892742551566081	GSE56140_cirr
PTMS	SERPINF2	0.9092436974789916	GSE56140_cirr
SARDH	SERPINF2	0.8621848739495798	GSE56140_cirr
COL4A2	SERPINH1	0.8221543162719633	GSE56140_cirr
RCL1	SERPINH1	-0.8025974025974025	GSE56140_cirr
ASGR1	SF3B4	-0.8016806722689075	GSE56140_cirr
C1QTNF5	SF3B4	0.8239877769289534	GSE56140_cirr
CRIP2	SF3B4	0.8780748663101604	GSE56140_cirr
ENO1	SF3B4	0.8273491214667685	GSE56140_cirr
FAM127A	SF3B4	0.841405653170359	GSE56140_cirr
GHR	SF3B4	-0.8200152788388082	GSE56140_cirr
GNE	SF3B4	-0.8099312452253628	GSE56140_cirr
GPR128	SF3B4	-0.8294881588999234	GSE56140_cirr
GPR172A	SF3B4	0.919938884644767	GSE56140_cirr
LINCR	SF3B4	0.8377387318563789	GSE56140_cirr
LOC387882	SF3B4	0.840794499618029	GSE56140_cirr
LOC440055	SF3B4	0.8334606569900688	GSE56140_cirr
LOC653498	SF3B4	-0.8123758594346829	GSE56140_cirr
SELM	SF3B4	0.8462948815889991	GSE56140_cirr
SEPP1	SF3B4	-0.814820473644003	GSE56140_cirr
EMILIN1	SFRP1	0.8282658517952636	GSE56140_cirr
HSPB6	SFRP1	0.8019862490450725	GSE56140_cirr
GPER	SHD	0.892742551566081	GSE56140_cirr
NTHL1	SHD	0.8909090909090909	GSE56140_cirr
NECAB2	SHMT1	0.842322383498854	GSE56140_cirr
CYP2E1	SIAH2	0.8258212375859434	GSE56140_cirr
PRO0132	SIAH2	0.8004583651642474	GSE56140_cirr
SELM	SIAH2	-0.8022918258212376	GSE56140_cirr
ARHGEF6	SLAMF6	0.8227654698242933	GSE56140_cirr
CD247	SLAMF6	0.8432391138273491	GSE56140_cirr
FLJ21438	SLAMF6	0.812681436210848	GSE56140_cirr
IFI44L	SLC15A3	0.8120702826585179	GSE56140_cirr
LGALS3BP	SLC15A3	0.8288770053475936	GSE56140_cirr
ADAMTSL2	SLC16A10	-0.8019862490450725	GSE56140_cirr
ANXA2	SLC16A10	-0.8606569900687547	GSE56140_cirr
ANXA5	SLC16A10	-0.8190985485103133	GSE56140_cirr
ASS1	SLC16A10	0.839877769289534	GSE56140_cirr
BBOX1	SLC16A10	0.816348357524828	GSE56140_cirr
C1orf225	SLC16A10	-0.8349885408708937	GSE56140_cirr
COQ10A	SLC16A10	0.8484339190221544	GSE56140_cirr
DHRS4	SLC16A10	0.812987012987013	GSE56140_cirr
DHTKD1	SLC16A10	0.8032085561497326	GSE56140_cirr
EFEMP1	SLC16A10	-0.8524064171122995	GSE56140_cirr
FLJ20160	SLC16A10	-0.8805194805194805	GSE56140_cirr
GCKR	SLC16A10	0.8056531703590526	GSE56140_cirr
GPC4	SLC16A10	-0.8325439266615737	GSE56140_cirr
HAO2	SLC16A10	0.8032085561497326	GSE56140_cirr
LAMC3	SLC16A10	-0.8029029793735676	GSE56140_cirr
LCAT	SLC16A10	0.8429335370511841	GSE56140_cirr
LHPP	SLC16A10	0.8074866310160428	GSE56140_cirr
LOC388503	SLC16A10	0.8441558441558442	GSE56140_cirr
LOC650369	SLC16A10	-0.8441558441558442	GSE56140_cirr
LOXL4	SLC16A10	-0.8007639419404124	GSE56140_cirr
MAPK13	SLC16A10	-0.8038197097020626	GSE56140_cirr
MOSC1	SLC16A10	0.8025974025974025	GSE56140_cirr
MOXD1	SLC16A10	-0.8475171886936592	GSE56140_cirr
PDZK1IP1	SLC16A10	-0.8270435446906035	GSE56140_cirr
PPP1R1A	SLC16A10	0.8111535523300228	GSE56140_cirr
ALDH7A1	SLC16A2	0.8466004583651642	GSE56140_cirr
ANXA5	SLC16A2	-0.8139037433155081	GSE56140_cirr
BBOX1	SLC16A2	0.8273491214667685	GSE56140_cirr
BTD	SLC16A2	0.8404889228418639	GSE56140_cirr
CMBL	SLC16A2	0.8750190985485102	GSE56140_cirr
COL3A1	SLC16A2	-0.8181818181818182	GSE56140_cirr
DCDC2	SLC16A2	-0.8411000763941939	GSE56140_cirr
DHTKD1	SLC16A2	0.8490450725744844	GSE56140_cirr
EBP	SLC16A2	0.8557677616501145	GSE56140_cirr
EBPL	SLC16A2	0.8190985485103133	GSE56140_cirr
EFEMP1	SLC16A2	-0.8227654698242933	GSE56140_cirr
HAGH	SLC16A2	0.8264323911382735	GSE56140_cirr
MOSC2	SLC16A2	0.8041252864782277	GSE56140_cirr
SLC16A10	SLC16A2	0.8224598930481283	GSE56140_cirr
ARID5B	SLC16A3	0.812681436210848	GSE56140_cirr
S100A8	SLC16A3	0.839877769289534	GSE56140_cirr
ACADSB	SLC17A2	0.8059587471352176	GSE56140_cirr
ADH4	SLC17A2	0.9046600458365165	GSE56140_cirr
AKR1D1	SLC17A2	0.8844919786096257	GSE56140_cirr
ALDH2	SLC17A2	0.9257448433919021	GSE56140_cirr
ALDH6A1	SLC17A2	0.8059587471352176	GSE56140_cirr
ALDH8A1	SLC17A2	0.8591291061879297	GSE56140_cirr
AMT	SLC17A2	0.8362108479755538	GSE56140_cirr
AOX1	SLC17A2	0.8080977845683728	GSE56140_cirr
C1orf225	SLC17A2	-0.8166539343009931	GSE56140_cirr
CAT	SLC17A2	0.8368220015278839	GSE56140_cirr
CLDN7	SLC17A2	-0.8090145148968678	GSE56140_cirr
CSAD	SLC17A2	0.8233766233766234	GSE56140_cirr
CYP1A2	SLC17A2	0.8374331550802139	GSE56140_cirr
DMGDH	SLC17A2	0.8074866310160428	GSE56140_cirr
ESR1	SLC17A2	0.8524064171122995	GSE56140_cirr
FAM127A	SLC17A2	-0.8637127578304049	GSE56140_cirr
FETUB	SLC17A2	0.8300993124522535	GSE56140_cirr
FIT1	SLC17A2	0.8019862490450725	GSE56140_cirr
GBA3	SLC17A2	0.8352941176470587	GSE56140_cirr
GLUD1	SLC17A2	0.816042780748663	GSE56140_cirr
HAO2	SLC17A2	0.8820473644003055	GSE56140_cirr
HSD17B6	SLC17A2	0.8744079449961804	GSE56140_cirr
IGF2BP2	SLC17A2	-0.8539343009931245	GSE56140_cirr
LHPP	SLC17A2	0.8328495034377387	GSE56140_cirr
LOC388503	SLC17A2	0.8123758594346829	GSE56140_cirr
PROC	SLC17A2	0.8594346829640948	GSE56140_cirr
S100A10	SLC17A2	-0.8340718105423988	GSE56140_cirr
SLC16A10	SLC17A2	0.8074866310160428	GSE56140_cirr
C1orf225	SLC19A3	-0.8044308632543926	GSE56140_cirr
DPYS	SLC19A3	0.8282658517952636	GSE56140_cirr
LOC145837	SLC19A3	0.8517952635599694	GSE56140_cirr
FKBP5	SLC1A3	0.8221543162719633	GSE56140_cirr
AKR1D1	SLC22A1	0.8065699006875477	GSE56140_cirr
C1orf225	SLC22A1	-0.8304048892284186	GSE56140_cirr
CRYL1	SLC22A1	0.8169595110771581	GSE56140_cirr
DCXR	SLC22A1	0.8349885408708937	GSE56140_cirr
DHRS4	SLC22A1	0.8255156608097783	GSE56140_cirr
DNMT3L	SLC22A1	0.8539343009931245	GSE56140_cirr
ECHDC2	SLC22A1	0.8065699006875477	GSE56140_cirr
FETUB	SLC22A1	0.8316271963330787	GSE56140_cirr
GLYAT	SLC22A1	0.8411000763941939	GSE56140_cirr
LCAT	SLC22A1	0.9077158135981666	GSE56140_cirr
LHPP	SLC22A1	0.8517952635599694	GSE56140_cirr
PPP1R1A	SLC22A1	0.8090145148968678	GSE56140_cirr
PROC	SLC22A1	0.9171886936592818	GSE56140_cirr
RND2	SLC22A1	0.8245989304812833	GSE56140_cirr
SLC16A10	SLC22A1	0.8334606569900688	GSE56140_cirr
SLC17A2	SLC22A1	0.8169595110771581	GSE56140_cirr
PGD	SLC22A18AS	0.8032085561497326	GSE56140_cirr
EBP	SLC22A25	0.8068754774637127	GSE56140_cirr
GLIPR2	SLC22A25	-0.8200152788388082	GSE56140_cirr
EPHA1	SLC22A7	0.8802139037433154	GSE56140_cirr
GPD1	SLC22A7	0.813598166539343	GSE56140_cirr
LOC651751	SLC22A9	-0.8249045072574483	GSE56140_cirr
CHST13	SLC25A10	0.8304048892284186	GSE56140_cirr
DKFZp761P0423	SLC25A10	-0.8493506493506494	GSE56140_cirr
HADH	SLC25A10	0.8896867838044309	GSE56140_cirr
IGFALS	SLC25A10	0.8190985485103133	GSE56140_cirr
LHPP	SLC25A10	0.8194041252864781	GSE56140_cirr
LOC650369	SLC25A10	-0.8056531703590526	GSE56140_cirr
PRODH2	SLC25A10	0.8679908326967151	GSE56140_cirr
S100A10	SLC25A10	-0.8029029793735676	GSE56140_cirr
S100A6	SLC25A10	-0.8022918258212376	GSE56140_cirr
C7orf23	SLC25A15	-0.813598166539343	GSE56140_cirr
CA5A	SLC25A15	0.842322383498854	GSE56140_cirr
CAT	SLC25A15	0.8169595110771581	GSE56140_cirr
CCRN4L	SLC25A15	0.8585179526355997	GSE56140_cirr
HAO1	SLC25A15	0.8084033613445378	GSE56140_cirr
RCL1	SLC25A15	0.8022918258212376	GSE56140_cirr
SDS	SLC25A15	0.8007639419404124	GSE56140_cirr
APOA5	SLC25A42	0.8844919786096257	GSE56140_cirr
AGXT2L1	SLC27A2	0.8230710466004584	GSE56140_cirr
LYRM5	SLC27A2	0.8209320091673032	GSE56140_cirr
ANXA2	SLC27A5	-0.8896867838044309	GSE56140_cirr
ASS1	SLC27A5	0.814514896867838	GSE56140_cirr
C1orf225	SLC27A5	-0.8490450725744844	GSE56140_cirr
COQ10A	SLC27A5	0.8215431627196332	GSE56140_cirr
CRYL1	SLC27A5	0.8233766233766234	GSE56140_cirr
CSAD	SLC27A5	0.8050420168067226	GSE56140_cirr
DCXR	SLC27A5	0.8184873949579832	GSE56140_cirr
DHRS4	SLC27A5	0.8184873949579832	GSE56140_cirr
FETUB	SLC27A5	0.8093200916730328	GSE56140_cirr
FIT1	SLC27A5	0.8077922077922078	GSE56140_cirr
FXYD1	SLC27A5	0.8120702826585179	GSE56140_cirr
GLYAT	SLC27A5	0.8099312452253628	GSE56140_cirr
GPER	SLC27A5	0.8044308632543926	GSE56140_cirr
HAO2	SLC27A5	0.8184873949579832	GSE56140_cirr
ITGAV	SLC27A5	-0.814209320091673	GSE56140_cirr
KCNJ8	SLC27A5	0.8080977845683728	GSE56140_cirr
LCAT	SLC27A5	0.8912146676852558	GSE56140_cirr
LHPP	SLC27A5	0.8200152788388082	GSE56140_cirr
LOC388503	SLC27A5	0.8444614209320092	GSE56140_cirr
MASP2	SLC27A5	0.8035141329258977	GSE56140_cirr
MOSC1	SLC27A5	0.838961038961039	GSE56140_cirr
PALLD	SLC27A5	-0.8108479755538578	GSE56140_cirr
PPP1R1A	SLC27A5	0.8796027501909855	GSE56140_cirr
PROC	SLC27A5	0.8618792971734147	GSE56140_cirr
RND2	SLC27A5	0.8209320091673032	GSE56140_cirr
SELENBP1	SLC27A5	0.8817417876241405	GSE56140_cirr
SLC16A10	SLC27A5	0.8860198624904506	GSE56140_cirr
SLC17A2	SLC27A5	0.8362108479755538	GSE56140_cirr
SLC22A1	SLC27A5	0.86707410236822	GSE56140_cirr
CHST13	SLC2A8	0.8035141329258977	GSE56140_cirr
DHRS1	SLC2A8	0.8346829640947286	GSE56140_cirr
SLC22A1	SLC2A8	0.8117647058823529	GSE56140_cirr
EMP3	SLC30A10	-0.8013750954927426	GSE56140_cirr
LOC652493	SLC31A2	0.8096256684491978	GSE56140_cirr
LOC652694	SLC31A2	0.8383498854087089	GSE56140_cirr
SLC13A5	SLC37A4	0.8059587471352176	GSE56140_cirr
ADFP	SLC38A2	0.8038197097020626	GSE56140_cirr
AMY1C	SLC38A2	0.8319327731092436	GSE56140_cirr
GBP1	SLC38A2	0.866768525592055	GSE56140_cirr
IFI16	SLC38A2	0.8438502673796792	GSE56140_cirr
DAK	SLC38A3	0.815126050420168	GSE56140_cirr
HABP2	SLC38A3	0.8459893048128342	GSE56140_cirr
ACADM	SLC38A4	0.8362108479755538	GSE56140_cirr
ACSL1	SLC38A4	0.814209320091673	GSE56140_cirr
APOH	SLC38A4	0.8508785332314743	GSE56140_cirr
C1QTNF5	SLC38A4	-0.868601986249045	GSE56140_cirr
CDO1	SLC38A4	0.8719633307868602	GSE56140_cirr
CRIP2	SLC38A4	-0.812681436210848	GSE56140_cirr
CTH	SLC38A4	0.8380443086325439	GSE56140_cirr
FGB	SLC38A4	0.8077922077922078	GSE56140_cirr
FH	SLC38A4	0.8909090909090909	GSE56140_cirr
GHR	SLC38A4	0.8080977845683728	GSE56140_cirr
GPR172A	SLC38A4	-0.8362108479755538	GSE56140_cirr
HAO1	SLC38A4	0.8362108479755538	GSE56140_cirr
LOC387882	SLC38A4	-0.8117647058823529	GSE56140_cirr
LOC440055	SLC38A4	-0.8469060351413292	GSE56140_cirr
MARCKSL1	SLC38A4	-0.8493506493506494	GSE56140_cirr
PAH	SLC38A4	0.9333842627960275	GSE56140_cirr
PGRMC2	SLC38A4	0.8661573720397249	GSE56140_cirr
PIPOX	SLC38A4	0.8197097020626432	GSE56140_cirr
PLAC9	SLC38A4	-0.8618792971734147	GSE56140_cirr
PRKCDBP	SLC38A4	-0.815737203972498	GSE56140_cirr
SELM	SLC38A4	-0.8007639419404124	GSE56140_cirr
SEPP1	SLC38A4	0.8893812070282658	GSE56140_cirr
SF3B4	SLC38A4	-0.8111535523300228	GSE56140_cirr
ASGR1	SLC39A5	0.9037433155080213	GSE56140_cirr
GLUD1	SLC39A5	0.8215431627196332	GSE56140_cirr
IGFALS	SLC39A5	0.8731856378915203	GSE56140_cirr
LHPP	SLC39A5	0.8346829640947286	GSE56140_cirr
SLC25A10	SLC39A5	0.8252100840336134	GSE56140_cirr
AKR1B1	SLC44A2	0.8233766233766234	GSE56140_cirr
ARHGEF2	SLC44A2	0.815126050420168	GSE56140_cirr
CSF1R	SLC44A2	0.8420168067226891	GSE56140_cirr
CYBA	SLC44A2	0.8774637127578304	GSE56140_cirr
ITGB2	SLC44A2	0.868601986249045	GSE56140_cirr
CAMK2N1	SLC45A3	0.8114591291061879	GSE56140_cirr
FAM50A	SLC45A3	-0.8013750954927426	GSE56140_cirr
HSD17B14	SLC45A3	0.8294881588999234	GSE56140_cirr
MACROD1	SLC45A3	0.8249045072574483	GSE56140_cirr
MGC70857	SLC45A3	0.839266615737204	GSE56140_cirr
MRPL2	SLC45A3	0.8475171886936592	GSE56140_cirr
NARS	SLC45A3	-0.8970206264323911	GSE56140_cirr
OAF	SLC45A3	0.8603514132925897	GSE56140_cirr
PA2G4	SLC45A3	0.8209320091673032	GSE56140_cirr
PTMS	SLC45A3	0.8796027501909855	GSE56140_cirr
SERPINF2	SLC45A3	0.8123758594346829	GSE56140_cirr
COBLL1	SLC46A3	0.8328495034377387	GSE56140_cirr
ENO3	SLC46A3	0.8111535523300228	GSE56140_cirr
RDH16	SLC46A3	0.8420168067226891	GSE56140_cirr
SLC19A3	SLC46A3	0.8105423987776929	GSE56140_cirr
SLC2A8	SLC46A3	0.8074866310160428	GSE56140_cirr
ADH1B	SLC47A1	0.814820473644003	GSE56140_cirr
ANXA5	SLC47A1	-0.8906035141329258	GSE56140_cirr
BBOX1	SLC47A1	0.8007639419404124	GSE56140_cirr
CYP4F12	SLC47A1	0.841405653170359	GSE56140_cirr
GPER	SLC47A1	0.8478227654698243	GSE56140_cirr
NTHL1	SLC47A1	0.8065699006875477	GSE56140_cirr
SLC16A2	SLC47A1	0.8029029793735676	GSE56140_cirr
DAK	SLC6A12	0.8230710466004584	GSE56140_cirr
LOC440359	SLC7A1	0.812987012987013	GSE56140_cirr
ACADM	SLCO1B3	0.8603514132925897	GSE56140_cirr
ACSL1	SLCO1B3	0.8618792971734147	GSE56140_cirr
APOH	SLCO1B3	0.8249045072574483	GSE56140_cirr
F9	SLCO1B3	0.8233766233766234	GSE56140_cirr
FH	SLCO1B3	0.8215431627196332	GSE56140_cirr
GHR	SLCO1B3	0.8313216195569136	GSE56140_cirr
HAO1	SLCO1B3	0.8383498854087089	GSE56140_cirr
NDUFA4L2	SLCO1B3	-0.8340718105423988	GSE56140_cirr
PAH	SLCO1B3	0.816042780748663	GSE56140_cirr
PANK1	SLCO1B3	0.8099312452253628	GSE56140_cirr
PIPOX	SLCO1B3	0.8270435446906035	GSE56140_cirr
SLC38A4	SLCO1B3	0.8056531703590526	GSE56140_cirr
COL15A1	SLCO2A1	0.8050420168067226	GSE56140_cirr
COL1A1	SLCO2A1	0.8355996944232238	GSE56140_cirr
COL4A1	SLCO2A1	0.8096256684491978	GSE56140_cirr
HEYL	SLCO2A1	0.814209320091673	GSE56140_cirr
PFKP	SLCO2A1	0.8224598930481283	GSE56140_cirr
HIST1H2BK	SLPI	0.8450725744843391	GSE56140_cirr
ENO1	SNF1LK	-0.8346829640947286	GSE56140_cirr
ACADSB	SORD	0.8105423987776929	GSE56140_cirr
ASGR1	SORL1	0.8044308632543926	GSE56140_cirr
CAT	SORL1	0.8041252864782277	GSE56140_cirr
ECHDC2	SORL1	0.8001527883880825	GSE56140_cirr
GHR	SORL1	0.8548510313216194	GSE56140_cirr
ANXA5	SORT1	0.8230710466004584	GSE56140_cirr
SLC47A1	SORT1	-0.8481283422459893	GSE56140_cirr
FAM84B	SOX13	0.8099312452253628	GSE56140_cirr
FLJ21986	SOX13	-0.8245989304812833	GSE56140_cirr
C1orf106	SOX9	0.816348357524828	GSE56140_cirr
DCDC2	SOX9	0.8832696715049656	GSE56140_cirr
EFEMP1	SOX9	0.813292589763178	GSE56140_cirr
HAGH	SOX9	-0.8194041252864781	GSE56140_cirr
LOXL4	SOX9	0.8569900687547746	GSE56140_cirr
MOSC2	SOX9	-0.8203208556149731	GSE56140_cirr
OLR1	SOX9	0.8475171886936592	GSE56140_cirr
PDZK1IP1	SOX9	0.8187929717341482	GSE56140_cirr
RAB25	SOX9	0.8056531703590526	GSE56140_cirr
SLC16A10	SOX9	-0.8594346829640948	GSE56140_cirr
SLC16A2	SOX9	-0.8080977845683728	GSE56140_cirr
AEBP1	SPARC	0.8331550802139037	GSE56140_cirr
BHLHB5	SPARC	0.8239877769289534	GSE56140_cirr
C1orf198	SPARC	0.8649350649350648	GSE56140_cirr
CCDC3	SPARC	0.86707410236822	GSE56140_cirr
CLIC6	SPARC	0.8022918258212376	GSE56140_cirr
CRYAB	SPARC	0.8099312452253628	GSE56140_cirr
DKFZp761P0423	SPARC	0.8352941176470587	GSE56140_cirr
DPYSL3	SPARC	0.8502673796791443	GSE56140_cirr
FAP	SPARC	0.8010695187165775	GSE56140_cirr
GPC4	SPARC	0.8105423987776929	GSE56140_cirr
GSTP1	SPARC	0.8035141329258977	GSE56140_cirr
HEYL	SPARC	0.8679908326967151	GSE56140_cirr
IGFBP6	SPARC	0.8090145148968678	GSE56140_cirr
IGFBP7	SPARC	0.8490450725744844	GSE56140_cirr
IL13RA2	SPARC	-0.8105423987776929	GSE56140_cirr
LAMA2	SPARC	0.8346829640947286	GSE56140_cirr
LHFP	SPARC	0.86401833460657	GSE56140_cirr
LOC285016	SPARC	0.8634071810542399	GSE56140_cirr
MFAP4	SPARC	0.812681436210848	GSE56140_cirr
MGP	SPARC	0.8395721925133689	GSE56140_cirr
MYH10	SPARC	0.8047364400305576	GSE56140_cirr
NDN	SPARC	0.8792971734148205	GSE56140_cirr
PDGFRB	SPARC	0.8108479755538578	GSE56140_cirr
PHLDB1	SPARC	0.816042780748663	GSE56140_cirr
PLAT	SPARC	0.8016806722689075	GSE56140_cirr
PODN	SPARC	0.8521008403361344	GSE56140_cirr
PTGIS	SPARC	0.812987012987013	GSE56140_cirr
S100A6	SPARC	0.839266615737204	GSE56140_cirr
SCRN1	SPARC	0.8169595110771581	GSE56140_cirr
SELM	SPARC	0.8203208556149731	GSE56140_cirr
C1orf198	SPINT2	0.8236822001527884	GSE56140_cirr
CLDN10	SPINT2	0.8276546982429335	GSE56140_cirr
CLIC6	SPINT2	0.8013750954927426	GSE56140_cirr
DCDC2	SPINT2	0.8252100840336134	GSE56140_cirr
LAMC3	SPINT2	0.8004583651642474	GSE56140_cirr
MAPK13	SPINT2	0.8851031321619556	GSE56140_cirr
PDZK1IP1	SPINT2	0.8245989304812833	GSE56140_cirr
PTGIS	SPINT2	0.8050420168067226	GSE56140_cirr
RAB25	SPINT2	0.9089381207028265	GSE56140_cirr
RBP1	SPINT2	0.9122994652406416	GSE56140_cirr
SOX9	SPINT2	0.8184873949579832	GSE56140_cirr
SPA17	SPINT2	0.8316271963330787	GSE56140_cirr
ADAMTSL2	SPOCK2	0.8001527883880825	GSE56140_cirr
ADCY3	SPOCK2	0.8566844919786095	GSE56140_cirr
ALOX5AP	SPOCK2	0.8395721925133689	GSE56140_cirr
ARHGEF2	SPOCK2	0.8053475935828877	GSE56140_cirr
ARHGEF6	SPOCK2	0.8172650878533231	GSE56140_cirr
CCND2	SPOCK2	0.8059587471352176	GSE56140_cirr
CD2	SPOCK2	0.8499618029029793	GSE56140_cirr
CD52	SPOCK2	0.813598166539343	GSE56140_cirr
CD6	SPOCK2	0.8572956455309396	GSE56140_cirr
CD96	SPOCK2	0.8719633307868602	GSE56140_cirr
CLIP3	SPOCK2	0.8325439266615737	GSE56140_cirr
DOCK2	SPOCK2	0.8557677616501145	GSE56140_cirr
FAM113B	SPOCK2	0.8114591291061879	GSE56140_cirr
FCN1	SPOCK2	0.8194041252864781	GSE56140_cirr
FLJ21438	SPOCK2	0.8582123758594347	GSE56140_cirr
GSTP1	SPOCK2	0.8203208556149731	GSE56140_cirr
HLA-DMA	SPOCK2	0.8300993124522535	GSE56140_cirr
HLA-DPA1	SPOCK2	0.8401833460656989	GSE56140_cirr
ITGB2	SPOCK2	0.8466004583651642	GSE56140_cirr
ITPR3	SPOCK2	0.8875477463712758	GSE56140_cirr
KIAA0746	SPOCK2	0.8294881588999234	GSE56140_cirr
LXN	SPOCK2	0.8065699006875477	GSE56140_cirr
MCOLN2	SPOCK2	0.8120702826585179	GSE56140_cirr
MFGE8	SPOCK2	0.8548510313216194	GSE56140_cirr
PFKP	SPOCK2	0.8487394957983193	GSE56140_cirr
RAC2	SPOCK2	0.8200152788388082	GSE56140_cirr
SEMA4D	SPOCK2	0.8887700534759359	GSE56140_cirr
ADAMTSL2	SPON1	0.8542398777692896	GSE56140_cirr
ADCY3	SPON1	0.8071810542398777	GSE56140_cirr
AEBP1	SPON1	0.8175706646294881	GSE56140_cirr
C1orf198	SPON1	0.8585179526355997	GSE56140_cirr
COL16A1	SPON1	0.869824293353705	GSE56140_cirr
CYBRD1	SPON1	0.8343773873185638	GSE56140_cirr
DPYSL3	SPON1	0.8169595110771581	GSE56140_cirr
EFEMP1	SPON1	0.8074866310160428	GSE56140_cirr
FBLN5	SPON1	0.8652406417112298	GSE56140_cirr
GPC4	SPON1	0.8594346829640948	GSE56140_cirr
HEYL	SPON1	0.8071810542398777	GSE56140_cirr
IGFBP6	SPON1	0.8395721925133689	GSE56140_cirr
IGFBP7	SPON1	0.86707410236822	GSE56140_cirr
LAMA2	SPON1	0.8814362108479755	GSE56140_cirr
LAMC3	SPON1	0.8637127578304049	GSE56140_cirr
MFAP4	SPON1	0.8713521772345301	GSE56140_cirr
NDN	SPON1	0.8279602750190985	GSE56140_cirr
OLFML1	SPON1	0.8285714285714286	GSE56140_cirr
PDGFRB	SPON1	0.8032085561497326	GSE56140_cirr
PHLDB1	SPON1	0.812987012987013	GSE56140_cirr
PODN	SPON1	0.8300993124522535	GSE56140_cirr
RCAN2	SPON1	0.869824293353705	GSE56140_cirr
SPARC	SPON1	0.839877769289534	GSE56140_cirr
AMDHD1	SPP1	-0.8713521772345301	GSE56140_cirr
CD24	SPP1	0.8472116119174943	GSE56140_cirr
FIT1	SPP1	-0.814820473644003	GSE56140_cirr
GCKR	SPP1	-0.813292589763178	GSE56140_cirr
HAO2	SPP1	-0.816042780748663	GSE56140_cirr
LOC285016	SPP1	0.8187929717341482	GSE56140_cirr
MTHFD1	SPP1	-0.8304048892284186	GSE56140_cirr
S100A10	SPP1	0.8224598930481283	GSE56140_cirr
BTD	SPRED1	-0.813292589763178	GSE56140_cirr
HMGCS1	SQLE	0.8096256684491978	GSE56140_cirr
PPP1R1A	SRD5A2	0.893659281894576	GSE56140_cirr
SLC16A10	SRD5A2	0.8102368220015278	GSE56140_cirr
SLC22A1	SRD5A2	0.8517952635599694	GSE56140_cirr
SLC27A5	SRD5A2	0.8190985485103133	GSE56140_cirr
LY96	SRGN	0.8224598930481283	GSE56140_cirr
SDPR	SRGN	0.8621848739495798	GSE56140_cirr
ADAMTSL2	SRPX	0.9016042780748662	GSE56140_cirr
ADCY3	SRPX	0.8857142857142857	GSE56140_cirr
AEBP1	SRPX	0.895798319327731	GSE56140_cirr
BGN	SRPX	0.8817417876241405	GSE56140_cirr
BHLHB5	SRPX	0.838961038961039	GSE56140_cirr
C1orf198	SRPX	0.895492742551566	GSE56140_cirr
CCDC146	SRPX	0.839877769289534	GSE56140_cirr
CCDC3	SRPX	0.8585179526355997	GSE56140_cirr
CD248	SRPX	0.8224598930481283	GSE56140_cirr
CFTR	SRPX	0.8279602750190985	GSE56140_cirr
CHST4	SRPX	0.8707410236822001	GSE56140_cirr
CLDN10	SRPX	0.8851031321619556	GSE56140_cirr
CLIC6	SRPX	0.8722689075630252	GSE56140_cirr
COL16A1	SRPX	0.9019098548510313	GSE56140_cirr
COL1A2	SRPX	0.814209320091673	GSE56140_cirr
COL5A1	SRPX	0.8178762414056532	GSE56140_cirr
CTSK	SRPX	0.8227654698242933	GSE56140_cirr
CXCL12	SRPX	0.815126050420168	GSE56140_cirr
DPYSL3	SRPX	0.8328495034377387	GSE56140_cirr
EMILIN1	SRPX	0.8197097020626432	GSE56140_cirr
FBLN5	SRPX	0.8450725744843391	GSE56140_cirr
FLJ35258	SRPX	0.8866310160427807	GSE56140_cirr
FNDC1	SRPX	0.8080977845683728	GSE56140_cirr
FXYD2	SRPX	0.8316271963330787	GSE56140_cirr
GSTP1	SRPX	0.8212375859434682	GSE56140_cirr
HEYL	SRPX	0.8493506493506494	GSE56140_cirr
IGFBP6	SRPX	0.8661573720397249	GSE56140_cirr
IGFBP7	SRPX	0.8820473644003055	GSE56140_cirr
LAMA2	SRPX	0.8823529411764706	GSE56140_cirr
LAMC3	SRPX	0.9245225362872421	GSE56140_cirr
LOC285016	SRPX	0.8435446906035141	GSE56140_cirr
LUM	SRPX	0.8374331550802139	GSE56140_cirr
MEG3	SRPX	0.8218487394957983	GSE56140_cirr
MFAP4	SRPX	0.9089381207028265	GSE56140_cirr
MOXD1	SRPX	0.8013750954927426	GSE56140_cirr
NDN	SRPX	0.8991596638655462	GSE56140_cirr
OLFML1	SRPX	0.8453781512605041	GSE56140_cirr
PDGFRB	SRPX	0.8435446906035141	GSE56140_cirr
PHLDB1	SRPX	0.8209320091673032	GSE56140_cirr
PLAT	SRPX	0.8346829640947286	GSE56140_cirr
PODN	SRPX	0.9144385026737968	GSE56140_cirr
PRICKLE1	SRPX	0.8093200916730328	GSE56140_cirr
PROM1	SRPX	0.8780748663101604	GSE56140_cirr
PTGDS	SRPX	0.8316271963330787	GSE56140_cirr
PTGIS	SRPX	0.8511841100076394	GSE56140_cirr
RASL11B	SRPX	0.8084033613445378	GSE56140_cirr
RBP1	SRPX	0.8242933537051185	GSE56140_cirr
RCAN2	SRPX	0.8035141329258977	GSE56140_cirr
SCTR	SRPX	0.8661573720397249	GSE56140_cirr
SPARC	SRPX	0.8447669977081741	GSE56140_cirr
SPON1	SRPX	0.894576012223071	GSE56140_cirr
BGN	SRPX2	0.8029029793735676	GSE56140_cirr
COL1A1	SRPX2	0.8236822001527884	GSE56140_cirr
COL1A2	SRPX2	0.8221543162719633	GSE56140_cirr
EFEMP1	SRPX2	0.8077922077922078	GSE56140_cirr
PDZK1IP1	SRPX2	0.8258212375859434	GSE56140_cirr
RNASE1	SRPX2	0.839266615737204	GSE56140_cirr
SLC16A10	SRPX2	-0.814820473644003	GSE56140_cirr
SOX9	SRPX2	0.8001527883880825	GSE56140_cirr
BRSK1	ST3GAL6	-0.8218487394957983	GSE56140_cirr
CD24	ST3GAL6	-0.8200152788388082	GSE56140_cirr
PLG	ST3GAL6	0.8041252864782277	GSE56140_cirr
RCL1	ST3GAL6	0.8010695187165775	GSE56140_cirr
SLC17A2	ST3GAL6	0.8019862490450725	GSE56140_cirr
AGXT	STARD10	0.8239877769289534	GSE56140_cirr
CMPK2	STAT1	0.839877769289534	GSE56140_cirr
HERC6	STAT1	0.8304048892284186	GSE56140_cirr
IFI44L	STAT1	0.9086325439266616	GSE56140_cirr
IFIT1	STAT1	0.8184873949579832	GSE56140_cirr
IFIT3	STAT1	0.8233766233766234	GSE56140_cirr
MX1	STAT1	0.8585179526355997	GSE56140_cirr
OAS2	STAT1	0.8777692895339954	GSE56140_cirr
RTP4	STAT1	0.8169595110771581	GSE56140_cirr
CLCF1	STC1	0.8249045072574483	GSE56140_cirr
SLC38A4	STC1	-0.814209320091673	GSE56140_cirr
COL4A1	STC2	0.8310160427807486	GSE56140_cirr
AMBP	STK39	-0.8108479755538578	GSE56140_cirr
C7orf23	STK39	0.8206264323911382	GSE56140_cirr
COL15A1	STK39	0.8527119938884644	GSE56140_cirr
COL1A2	STK39	0.8123758594346829	GSE56140_cirr
DKFZp761P0423	STK39	0.816042780748663	GSE56140_cirr
HEYL	STK39	0.8285714285714286	GSE56140_cirr
LHFP	STK39	0.8304048892284186	GSE56140_cirr
LOC285016	STK39	0.8563789152024446	GSE56140_cirr
LOC387882	STK39	0.8343773873185638	GSE56140_cirr
NOTCH3	STK39	0.8032085561497326	GSE56140_cirr
PDGFRB	STK39	0.8068754774637127	GSE56140_cirr
PFKP	STK39	0.8655462184873949	GSE56140_cirr
PIK3IP1	STK39	0.8835752482811307	GSE56140_cirr
RRAS	STK39	0.8432391138273491	GSE56140_cirr
S100A6	STK39	0.8695187165775401	GSE56140_cirr
SELM	STK39	0.8004583651642474	GSE56140_cirr
SPARC	STK39	0.8588235294117648	GSE56140_cirr
SPP1	STK39	0.8172650878533231	GSE56140_cirr
ADAMTSL2	STMN2	0.8890756302521008	GSE56140_cirr
AEBP1	STMN2	0.8383498854087089	GSE56140_cirr
ALDH7A1	STMN2	-0.8035141329258977	GSE56140_cirr
BGN	STMN2	0.8979373567608862	GSE56140_cirr
C1orf198	STMN2	0.8759358288770053	GSE56140_cirr
CCDC146	STMN2	0.8915202444614209	GSE56140_cirr
CD248	STMN2	0.8817417876241405	GSE56140_cirr
CHST4	STMN2	0.8371275783040488	GSE56140_cirr
CLDN10	STMN2	0.814514896867838	GSE56140_cirr
CLIC6	STMN2	0.8835752482811307	GSE56140_cirr
COL16A1	STMN2	0.8258212375859434	GSE56140_cirr
COL1A2	STMN2	0.8273491214667685	GSE56140_cirr
COL5A1	STMN2	0.8368220015278839	GSE56140_cirr
CSTB	STMN2	0.8139037433155081	GSE56140_cirr
CXCL12	STMN2	0.8548510313216194	GSE56140_cirr
DCDC2	STMN2	0.8692131398013752	GSE56140_cirr
EFEMP1	STMN2	0.8236822001527884	GSE56140_cirr
EMILIN1	STMN2	0.815737203972498	GSE56140_cirr
FBLN5	STMN2	0.839877769289534	GSE56140_cirr
FLJ35258	STMN2	0.8912146676852558	GSE56140_cirr
FNDC1	STMN2	0.8291825821237586	GSE56140_cirr
GPR56	STMN2	0.8013750954927426	GSE56140_cirr
GSTP1	STMN2	0.8472116119174943	GSE56140_cirr
IGFBP7	STMN2	0.8319327731092436	GSE56140_cirr
LAMA2	STMN2	0.8508785332314743	GSE56140_cirr
LAMC3	STMN2	0.8902979373567608	GSE56140_cirr
MAPK13	STMN2	0.866768525592055	GSE56140_cirr
MFAP4	STMN2	0.8090145148968678	GSE56140_cirr
MYH10	STMN2	0.8557677616501145	GSE56140_cirr
NDN	STMN2	0.8029029793735676	GSE56140_cirr
OLR1	STMN2	0.8221543162719633	GSE56140_cirr
PODN	STMN2	0.8600458365164246	GSE56140_cirr
PRICKLE1	STMN2	0.8022918258212376	GSE56140_cirr
PROM1	STMN2	0.8316271963330787	GSE56140_cirr
PTGIS	STMN2	0.8985485103132161	GSE56140_cirr
RAB25	STMN2	0.839877769289534	GSE56140_cirr
RBP1	STMN2	0.8548510313216194	GSE56140_cirr
SLC16A10	STMN2	-0.8071810542398777	GSE56140_cirr
SOX9	STMN2	0.8511841100076394	GSE56140_cirr
SPINT2	STMN2	0.86401833460657	GSE56140_cirr
SRPX	STMN2	0.8734912146676852	GSE56140_cirr
SRPX2	STMN2	0.8582123758594347	GSE56140_cirr
PHLDB1	STRA13	-0.812987012987013	GSE56140_cirr
ACADM	SUCLG2	0.9144385026737968	GSE56140_cirr
ACAT1	SUCLG2	0.8432391138273491	GSE56140_cirr
APOH	SUCLG2	0.8661573720397249	GSE56140_cirr
AQP12A	SUCLG2	0.8307104660045835	GSE56140_cirr
C4BPB	SUCLG2	0.8181818181818182	GSE56140_cirr
C6	SUCLG2	0.8001527883880825	GSE56140_cirr
CTH	SUCLG2	0.8319327731092436	GSE56140_cirr
GADD45G	SUCLG2	0.8239877769289534	GSE56140_cirr
GPR128	SUCLG2	0.8010695187165775	GSE56140_cirr
HAO1	SUCLG2	0.8652406417112298	GSE56140_cirr
LOC387882	SUCLG2	-0.8337662337662338	GSE56140_cirr
LOC440055	SUCLG2	-0.8087089381207029	GSE56140_cirr
LOC653498	SUCLG2	0.8230710466004584	GSE56140_cirr
MARCKSL1	SUCLG2	-0.8472116119174943	GSE56140_cirr
NFIX	SUCLG2	-0.8184873949579832	GSE56140_cirr
PLGLB1	SUCLG2	0.8062643239113827	GSE56140_cirr
RRAS	SUCLG2	-0.814514896867838	GSE56140_cirr
SC65	SUCLG2	-0.839877769289534	GSE56140_cirr
SEPP1	SUCLG2	0.8346829640947286	GSE56140_cirr
SF3B4	SUCLG2	-0.813292589763178	GSE56140_cirr
SLC38A4	SUCLG2	0.8197097020626432	GSE56140_cirr
SLCO1B3	SUCLG2	0.8627960275019099	GSE56140_cirr
GLYATL1	SULF1	-0.814209320091673	GSE56140_cirr
MGP	SULF1	0.8300993124522535	GSE56140_cirr
NOTCH3	SULF1	0.8218487394957983	GSE56140_cirr
ADAMTSL2	SUSD2	0.8643239113827349	GSE56140_cirr
BGN	SUSD2	0.8539343009931245	GSE56140_cirr
CCDC146	SUSD2	0.8462948815889991	GSE56140_cirr
CD248	SUSD2	0.8288770053475936	GSE56140_cirr
COL5A1	SUSD2	0.8435446906035141	GSE56140_cirr
DCDC2	SUSD2	0.8178762414056532	GSE56140_cirr
FLJ35258	SUSD2	0.8759358288770053	GSE56140_cirr
LAMC3	SUSD2	0.870435446906035	GSE56140_cirr
MAPK13	SUSD2	0.8258212375859434	GSE56140_cirr
RBP1	SUSD2	0.8068754774637127	GSE56140_cirr
SRPX	SUSD2	0.8099312452253628	GSE56140_cirr
SRPX2	SUSD2	0.8270435446906035	GSE56140_cirr
STMN2	SUSD2	0.9159663865546217	GSE56140_cirr
ADAMTSL2	SVEP1	0.895492742551566	GSE56140_cirr
ADCY3	SVEP1	0.8835752482811307	GSE56140_cirr
AEBP1	SVEP1	0.8478227654698243	GSE56140_cirr
ANGPTL2	SVEP1	0.868601986249045	GSE56140_cirr
ARHGEF2	SVEP1	0.8258212375859434	GSE56140_cirr
BGN	SVEP1	0.8411000763941939	GSE56140_cirr
BHLHB5	SVEP1	0.8759358288770053	GSE56140_cirr
C1orf198	SVEP1	0.8838808250572956	GSE56140_cirr
C7	SVEP1	0.8200152788388082	GSE56140_cirr
CCDC146	SVEP1	0.8557677616501145	GSE56140_cirr
CCDC3	SVEP1	0.8438502673796792	GSE56140_cirr
CLIC6	SVEP1	0.8105423987776929	GSE56140_cirr
CLIP3	SVEP1	0.8869365928189457	GSE56140_cirr
COL16A1	SVEP1	0.8563789152024446	GSE56140_cirr
COL1A2	SVEP1	0.8728800611153552	GSE56140_cirr
COL3A1	SVEP1	0.8197097020626432	GSE56140_cirr
COL5A1	SVEP1	0.8359052711993887	GSE56140_cirr
COLEC11	SVEP1	0.8108479755538578	GSE56140_cirr
CXCL12	SVEP1	0.8380443086325439	GSE56140_cirr
DCN	SVEP1	0.8346829640947286	GSE56140_cirr
DPYSL3	SVEP1	0.8380443086325439	GSE56140_cirr
EFEMP1	SVEP1	0.8713521772345301	GSE56140_cirr
EFEMP2	SVEP1	0.8236822001527884	GSE56140_cirr
ENG	SVEP1	0.8120702826585179	GSE56140_cirr
FBLN5	SVEP1	0.9049656226126814	GSE56140_cirr
FLJ35258	SVEP1	0.9061879297173414	GSE56140_cirr
FSTL1	SVEP1	0.8230710466004584	GSE56140_cirr
GSTP1	SVEP1	0.8530175706646295	GSE56140_cirr
IGFBP7	SVEP1	0.8884644766997708	GSE56140_cirr
LAMA2	SVEP1	0.9165775401069518	GSE56140_cirr
LAMC3	SVEP1	0.893964858670741	GSE56140_cirr
LUM	SVEP1	0.8365164247517188	GSE56140_cirr
LXN	SVEP1	0.8016806722689075	GSE56140_cirr
MEG3	SVEP1	0.8536287242169596	GSE56140_cirr
MFAP4	SVEP1	0.9003819709702061	GSE56140_cirr
MOXD1	SVEP1	0.8493506493506494	GSE56140_cirr
MYH10	SVEP1	0.869824293353705	GSE56140_cirr
NDN	SVEP1	0.8359052711993887	GSE56140_cirr
PHLDB1	SVEP1	0.8609625668449197	GSE56140_cirr
PODN	SVEP1	0.8337662337662338	GSE56140_cirr
PTGIS	SVEP1	0.8838808250572956	GSE56140_cirr
SCTR	SVEP1	0.8212375859434682	GSE56140_cirr
SERPINE2	SVEP1	0.8169595110771581	GSE56140_cirr
SPON1	SVEP1	0.8346829640947286	GSE56140_cirr
SRPX	SVEP1	0.8731856378915203	GSE56140_cirr
STMN2	SVEP1	0.8585179526355997	GSE56140_cirr
BGN	SYT13	0.8038197097020626	GSE56140_cirr
CCDC146	SYT13	0.8692131398013752	GSE56140_cirr
CFTR	SYT13	0.8084033613445378	GSE56140_cirr
CHST4	SYT13	0.8300993124522535	GSE56140_cirr
CLDN10	SYT13	0.8572956455309396	GSE56140_cirr
CLIC6	SYT13	0.8365164247517188	GSE56140_cirr
COL3A1	SYT13	0.8120702826585179	GSE56140_cirr
DPYSL2	SYT13	0.8310160427807486	GSE56140_cirr
FXYD2	SYT13	0.8261268143621084	GSE56140_cirr
GSTP1	SYT13	0.8716577540106951	GSE56140_cirr
HEYL	SYT13	0.8203208556149731	GSE56140_cirr
LAMC3	SYT13	0.8194041252864781	GSE56140_cirr
LUM	SYT13	0.8166539343009931	GSE56140_cirr
PROM1	SYT13	0.8071810542398777	GSE56140_cirr
AQP11	TACC1	-0.8328495034377387	GSE56140_cirr
C1orf198	TACC1	0.816348357524828	GSE56140_cirr
CCDC3	TACC1	0.8346829640947286	GSE56140_cirr
CSDA	TACC1	0.8982429335370512	GSE56140_cirr
DKFZp761P0423	TACC1	0.9049656226126814	GSE56140_cirr
DPYSL3	TACC1	0.8380443086325439	GSE56140_cirr
EFEMP1	TACC1	0.8019862490450725	GSE56140_cirr
GLYATL1	TACC1	-0.8545454545454546	GSE56140_cirr
GSTP1	TACC1	0.8172650878533231	GSE56140_cirr
HEBP1	TACC1	-0.8050420168067226	GSE56140_cirr
HEYL	TACC1	0.8343773873185638	GSE56140_cirr
IGFBP7	TACC1	0.8631016042780748	GSE56140_cirr
KIAA1949	TACC1	0.8276546982429335	GSE56140_cirr
LAMA2	TACC1	0.8123758594346829	GSE56140_cirr
LOC650369	TACC1	0.8114591291061879	GSE56140_cirr
LXN	TACC1	0.8111535523300228	GSE56140_cirr
MYH10	TACC1	0.8346829640947286	GSE56140_cirr
PALLD	TACC1	0.8025974025974025	GSE56140_cirr
PAM	TACC1	0.8368220015278839	GSE56140_cirr
PDGFRB	TACC1	0.8166539343009931	GSE56140_cirr
PFKP	TACC1	0.8621848739495798	GSE56140_cirr
PHLDB1	TACC1	0.8484339190221544	GSE56140_cirr
PIK3IP1	TACC1	0.8857142857142857	GSE56140_cirr
PTGIS	TACC1	0.8362108479755538	GSE56140_cirr
S100A6	TACC1	0.894576012223071	GSE56140_cirr
SCRN1	TACC1	0.8108479755538578	GSE56140_cirr
SPARC	TACC1	0.8783804430863255	GSE56140_cirr
STK39	TACC1	0.8368220015278839	GSE56140_cirr
ANXA5	TACSTD1	0.8548510313216194	GSE56140_cirr
CDH1	TACSTD1	0.8475171886936592	GSE56140_cirr
DCDC2	TACSTD1	0.8737967914438503	GSE56140_cirr
F2RL1	TACSTD1	0.8077922077922078	GSE56140_cirr
GPER	TACSTD1	-0.8527119938884644	GSE56140_cirr
LOXL4	TACSTD1	0.8582123758594347	GSE56140_cirr
MAPK13	TACSTD1	0.8438502673796792	GSE56140_cirr
NR1I3	TACSTD1	-0.8374331550802139	GSE56140_cirr
NTHL1	TACSTD1	-0.8282658517952636	GSE56140_cirr
PCOLCE2	TACSTD1	-0.8175706646294881	GSE56140_cirr
PDZK1IP1	TACSTD1	0.8469060351413292	GSE56140_cirr
RAB25	TACSTD1	0.8747135217723453	GSE56140_cirr
SCNN1A	TACSTD1	0.8310160427807486	GSE56140_cirr
SHD	TACSTD1	-0.8285714285714286	GSE56140_cirr
SLC16A10	TACSTD1	-0.8533231474407945	GSE56140_cirr
SLC47A1	TACSTD1	-0.8349885408708937	GSE56140_cirr
SORT1	TACSTD1	0.8646294881589	GSE56140_cirr
SOX9	TACSTD1	0.8799083269671504	GSE56140_cirr
SPINT2	TACSTD1	0.8796027501909855	GSE56140_cirr
STMN2	TACSTD1	0.8190985485103133	GSE56140_cirr
CRISPLD2	TACSTD2	0.8401833460656989	GSE56140_cirr
EFEMP1	TACSTD2	0.8139037433155081	GSE56140_cirr
KRT19	TACSTD2	0.9104660045836516	GSE56140_cirr
KRT7	TACSTD2	0.8197097020626432	GSE56140_cirr
ADCY3	TAGLN	0.8013750954927426	GSE56140_cirr
AEBP1	TAGLN	0.9031321619556913	GSE56140_cirr
ARHGEF2	TAGLN	0.8013750954927426	GSE56140_cirr
BGN	TAGLN	0.8481283422459893	GSE56140_cirr
C1orf198	TAGLN	0.8844919786096257	GSE56140_cirr
CCDC146	TAGLN	0.868601986249045	GSE56140_cirr
CCDC3	TAGLN	0.921466768525592	GSE56140_cirr
CHST4	TAGLN	0.8242933537051185	GSE56140_cirr
CLIC6	TAGLN	0.8612681436210847	GSE56140_cirr
COL16A1	TAGLN	0.8481283422459893	GSE56140_cirr
COL1A2	TAGLN	0.812681436210848	GSE56140_cirr
COL5A1	TAGLN	0.8276546982429335	GSE56140_cirr
COL6A1	TAGLN	0.8032085561497326	GSE56140_cirr
CRYAB	TAGLN	0.8991596638655462	GSE56140_cirr
CTSK	TAGLN	0.8041252864782277	GSE56140_cirr
CXCL12	TAGLN	0.8166539343009931	GSE56140_cirr
DPYSL3	TAGLN	0.8456837280366691	GSE56140_cirr
EFEMP1	TAGLN	0.8282658517952636	GSE56140_cirr
EFEMP2	TAGLN	0.8041252864782277	GSE56140_cirr
ENG	TAGLN	0.8010695187165775	GSE56140_cirr
FSTL1	TAGLN	0.8255156608097783	GSE56140_cirr
GSTP1	TAGLN	0.8655462184873949	GSE56140_cirr
HEYL	TAGLN	0.8102368220015278	GSE56140_cirr
HSPB6	TAGLN	0.838655462184874	GSE56140_cirr
IGFBP7	TAGLN	0.9058823529411764	GSE56140_cirr
KRT7	TAGLN	0.8713521772345301	GSE56140_cirr
LAMA2	TAGLN	0.8902979373567608	GSE56140_cirr
LAMC3	TAGLN	0.8508785332314743	GSE56140_cirr
LDB2	TAGLN	0.8258212375859434	GSE56140_cirr
MEG3	TAGLN	0.841711229946524	GSE56140_cirr
MFAP4	TAGLN	0.8074866310160428	GSE56140_cirr
MYH10	TAGLN	0.9077158135981666	GSE56140_cirr
NDN	TAGLN	0.8404889228418639	GSE56140_cirr
PDGFRB	TAGLN	0.812987012987013	GSE56140_cirr
PHLDB1	TAGLN	0.8227654698242933	GSE56140_cirr
PLAT	TAGLN	0.8077922077922078	GSE56140_cirr
PODN	TAGLN	0.8533231474407945	GSE56140_cirr
PROM1	TAGLN	0.8181818181818182	GSE56140_cirr
PTGDS	TAGLN	0.8221543162719633	GSE56140_cirr
PTGIS	TAGLN	0.8294881588999234	GSE56140_cirr
SPARC	TAGLN	0.8203208556149731	GSE56140_cirr
SRPX	TAGLN	0.8172650878533231	GSE56140_cirr
SVEP1	TAGLN	0.8267379679144384	GSE56140_cirr
TACC1	TAGLN	0.8294881588999234	GSE56140_cirr
C6	TAT	0.8343773873185638	GSE56140_cirr
GADD45G	TAT	0.8181818181818182	GSE56140_cirr
ADAMTSL2	TAX1BP3	0.8264323911382735	GSE56140_cirr
AEBP1	TAX1BP3	0.8261268143621084	GSE56140_cirr
BGN	TAX1BP3	0.8921313980137509	GSE56140_cirr
BHLHB5	TAX1BP3	0.8065699006875477	GSE56140_cirr
C1orf106	TAX1BP3	0.8453781512605041	GSE56140_cirr
C1orf198	TAX1BP3	0.8985485103132161	GSE56140_cirr
CAT	TAX1BP3	-0.8032085561497326	GSE56140_cirr
CCDC146	TAX1BP3	0.8346829640947286	GSE56140_cirr
CCDC3	TAX1BP3	0.8594346829640948	GSE56140_cirr
CD248	TAX1BP3	0.8227654698242933	GSE56140_cirr
CFI	TAX1BP3	-0.8285714285714286	GSE56140_cirr
CFTR	TAX1BP3	0.8374331550802139	GSE56140_cirr
CHST4	TAX1BP3	0.8588235294117648	GSE56140_cirr
CLDN10	TAX1BP3	0.8273491214667685	GSE56140_cirr
CLIC6	TAX1BP3	0.8805194805194805	GSE56140_cirr
COL1A1	TAX1BP3	0.8594346829640948	GSE56140_cirr
COL1A2	TAX1BP3	0.8377387318563789	GSE56140_cirr
CTSK	TAX1BP3	0.8038197097020626	GSE56140_cirr
CXCL12	TAX1BP3	0.8881588999236057	GSE56140_cirr
DKFZp761P0423	TAX1BP3	0.8310160427807486	GSE56140_cirr
DPYSL2	TAX1BP3	0.8053475935828877	GSE56140_cirr
EFEMP2	TAX1BP3	0.8447669977081741	GSE56140_cirr
EMILIN1	TAX1BP3	0.8346829640947286	GSE56140_cirr
FLJ35258	TAX1BP3	0.8343773873185638	GSE56140_cirr
FNDC1	TAX1BP3	0.8166539343009931	GSE56140_cirr
FXYD2	TAX1BP3	0.8484339190221544	GSE56140_cirr
GPR56	TAX1BP3	0.8206264323911382	GSE56140_cirr
GSTP1	TAX1BP3	0.8765469824293353	GSE56140_cirr
HCLS1	TAX1BP3	0.8007639419404124	GSE56140_cirr
HEYL	TAX1BP3	0.8016806722689075	GSE56140_cirr
HSD17B6	TAX1BP3	-0.8411000763941939	GSE56140_cirr
HSPB6	TAX1BP3	0.8032085561497326	GSE56140_cirr
IGFBP7	TAX1BP3	0.8899923605805957	GSE56140_cirr
KIAA1324L	TAX1BP3	0.8224598930481283	GSE56140_cirr
KRT7	TAX1BP3	0.8484339190221544	GSE56140_cirr
LAMA2	TAX1BP3	0.8634071810542399	GSE56140_cirr
LAMC3	TAX1BP3	0.8233766233766234	GSE56140_cirr
LOC285016	TAX1BP3	0.8264323911382735	GSE56140_cirr
MAPK13	TAX1BP3	0.8233766233766234	GSE56140_cirr
MYH10	TAX1BP3	0.8077922077922078	GSE56140_cirr
NDN	TAX1BP3	0.8716577540106951	GSE56140_cirr
PDGFRB	TAX1BP3	0.8371275783040488	GSE56140_cirr
PFKP	TAX1BP3	0.8035141329258977	GSE56140_cirr
PIK3IP1	TAX1BP3	0.8025974025974025	GSE56140_cirr
PLAT	TAX1BP3	0.8224598930481283	GSE56140_cirr
PODN	TAX1BP3	0.8844919786096257	GSE56140_cirr
PRICKLE1	TAX1BP3	0.8194041252864781	GSE56140_cirr
PROM1	TAX1BP3	0.8652406417112298	GSE56140_cirr
PTGIS	TAX1BP3	0.9086325439266616	GSE56140_cirr
RAB25	TAX1BP3	0.8285714285714286	GSE56140_cirr
RBP1	TAX1BP3	0.8459893048128342	GSE56140_cirr
RNASE1	TAX1BP3	0.8218487394957983	GSE56140_cirr
SPARC	TAX1BP3	0.8472116119174943	GSE56140_cirr
SPINT2	TAX1BP3	0.8627960275019099	GSE56140_cirr
SRPX	TAX1BP3	0.8588235294117648	GSE56140_cirr
SRPX2	TAX1BP3	0.8304048892284186	GSE56140_cirr
STMN2	TAX1BP3	0.893048128342246	GSE56140_cirr
SVEP1	TAX1BP3	0.8322383498854087	GSE56140_cirr
TACC1	TAX1BP3	0.8404889228418639	GSE56140_cirr
TAGLN	TAX1BP3	0.816348357524828	GSE56140_cirr
ARHGAP4	TBC1D10C	0.8817417876241405	GSE56140_cirr
C4BPB	TBC1D10C	-0.8001527883880825	GSE56140_cirr
CORO1A	TBC1D10C	0.8239877769289534	GSE56140_cirr
EMP3	TBC1D10C	0.8447669977081741	GSE56140_cirr
ENO2	TBC1D10C	0.8487394957983193	GSE56140_cirr
FAM171A1	TBC1D10C	0.8304048892284186	GSE56140_cirr
LOC730994	TBC1D10C	0.8777692895339954	GSE56140_cirr
MICAL1	TBC1D10C	0.8307104660045835	GSE56140_cirr
PSCD4	TBC1D10C	0.8789915966386554	GSE56140_cirr
RAC2	TBC1D10C	0.8582123758594347	GSE56140_cirr
S100A4	TBC1D10C	0.8166539343009931	GSE56140_cirr
SCRN1	TBC1D10C	0.8325439266615737	GSE56140_cirr
LACTB2	TBXAS1	-0.8001527883880825	GSE56140_cirr
C7orf55	TCEA3	0.842322383498854	GSE56140_cirr
FXYD1	TCEA3	0.8484339190221544	GSE56140_cirr
NR1I3	TCEA3	0.8077922077922078	GSE56140_cirr
ADAMTSL2	TCEAL3	0.8432391138273491	GSE56140_cirr
ADCY3	TCEAL3	0.8521008403361344	GSE56140_cirr
CYBRD1	TCEAL3	0.8340718105423988	GSE56140_cirr
DPYSL3	TCEAL3	0.8441558441558442	GSE56140_cirr
EFEMP1	TCEAL3	0.8462948815889991	GSE56140_cirr
FBLN5	TCEAL3	0.8527119938884644	GSE56140_cirr
IGFBP7	TCEAL3	0.8114591291061879	GSE56140_cirr
LAMA2	TCEAL3	0.8218487394957983	GSE56140_cirr
LOC145837	TCEAL3	-0.8123758594346829	GSE56140_cirr
LOC649495	TCEAL3	-0.8025974025974025	GSE56140_cirr
LOC650369	TCEAL3	0.8022918258212376	GSE56140_cirr
LXN	TCEAL3	0.8071810542398777	GSE56140_cirr
MFAP4	TCEAL3	0.8426279602750191	GSE56140_cirr
MOXD1	TCEAL3	0.8328495034377387	GSE56140_cirr
MYH10	TCEAL3	0.8710466004583651	GSE56140_cirr
PDGFRA	TCEAL3	0.8435446906035141	GSE56140_cirr
PHLDB1	TCEAL3	0.9343009931245225	GSE56140_cirr
SVEP1	TCEAL3	0.8249045072574483	GSE56140_cirr
TCEA3	TCP10L	0.8270435446906035	GSE56140_cirr
F13B	TDO2	0.8035141329258977	GSE56140_cirr
AEBP1	TEAD2	0.8087089381207029	GSE56140_cirr
AIG1	TEAD2	-0.8255156608097783	GSE56140_cirr
C1orf106	TEAD2	0.8368220015278839	GSE56140_cirr
C1orf198	TEAD2	0.8194041252864781	GSE56140_cirr
CCDC146	TEAD2	0.8062643239113827	GSE56140_cirr
CCDC3	TEAD2	0.8059587471352176	GSE56140_cirr
CHST4	TEAD2	0.8044308632543926	GSE56140_cirr
CLIC6	TEAD2	0.8554621848739495	GSE56140_cirr
CTSK	TEAD2	0.8239877769289534	GSE56140_cirr
DMGDH	TEAD2	-0.8218487394957983	GSE56140_cirr
GSTP1	TEAD2	0.8108479755538578	GSE56140_cirr
HFE2	TEAD2	-0.8093200916730328	GSE56140_cirr
KRT19	TEAD2	0.8511841100076394	GSE56140_cirr
KRT7	TEAD2	0.8576012223071047	GSE56140_cirr
MYH10	TEAD2	0.8090145148968678	GSE56140_cirr
PROM1	TEAD2	0.815126050420168	GSE56140_cirr
TAGLN	TEAD2	0.8261268143621084	GSE56140_cirr
ASNS	TESC	0.813598166539343	GSE56140_cirr
BGN	TESC	0.8310160427807486	GSE56140_cirr
C7orf23	TESC	0.8200152788388082	GSE56140_cirr
CCDC146	TESC	0.8294881588999234	GSE56140_cirr
CHST4	TESC	0.8077922077922078	GSE56140_cirr
CLIC6	TESC	0.8044308632543926	GSE56140_cirr
COL1A2	TESC	0.816042780748663	GSE56140_cirr
CXCL12	TESC	0.8209320091673032	GSE56140_cirr
DPYSL2	TESC	0.8285714285714286	GSE56140_cirr
EFEMP1	TESC	0.813292589763178	GSE56140_cirr
FLJ20160	TESC	0.8371275783040488	GSE56140_cirr
FXYD2	TESC	0.8316271963330787	GSE56140_cirr
GSTP1	TESC	0.8847975553857907	GSE56140_cirr
HEYL	TESC	0.815737203972498	GSE56140_cirr
IGFBP7	TESC	0.8450725744843391	GSE56140_cirr
LAMC3	TESC	0.815126050420168	GSE56140_cirr
LOC285016	TESC	0.816348357524828	GSE56140_cirr
PDGFRB	TESC	0.8044308632543926	GSE56140_cirr
PFKP	TESC	0.8212375859434682	GSE56140_cirr
PODN	TESC	0.8215431627196332	GSE56140_cirr
PTGIS	TESC	0.8236822001527884	GSE56140_cirr
SRPX2	TESC	0.8304048892284186	GSE56140_cirr
STMN2	TESC	0.8080977845683728	GSE56140_cirr
SYT13	TESC	0.8279602750190985	GSE56140_cirr
TAX1BP3	TESC	0.839266615737204	GSE56140_cirr
AMBP	TFR2	0.866768525592055	GSE56140_cirr
APOA1	TFR2	0.8331550802139037	GSE56140_cirr
JAG1	TFR2	-0.8025974025974025	GSE56140_cirr
LOC387882	TFR2	-0.841711229946524	GSE56140_cirr
LOC653498	TFR2	0.8487394957983193	GSE56140_cirr
ARID5B	TGFB3	0.8242933537051185	GSE56140_cirr
C10orf58	TGFB3	-0.8035141329258977	GSE56140_cirr
CCL2	TGFB3	0.8597402597402596	GSE56140_cirr
DPYSL3	TGFB3	0.8025974025974025	GSE56140_cirr
FAP	TGFB3	0.8178762414056532	GSE56140_cirr
GEM	TGFB3	0.8035141329258977	GSE56140_cirr
KLF15	TGFB3	-0.8010695187165775	GSE56140_cirr
LOC650369	TGFB3	0.8041252864782277	GSE56140_cirr
PHLDB1	TGFB3	0.8285714285714286	GSE56140_cirr
SEC14L2	TGFB3	-0.8056531703590526	GSE56140_cirr
ARID5B	THBS1	0.8658517952635599	GSE56140_cirr
CCL2	THBS1	0.8166539343009931	GSE56140_cirr
CXCL6	THBS1	0.8187929717341482	GSE56140_cirr
GEM	THBS1	0.8093200916730328	GSE56140_cirr
IER3	THBS1	0.8218487394957983	GSE56140_cirr
LXN	THBS1	0.8230710466004584	GSE56140_cirr
PHLDB1	THBS1	0.812681436210848	GSE56140_cirr
TGFB3	THBS1	0.8279602750190985	GSE56140_cirr
AEBP1	THBS2	0.8627960275019099	GSE56140_cirr
ARHGEF2	THBS2	0.8178762414056532	GSE56140_cirr
BGN	THBS2	0.8524064171122995	GSE56140_cirr
C1orf198	THBS2	0.8530175706646295	GSE56140_cirr
CCDC146	THBS2	0.870435446906035	GSE56140_cirr
CCDC3	THBS2	0.8215431627196332	GSE56140_cirr
CFTR	THBS2	0.815431627196333	GSE56140_cirr
CHST4	THBS2	0.839877769289534	GSE56140_cirr
CLIC6	THBS2	0.8631016042780748	GSE56140_cirr
COL16A1	THBS2	0.8291825821237586	GSE56140_cirr
COL1A1	THBS2	0.8508785332314743	GSE56140_cirr
COL1A2	THBS2	0.870435446906035	GSE56140_cirr
COL3A1	THBS2	0.8530175706646295	GSE56140_cirr
COL5A1	THBS2	0.8988540870893812	GSE56140_cirr
COL6A3	THBS2	0.8111535523300228	GSE56140_cirr
CXCL12	THBS2	0.8432391138273491	GSE56140_cirr
DCDC2	THBS2	0.8099312452253628	GSE56140_cirr
DPYSL2	THBS2	0.8585179526355997	GSE56140_cirr
EFEMP1	THBS2	0.8866310160427807	GSE56140_cirr
FXYD2	THBS2	0.8044308632543926	GSE56140_cirr
GSTP1	THBS2	0.8334606569900688	GSE56140_cirr
HEYL	THBS2	0.8215431627196332	GSE56140_cirr
IGFBP7	THBS2	0.8297937356760885	GSE56140_cirr
KRT7	THBS2	0.8215431627196332	GSE56140_cirr
LAMA2	THBS2	0.8447669977081741	GSE56140_cirr
LAMC3	THBS2	0.8469060351413292	GSE56140_cirr
MYH10	THBS2	0.8854087089381206	GSE56140_cirr
PFKP	THBS2	0.815126050420168	GSE56140_cirr
PROM1	THBS2	0.8019862490450725	GSE56140_cirr
PTGIS	THBS2	0.816042780748663	GSE56140_cirr
SERPINE2	THBS2	0.8689075630252101	GSE56140_cirr
SRPX2	THBS2	0.8197097020626432	GSE56140_cirr
STMN2	THBS2	0.8108479755538578	GSE56140_cirr
SVEP1	THBS2	0.8270435446906035	GSE56140_cirr
TAGLN	THBS2	0.8808250572956454	GSE56140_cirr
TAX1BP3	THBS2	0.8016806722689075	GSE56140_cirr
TESC	THBS2	0.8099312452253628	GSE56140_cirr
ALDH5A1	THBS4	0.8982429335370512	GSE56140_cirr
F7	THBS4	0.8300993124522535	GSE56140_cirr
GCGR	THBS4	0.8517952635599694	GSE56140_cirr
GHR	THBS4	0.814514896867838	GSE56140_cirr
GNE	THBS4	0.8365164247517188	GSE56140_cirr
LOC440055	THBS4	-0.8019862490450725	GSE56140_cirr
FKBP11	THEM2	-0.8178762414056532	GSE56140_cirr
PCK2	THEM2	0.8899923605805957	GSE56140_cirr
SAT2	THEM2	0.8065699006875477	GSE56140_cirr
GCHFR	THOP1	0.8010695187165775	GSE56140_cirr
MT1A	THOP1	0.8227654698242933	GSE56140_cirr
ACACB	THRSP	0.8615737203972498	GSE56140_cirr
DCXR	THRSP	0.8080977845683728	GSE56140_cirr
DNMT3L	THRSP	0.8826585179526356	GSE56140_cirr
GPAM	THRSP	0.8114591291061879	GSE56140_cirr
KLKB1	THRSP	0.9025210084033612	GSE56140_cirr
PROC	THRSP	0.8783804430863255	GSE56140_cirr
ACADM	THY1	-0.8524064171122995	GSE56140_cirr
ACAT1	THY1	-0.8493506493506494	GSE56140_cirr
AMBP	THY1	-0.8634071810542399	GSE56140_cirr
APOH	THY1	-0.8343773873185638	GSE56140_cirr
C1QTNF5	THY1	0.9080213903743315	GSE56140_cirr
CAT	THY1	-0.8508785332314743	GSE56140_cirr
COL1A1	THY1	0.8056531703590526	GSE56140_cirr
CRIP2	THY1	0.8579067990832696	GSE56140_cirr
CRYAB	THY1	0.8756302521008402	GSE56140_cirr
CTH	THY1	-0.8679908326967151	GSE56140_cirr
DCI	THY1	-0.8462948815889991	GSE56140_cirr
DKFZp761P0423	THY1	0.8203208556149731	GSE56140_cirr
DMGDH	THY1	-0.8224598930481283	GSE56140_cirr
FAM127A	THY1	0.868601986249045	GSE56140_cirr
GBA3	THY1	-0.8288770053475936	GSE56140_cirr
GHR	THY1	-0.8310160427807486	GSE56140_cirr
HAO1	THY1	-0.8637127578304049	GSE56140_cirr
HSD17B6	THY1	-0.8563789152024446	GSE56140_cirr
HSPB6	THY1	0.8524064171122995	GSE56140_cirr
KMO	THY1	-0.8071810542398777	GSE56140_cirr
LDB2	THY1	0.8166539343009931	GSE56140_cirr
LOC387882	THY1	0.9101604278074865	GSE56140_cirr
LOC653498	THY1	-0.8572956455309396	GSE56140_cirr
MARCKSL1	THY1	0.8805194805194805	GSE56140_cirr
NDUFA4L2	THY1	0.8261268143621084	GSE56140_cirr
PAH	THY1	-0.8475171886936592	GSE56140_cirr
PCSK5	THY1	0.8175706646294881	GSE56140_cirr
PLAC9	THY1	0.8294881588999234	GSE56140_cirr
PLAU	THY1	0.8355996944232238	GSE56140_cirr
RRAS	THY1	0.8453781512605041	GSE56140_cirr
SELM	THY1	0.9083269671504965	GSE56140_cirr
SEPP1	THY1	-0.8337662337662338	GSE56140_cirr
SF3B4	THY1	0.8557677616501145	GSE56140_cirr
SLC38A4	THY1	-0.8365164247517188	GSE56140_cirr
SUCLG2	THY1	-0.8496562261268142	GSE56140_cirr
HSD17B6	TIMP1	-0.8346829640947286	GSE56140_cirr
IGFBP7	TIMP1	0.8010695187165775	GSE56140_cirr
KIAA1324L	TIMP1	0.8230710466004584	GSE56140_cirr
KRT19	TIMP1	0.8004583651642474	GSE56140_cirr
LIME1	TIMP1	-0.816042780748663	GSE56140_cirr
LOC650369	TIMP1	0.8554621848739495	GSE56140_cirr
MTSS1	TIMP1	-0.8466004583651642	GSE56140_cirr
MYH10	TIMP1	0.8261268143621084	GSE56140_cirr
NKD2	TIMP1	0.8545454545454546	GSE56140_cirr
OLR1	TIMP1	0.8896867838044309	GSE56140_cirr
PODN	TIMP1	0.8282658517952636	GSE56140_cirr
SLC16A10	TIMP1	-0.8310160427807486	GSE56140_cirr
SOX9	TIMP1	0.8270435446906035	GSE56140_cirr
TCEAL3	TIMP1	0.813292589763178	GSE56140_cirr
CAMK2N1	TJP3	0.8084033613445378	GSE56140_cirr
LOC388564	TJP3	0.8169595110771581	GSE56140_cirr
PA2G4	TJP3	0.8062643239113827	GSE56140_cirr
SAC3D1	TJP3	0.8734912146676852	GSE56140_cirr
C18orf56	TK1	0.8041252864782277	GSE56140_cirr
CLCF1	TM4SF1	0.8120702826585179	GSE56140_cirr
LOC440359	TM4SF1	0.8178762414056532	GSE56140_cirr
ANXA2	TM4SF4	0.8175706646294881	GSE56140_cirr
GCKR	TM4SF4	-0.8025974025974025	GSE56140_cirr
MTE	TM4SF4	-0.8099312452253628	GSE56140_cirr
NQO1	TM4SF4	0.8411000763941939	GSE56140_cirr
PDZK1IP1	TM4SF4	0.8343773873185638	GSE56140_cirr
PPP1R1A	TM4SF4	-0.8123758594346829	GSE56140_cirr
SLC16A10	TM4SF4	-0.8615737203972498	GSE56140_cirr
SOX9	TM4SF4	0.813292589763178	GSE56140_cirr
TACSTD1	TM4SF4	0.8001527883880825	GSE56140_cirr
DAK	TM6SF2	0.8068754774637127	GSE56140_cirr
COQ10A	TM7SF2	0.8273491214667685	GSE56140_cirr
DAO	TM7SF2	0.8166539343009931	GSE56140_cirr
DHRS4	TM7SF2	0.814209320091673	GSE56140_cirr
PROC	TM7SF2	0.8019862490450725	GSE56140_cirr
RARRES2	TM7SF2	0.8346829640947286	GSE56140_cirr
RND2	TM7SF2	0.8447669977081741	GSE56140_cirr
SELENBP1	TM7SF2	0.8331550802139037	GSE56140_cirr
DCXR	TMCO3	-0.8597402597402596	GSE56140_cirr
DNMT3L	TMCO3	-0.8481283422459893	GSE56140_cirr
GRHPR	TMCO3	-0.8808250572956454	GSE56140_cirr
PROC	TMCO3	-0.8242933537051185	GSE56140_cirr
SLC22A1	TMCO3	-0.8395721925133689	GSE56140_cirr
ACSM3	TMED3	-0.8166539343009931	GSE56140_cirr
COL5A1	TMED3	0.8187929717341482	GSE56140_cirr
CSTB	TMED3	0.8313216195569136	GSE56140_cirr
DCDC2	TMED3	0.8285714285714286	GSE56140_cirr
MAPK13	TMED3	0.8606569900687547	GSE56140_cirr
PDZK1IP1	TMED3	0.8285714285714286	GSE56140_cirr
RAB25	TMED3	0.8114591291061879	GSE56140_cirr
SPINT2	TMED3	0.8469060351413292	GSE56140_cirr
STMN2	TMED3	0.8352941176470587	GSE56140_cirr
TACSTD1	TMED3	0.8768525592055003	GSE56140_cirr
CFHR1	TMEM147	-0.8591291061879297	GSE56140_cirr
GADD45A	TMEM147	-0.8194041252864781	GSE56140_cirr
IGFBP1	TMEM147	-0.8847975553857907	GSE56140_cirr
PCK1	TMEM147	-0.8313216195569136	GSE56140_cirr
PLTP	TMEM14A	-0.8313216195569136	GSE56140_cirr
CA5A	TMEM16A	0.8646294881589	GSE56140_cirr
CAT	TMEM16A	0.8346829640947286	GSE56140_cirr
F7	TMEM16A	0.8038197097020626	GSE56140_cirr
GHR	TMEM16A	0.8505729564553093	GSE56140_cirr
SLC25A15	TMEM16A	0.8337662337662338	GSE56140_cirr
AEBP1	TMEM173	0.815737203972498	GSE56140_cirr
AIG1	TMEM173	-0.86768525592055	GSE56140_cirr
ANXA1	TMEM173	0.8007639419404124	GSE56140_cirr
ARHGAP4	TMEM173	0.8102368220015278	GSE56140_cirr
BGN	TMEM173	0.8197097020626432	GSE56140_cirr
C16orf30	TMEM173	0.8001527883880825	GSE56140_cirr
CCDC3	TMEM173	0.8462948815889991	GSE56140_cirr
CLEC11A	TMEM173	0.8187929717341482	GSE56140_cirr
COL6A1	TMEM173	0.8621848739495798	GSE56140_cirr
CTSK	TMEM173	0.8117647058823529	GSE56140_cirr
CXCL12	TMEM173	0.8539343009931245	GSE56140_cirr
DKFZp761P0423	TMEM173	0.8343773873185638	GSE56140_cirr
DMGDH	TMEM173	-0.812681436210848	GSE56140_cirr
EMILIN1	TMEM173	0.8426279602750191	GSE56140_cirr
EMP3	TMEM173	0.8530175706646295	GSE56140_cirr
ENO2	TMEM173	0.8615737203972498	GSE56140_cirr
FAM171A1	TMEM173	0.8502673796791443	GSE56140_cirr
FXYD2	TMEM173	0.8071810542398777	GSE56140_cirr
GGH	TMEM173	-0.8374331550802139	GSE56140_cirr
GSTP1	TMEM173	0.8802139037433154	GSE56140_cirr
HSPB6	TMEM173	0.8411000763941939	GSE56140_cirr
IQGAP2	TMEM173	-0.8029029793735676	GSE56140_cirr
KIAA1949	TMEM173	0.8420168067226891	GSE56140_cirr
KRT7	TMEM173	0.8484339190221544	GSE56140_cirr
LDB2	TMEM173	0.8172650878533231	GSE56140_cirr
MICAL1	TMEM173	0.8377387318563789	GSE56140_cirr
MYH10	TMEM173	0.8077922077922078	GSE56140_cirr
NDN	TMEM173	0.8071810542398777	GSE56140_cirr
OLFML3	TMEM173	0.8102368220015278	GSE56140_cirr
PLAU	TMEM173	0.8047364400305576	GSE56140_cirr
PODN	TMEM173	0.8169595110771581	GSE56140_cirr
PRICKLE1	TMEM173	0.816042780748663	GSE56140_cirr
PROM1	TMEM173	0.8331550802139037	GSE56140_cirr
PTGDS	TMEM173	0.8114591291061879	GSE56140_cirr
PTGIS	TMEM173	0.8111535523300228	GSE56140_cirr
S100A11	TMEM173	0.8383498854087089	GSE56140_cirr
S100A4	TMEM173	0.8044308632543926	GSE56140_cirr
SCRN1	TMEM173	0.8450725744843391	GSE56140_cirr
TAGLN	TMEM173	0.8349885408708937	GSE56140_cirr
TBC1D10C	TMEM173	0.8533231474407945	GSE56140_cirr
TEAD2	TMEM173	0.8502673796791443	GSE56140_cirr
THY1	TMEM173	0.8093200916730328	GSE56140_cirr
DCN	TMEM176B	-0.816348357524828	GSE56140_cirr
ITPR3	TMEM176B	-0.816042780748663	GSE56140_cirr
MOXD1	TMEM176B	-0.815737203972498	GSE56140_cirr
PDGFRA	TMEM176B	-0.8090145148968678	GSE56140_cirr
SEPHS2	TMEM176B	0.8404889228418639	GSE56140_cirr
KRT222P	TMEM20	0.8453781512605041	GSE56140_cirr
C1orf225	TMEM27	-0.8139037433155081	GSE56140_cirr
CYP2C8	TMEM27	0.8297937356760885	GSE56140_cirr
ENO3	TMEM27	0.8041252864782277	GSE56140_cirr
HAO2	TMEM27	0.815431627196333	GSE56140_cirr
SLC27A5	TMEM27	0.8084033613445378	GSE56140_cirr
RAB25	TMEM30B	0.8178762414056532	GSE56140_cirr
SPINT2	TMEM30B	0.8139037433155081	GSE56140_cirr
APLNR	TMEM45A	-0.8105423987776929	GSE56140_cirr
AQP12A	TMEM45A	0.8380443086325439	GSE56140_cirr
C4BPA	TMEM45A	0.8383498854087089	GSE56140_cirr
PLG	TMEM45A	0.8371275783040488	GSE56140_cirr
ADAMTSL2	TMEM51	0.8197097020626432	GSE56140_cirr
ADCY3	TMEM51	0.8499618029029793	GSE56140_cirr
AEBP1	TMEM51	0.8239877769289534	GSE56140_cirr
ANXA1	TMEM51	0.8245989304812833	GSE56140_cirr
ARHGEF2	TMEM51	0.8077922077922078	GSE56140_cirr
BGN	TMEM51	0.8395721925133689	GSE56140_cirr
CCDC146	TMEM51	0.8062643239113827	GSE56140_cirr
CCDC3	TMEM51	0.8450725744843391	GSE56140_cirr
CD248	TMEM51	0.8041252864782277	GSE56140_cirr
CFI	TMEM51	-0.8074866310160428	GSE56140_cirr
CHST4	TMEM51	0.815737203972498	GSE56140_cirr
CLIC6	TMEM51	0.8514896867838043	GSE56140_cirr
CLIP3	TMEM51	0.8190985485103133	GSE56140_cirr
CTSK	TMEM51	0.8365164247517188	GSE56140_cirr
CXCL12	TMEM51	0.814514896867838	GSE56140_cirr
DKFZp761P0423	TMEM51	0.8258212375859434	GSE56140_cirr
DPYSL3	TMEM51	0.812987012987013	GSE56140_cirr
EFEMP2	TMEM51	0.814514896867838	GSE56140_cirr
EFHD1	TMEM51	0.8218487394957983	GSE56140_cirr
EMILIN1	TMEM51	0.8291825821237586	GSE56140_cirr
EMP3	TMEM51	0.8212375859434682	GSE56140_cirr
FLJ22662	TMEM51	0.8022918258212376	GSE56140_cirr
FLJ35258	TMEM51	0.8261268143621084	GSE56140_cirr
GSTP1	TMEM51	0.9034377387318564	GSE56140_cirr
IGFBP7	TMEM51	0.8612681436210847	GSE56140_cirr
KIAA1949	TMEM51	0.8270435446906035	GSE56140_cirr
KRT19	TMEM51	0.8096256684491978	GSE56140_cirr
KRT7	TMEM51	0.8007639419404124	GSE56140_cirr
LAMA2	TMEM51	0.8264323911382735	GSE56140_cirr
MYH10	TMEM51	0.8169595110771581	GSE56140_cirr
NDN	TMEM51	0.8844919786096257	GSE56140_cirr
PDGFRB	TMEM51	0.8508785332314743	GSE56140_cirr
PFKP	TMEM51	0.8187929717341482	GSE56140_cirr
PHLDB1	TMEM51	0.8658517952635599	GSE56140_cirr
PIK3IP1	TMEM51	0.816042780748663	GSE56140_cirr
PLAT	TMEM51	0.8328495034377387	GSE56140_cirr
PODN	TMEM51	0.8841864018334606	GSE56140_cirr
PRICKLE1	TMEM51	0.8102368220015278	GSE56140_cirr
PROM1	TMEM51	0.8346829640947286	GSE56140_cirr
PTGDS	TMEM51	0.8796027501909855	GSE56140_cirr
PTGIS	TMEM51	0.8759358288770053	GSE56140_cirr
S100A11	TMEM51	0.814514896867838	GSE56140_cirr
SCRN1	TMEM51	0.8777692895339954	GSE56140_cirr
SPARC	TMEM51	0.8169595110771581	GSE56140_cirr
SRPX	TMEM51	0.8267379679144384	GSE56140_cirr
STMN2	TMEM51	0.8059587471352176	GSE56140_cirr
TACC1	TMEM51	0.8404889228418639	GSE56140_cirr
TAGLN	TMEM51	0.8209320091673032	GSE56140_cirr
TAX1BP3	TMEM51	0.8279602750190985	GSE56140_cirr
TCEAL3	TMEM51	0.8038197097020626	GSE56140_cirr
TMEM173	TMEM51	0.8563789152024446	GSE56140_cirr
CRYAB	TMEM54	0.8197097020626432	GSE56140_cirr
FAM127A	TMEM54	0.8426279602750191	GSE56140_cirr
HAO1	TMEM54	-0.814209320091673	GSE56140_cirr
HSD17B6	TMEM54	-0.8059587471352176	GSE56140_cirr
HSPB6	TMEM54	0.8267379679144384	GSE56140_cirr
KRT7	TMEM54	0.8197097020626432	GSE56140_cirr
LOC285016	TMEM54	0.8102368220015278	GSE56140_cirr
PODN	TMEM54	0.8029029793735676	GSE56140_cirr
TAX1BP3	TMEM54	0.8331550802139037	GSE56140_cirr
THY1	TMEM54	0.8093200916730328	GSE56140_cirr
AGXT	TMEM82	0.8737967914438503	GSE56140_cirr
GLYCTK	TMEM82	0.8004583651642474	GSE56140_cirr
CLIP3	TMEM98	0.8328495034377387	GSE56140_cirr
EFEMP2	TMEM98	0.814209320091673	GSE56140_cirr
ID3	TMEM98	0.8099312452253628	GSE56140_cirr
IGFBP6	TMEM98	0.8120702826585179	GSE56140_cirr
PLAT	TMEM98	0.8493506493506494	GSE56140_cirr
PROX1	TMEM98	-0.8569900687547746	GSE56140_cirr
GK	TMPRSS2	0.8245989304812833	GSE56140_cirr
GPAA1	TMPRSS6	0.8267379679144384	GSE56140_cirr
BEX2	TMSB10	0.8459893048128342	GSE56140_cirr
DPYSL2	TMSB10	0.8597402597402596	GSE56140_cirr
GSTP1	TMSB10	0.8588235294117648	GSE56140_cirr
HLA-DPA1	TMSB10	0.8310160427807486	GSE56140_cirr
LUM	TMSB10	0.8038197097020626	GSE56140_cirr
MAT1A	TMSB10	-0.8178762414056532	GSE56140_cirr
MOSC2	TMSB10	-0.8255156608097783	GSE56140_cirr
PFKP	TMSB10	0.8466004583651642	GSE56140_cirr
SPOCK2	TMSB10	0.816348357524828	GSE56140_cirr
SYT13	TMSB10	0.838961038961039	GSE56140_cirr
TESC	TMSB10	0.8252100840336134	GSE56140_cirr
A1CF	TNFRSF11B	-0.8359052711993887	GSE56140_cirr
CAMK2N1	TNFRSF11B	-0.8264323911382735	GSE56140_cirr
EPHX1	TNFRSF11B	-0.8032085561497326	GSE56140_cirr
FAT	TNFRSF11B	0.8218487394957983	GSE56140_cirr
LDHD	TNFRSF11B	-0.8297937356760885	GSE56140_cirr
MACROD1	TNFRSF11B	-0.8786860198624904	GSE56140_cirr
MGC70857	TNFRSF11B	-0.8588235294117648	GSE56140_cirr
GPT	TNFRSF12A	-0.8123758594346829	GSE56140_cirr
AKR1D1	TNFRSF21	-0.816348357524828	GSE56140_cirr
ALDH2	TNFRSF21	-0.8120702826585179	GSE56140_cirr
AMBP	TNFRSF21	-0.8105423987776929	GSE56140_cirr
ASNS	TNFRSF21	0.8105423987776929	GSE56140_cirr
C1orf198	TNFRSF21	0.8071810542398777	GSE56140_cirr
CAT	TNFRSF21	-0.8395721925133689	GSE56140_cirr
CHST4	TNFRSF21	0.8074866310160428	GSE56140_cirr
DKFZp761P0423	TNFRSF21	0.8722689075630252	GSE56140_cirr
GBA3	TNFRSF21	-0.8019862490450725	GSE56140_cirr
HAGH	TNFRSF21	-0.8029029793735676	GSE56140_cirr
HAO2	TNFRSF21	-0.8527119938884644	GSE56140_cirr
HEYL	TNFRSF21	0.815737203972498	GSE56140_cirr
HLA-DPA1	TNFRSF21	0.8013750954927426	GSE56140_cirr
HRSP12	TNFRSF21	-0.8255156608097783	GSE56140_cirr
HSD17B6	TNFRSF21	-0.8796027501909855	GSE56140_cirr
KIAA1324L	TNFRSF21	0.8090145148968678	GSE56140_cirr
KMO	TNFRSF21	-0.8114591291061879	GSE56140_cirr
LIME1	TNFRSF21	-0.8288770053475936	GSE56140_cirr
LOC285016	TNFRSF21	0.8172650878533231	GSE56140_cirr
LOC388503	TNFRSF21	-0.8261268143621084	GSE56140_cirr
LOC650369	TNFRSF21	0.8487394957983193	GSE56140_cirr
PRODH2	TNFRSF21	-0.8022918258212376	GSE56140_cirr
RASEF	TNFRSF21	0.8615737203972498	GSE56140_cirr
SPARC	TNFRSF21	0.813598166539343	GSE56140_cirr
TACC1	TNFRSF21	0.8444614209320092	GSE56140_cirr
TAX1BP3	TNFRSF21	0.8328495034377387	GSE56140_cirr
TIMP1	TNFRSF21	0.8594346829640948	GSE56140_cirr
C13orf15	TNFSF10	-0.8282658517952636	GSE56140_cirr
ALDH2	TOB1	0.8270435446906035	GSE56140_cirr
ALDH8A1	TOB1	0.8013750954927426	GSE56140_cirr
CAT	TOB1	0.8490450725744844	GSE56140_cirr
ENO1	TOB1	-0.8508785332314743	GSE56140_cirr
ESR1	TOB1	0.8273491214667685	GSE56140_cirr
FAM127A	TOB1	-0.8368220015278839	GSE56140_cirr
GADD45A	TOB1	0.8447669977081741	GSE56140_cirr
GBA3	TOB1	0.8215431627196332	GSE56140_cirr
GNE	TOB1	0.8172650878533231	GSE56140_cirr
HSD17B6	TOB1	0.8258212375859434	GSE56140_cirr
KMO	TOB1	0.8902979373567608	GSE56140_cirr
LOC388588	TOB1	0.813598166539343	GSE56140_cirr
PRODH2	TOB1	0.8022918258212376	GSE56140_cirr
SLC17A2	TOB1	0.8010695187165775	GSE56140_cirr
CCNB2	TOP2A	0.840794499618029	GSE56140_cirr
KIF20A	TOP2A	0.838655462184874	GSE56140_cirr
PTTG1	TOP2A	0.8004583651642474	GSE56140_cirr
ACADS	TPM1	-0.8652406417112298	GSE56140_cirr
DCXR	TPM1	-0.8013750954927426	GSE56140_cirr
MOSC1	TPM1	-0.8527119938884644	GSE56140_cirr
PPP1R1A	TPM1	-0.812987012987013	GSE56140_cirr
RND2	TPM1	-0.8053475935828877	GSE56140_cirr
SLC27A5	TPM1	-0.816042780748663	GSE56140_cirr
TMCO3	TPM1	0.816348357524828	GSE56140_cirr
ACADM	TPM4	-0.8252100840336134	GSE56140_cirr
AHSG	TPM4	-0.8007639419404124	GSE56140_cirr
ALDH5A1	TPM4	-0.8340718105423988	GSE56140_cirr
AMBP	TPM4	-0.8466004583651642	GSE56140_cirr
APOH	TPM4	-0.8087089381207029	GSE56140_cirr
C1QTNF5	TPM4	0.8857142857142857	GSE56140_cirr
CAT	TPM4	-0.8606569900687547	GSE56140_cirr
CCDC106	TPM4	-0.9034377387318564	GSE56140_cirr
CRIP2	TPM4	0.8300993124522535	GSE56140_cirr
CRYAB	TPM4	0.8481283422459893	GSE56140_cirr
DCI	TPM4	-0.839877769289534	GSE56140_cirr
DKFZp761P0423	TPM4	0.842322383498854	GSE56140_cirr
DMGDH	TPM4	-0.8041252864782277	GSE56140_cirr
GBA3	TPM4	-0.8499618029029793	GSE56140_cirr
GBE1	TPM4	-0.8038197097020626	GSE56140_cirr
GHR	TPM4	-0.8490450725744844	GSE56140_cirr
GNE	TPM4	-0.8108479755538578	GSE56140_cirr
GPR172A	TPM4	0.8084033613445378	GSE56140_cirr
HAO1	TPM4	-0.8637127578304049	GSE56140_cirr
HSD11B1	TPM4	-0.8184873949579832	GSE56140_cirr
HSD17B6	TPM4	-0.8200152788388082	GSE56140_cirr
KMO	TPM4	-0.8215431627196332	GSE56140_cirr
KRT7	TPM4	0.8102368220015278	GSE56140_cirr
LDB2	TPM4	0.8255156608097783	GSE56140_cirr
LOC387882	TPM4	0.895492742551566	GSE56140_cirr
LOC440055	TPM4	0.839877769289534	GSE56140_cirr
LOC728811	TPM4	-0.8221543162719633	GSE56140_cirr
MARCKSL1	TPM4	0.9067990832696714	GSE56140_cirr
PAH	TPM4	-0.8050420168067226	GSE56140_cirr
PCSK5	TPM4	0.8022918258212376	GSE56140_cirr
SC65	TPM4	0.8365164247517188	GSE56140_cirr
SELM	TPM4	0.8563789152024446	GSE56140_cirr
SEPP1	TPM4	-0.8420168067226891	GSE56140_cirr
SF3B4	TPM4	0.8337662337662338	GSE56140_cirr
SLC38A4	TPM4	-0.8829640947288006	GSE56140_cirr
STC1	TPM4	0.813292589763178	GSE56140_cirr
SUCLG2	TPM4	-0.8239877769289534	GSE56140_cirr
THBS4	TPM4	-0.8267379679144384	GSE56140_cirr
THY1	TPM4	0.8899923605805957	GSE56140_cirr
TMEM54	TPM4	0.8362108479755538	GSE56140_cirr
TOB1	TPM4	-0.8175706646294881	GSE56140_cirr
LDB2	TPR	-0.8035141329258977	GSE56140_cirr
ARHGEF6	TRAF3IP3	0.8493506493506494	GSE56140_cirr
CD247	TRAF3IP3	0.8074866310160428	GSE56140_cirr
CD96	TRAF3IP3	0.8307104660045835	GSE56140_cirr
FGD3	TRAF3IP3	0.8053475935828877	GSE56140_cirr
FLJ21438	TRAF3IP3	0.8365164247517188	GSE56140_cirr
MFSD10	TRAF3IP3	0.8032085561497326	GSE56140_cirr
AKR1CL1	TSKU	0.894576012223071	GSE56140_cirr
ATP8B4	TSKU	-0.815737203972498	GSE56140_cirr
ENTPD5	TSKU	0.8264323911382735	GSE56140_cirr
EXOSC4	TSKU	0.8071810542398777	GSE56140_cirr
FGD3	TSKU	-0.8313216195569136	GSE56140_cirr
FMO2	TSKU	-0.8313216195569136	GSE56140_cirr
CLEC4G	TSPAN7	0.8789915966386554	GSE56140_cirr
DNASE1L3	TSPAN7	0.8102368220015278	GSE56140_cirr
SLC6A16	TSPAN7	0.8029029793735676	GSE56140_cirr
ASGR1	TSPO	-0.8096256684491978	GSE56140_cirr
CRIP2	TSPO	0.8184873949579832	GSE56140_cirr
EVI1	TSPO	0.8334606569900688	GSE56140_cirr
GHR	TSPO	-0.8273491214667685	GSE56140_cirr
HSD17B4	TSPO	-0.8056531703590526	GSE56140_cirr
NDUFA4L2	TSPO	0.8010695187165775	GSE56140_cirr
SELM	TSPO	0.8420168067226891	GSE56140_cirr
SF3B4	TSPO	0.8206264323911382	GSE56140_cirr
SLC39A5	TSPO	-0.839266615737204	GSE56140_cirr
FLJ20699	TTC38	0.839877769289534	GSE56140_cirr
ADAMTSL2	TTC39C	-0.8505729564553093	GSE56140_cirr
BBOX1	TTC39C	0.8053475935828877	GSE56140_cirr
BEX2	TTC39C	-0.8001527883880825	GSE56140_cirr
C7	TTC39C	-0.8200152788388082	GSE56140_cirr
C7orf55	TTC39C	0.8572956455309396	GSE56140_cirr
CYBRD1	TTC39C	-0.8560733384262795	GSE56140_cirr
DCN	TTC39C	-0.8108479755538578	GSE56140_cirr
HAGH	TTC39C	0.8016806722689075	GSE56140_cirr
ITPR3	TTC39C	-0.87012987012987	GSE56140_cirr
MFAP4	TTC39C	-0.8001527883880825	GSE56140_cirr
MOXD1	TTC39C	-0.8032085561497326	GSE56140_cirr
PDGFRA	TTC39C	-0.8178762414056532	GSE56140_cirr
PHLDB1	TTC39C	-0.8001527883880825	GSE56140_cirr
RAP1GAP	TTC39C	-0.8007639419404124	GSE56140_cirr
RARRES1	TTC39C	-0.813292589763178	GSE56140_cirr
RASL11B	TTC39C	-0.812681436210848	GSE56140_cirr
ANXA5	TTPAL	-0.8374331550802139	GSE56140_cirr
DCN	TTPAL	-0.8481283422459893	GSE56140_cirr
SLC16A10	TTPAL	0.813292589763178	GSE56140_cirr
S100A10	TUBA1B	0.8563789152024446	GSE56140_cirr
SRPX2	TUBA1B	0.8203208556149731	GSE56140_cirr
ACAT1	TUBA1C	-0.8071810542398777	GSE56140_cirr
AMBP	TUBA1C	-0.8025974025974025	GSE56140_cirr
CAT	TUBA1C	-0.8236822001527884	GSE56140_cirr
ESR1	TUBA1C	-0.8530175706646295	GSE56140_cirr
KMO	TUBA1C	-0.8291825821237586	GSE56140_cirr
PCK1	TUBA1C	-0.8105423987776929	GSE56140_cirr
SORL1	TUBA1C	-0.8218487394957983	GSE56140_cirr
CTH	TUBB2B	-0.8557677616501145	GSE56140_cirr
FAM127A	TUBB2B	0.8285714285714286	GSE56140_cirr
LOC387882	TUBB2B	0.8038197097020626	GSE56140_cirr
MTHFD1	TUBB2B	-0.8117647058823529	GSE56140_cirr
SELM	TUBB2B	0.8249045072574483	GSE56140_cirr
THY1	TUBB2B	0.8349885408708937	GSE56140_cirr
CTH	TUBB3	-0.813292589763178	GSE56140_cirr
PAH	TUBB3	-0.8481283422459893	GSE56140_cirr
SLC38A4	TUBB3	-0.814820473644003	GSE56140_cirr
TUBA1C	TUBB3	0.812987012987013	GSE56140_cirr
CYC1	TXNIP	-0.8249045072574483	GSE56140_cirr
EPHX1	TXNIP	-0.8744079449961804	GSE56140_cirr
GPAA1	TXNIP	-0.8371275783040488	GSE56140_cirr
IFI16	TXNIP	0.8105423987776929	GSE56140_cirr
LDHD	TXNIP	-0.8453781512605041	GSE56140_cirr
MACROD1	TXNIP	-0.8212375859434682	GSE56140_cirr
MGC70857	TXNIP	-0.8035141329258977	GSE56140_cirr
TNFRSF11B	TXNIP	0.8450725744843391	GSE56140_cirr
CORO1A	TYROBP	0.8032085561497326	GSE56140_cirr
LAPTM5	TYROBP	0.8310160427807486	GSE56140_cirr
PARVG	TYROBP	0.8548510313216194	GSE56140_cirr
SUCLG2	UBAP2L	-0.8872421695951107	GSE56140_cirr
BASP1	UCP2	0.8792971734148205	GSE56140_cirr
FCER1G	UCP2	0.8352941176470587	GSE56140_cirr
CLEC11A	UGDH	-0.8255156608097783	GSE56140_cirr
MTTP	UGDH	0.8420168067226891	GSE56140_cirr
SCRN1	UGDH	-0.8099312452253628	GSE56140_cirr
CFHR2	UGT1A1	0.812987012987013	GSE56140_cirr
PHYH	UGT1A10	0.812987012987013	GSE56140_cirr
GSTA1	UGT2B10	0.8099312452253628	GSE56140_cirr
LOC728811	UGT2B11	0.8304048892284186	GSE56140_cirr
CES4	UGT2B15	0.8068754774637127	GSE56140_cirr
COL6A1	UGT2B4	-0.8261268143621084	GSE56140_cirr
S100A11	UGT2B4	-0.8395721925133689	GSE56140_cirr
UGT2B11	UGT2B4	0.8340718105423988	GSE56140_cirr
DKFZP586H2123	UGT3A1	-0.815737203972498	GSE56140_cirr
S100A9	UNC93A	-0.840794499618029	GSE56140_cirr
ABCB6	UNQ830	0.8022918258212376	GSE56140_cirr
ACACB	UNQ830	0.8203208556149731	GSE56140_cirr
C10orf58	UNQ830	0.8093200916730328	GSE56140_cirr
CYBRD1	UNQ830	-0.8169595110771581	GSE56140_cirr
EBP	UNQ830	0.8035141329258977	GSE56140_cirr
HAGH	UNQ830	0.8249045072574483	GSE56140_cirr
LOC650369	UNQ830	-0.8047364400305576	GSE56140_cirr
RAP1GAP	UNQ830	-0.9122994652406416	GSE56140_cirr
TTC39C	UNQ830	0.8077922077922078	GSE56140_cirr
DAK	UPB1	0.8084033613445378	GSE56140_cirr
DNMT3L	UPB1	0.8462948815889991	GSE56140_cirr
THRSP	UPB1	0.8105423987776929	GSE56140_cirr
CCL21	UST	0.8032085561497326	GSE56140_cirr
MMRN1	UST	0.8139037433155081	GSE56140_cirr
INMT	VIL2	0.8331550802139037	GSE56140_cirr
SLC47A1	VIL2	-0.8010695187165775	GSE56140_cirr
C7	VIM	0.816042780748663	GSE56140_cirr
CCDC109B	VIM	0.8771581359816654	GSE56140_cirr
CCND2	VIM	0.8737967914438503	GSE56140_cirr
CYBRD1	VIM	0.8291825821237586	GSE56140_cirr
FGD3	VIM	0.8123758594346829	GSE56140_cirr
GJB1	VIM	-0.8334606569900688	GSE56140_cirr
ITPR3	VIM	0.8215431627196332	GSE56140_cirr
SPRED1	VIM	0.8545454545454546	GSE56140_cirr
CPS1	VMO1	0.8117647058823529	GSE56140_cirr
DKFZP564J102	VNN2	-0.8117647058823529	GSE56140_cirr
GLYAT	VNN2	-0.8359052711993887	GSE56140_cirr
UNC93A	VNN2	-0.8239877769289534	GSE56140_cirr
LUM	VPS37C	0.8365164247517188	GSE56140_cirr
MFSD10	VPS37C	0.8316271963330787	GSE56140_cirr
MOXD1	VPS37C	0.8114591291061879	GSE56140_cirr
SUSD2	VPS37C	0.8404889228418639	GSE56140_cirr
BGN	VSIG2	0.8282658517952636	GSE56140_cirr
CFI	VSIG2	-0.8242933537051185	GSE56140_cirr
EMILIN1	VSIG2	0.813292589763178	GSE56140_cirr
FSTL3	VSIG2	0.8022918258212376	GSE56140_cirr
FXYD2	VSIG2	0.8200152788388082	GSE56140_cirr
KRT7	VSIG2	0.815737203972498	GSE56140_cirr
KYNU	VSIG2	-0.8077922077922078	GSE56140_cirr
PODN	VSIG2	0.8600458365164246	GSE56140_cirr
S100A11	VSIG2	0.8056531703590526	GSE56140_cirr
AXL	VSIG4	0.8068754774637127	GSE56140_cirr
ADAMTSL2	VTCN1	0.8071810542398777	GSE56140_cirr
ADCY3	VTCN1	0.8426279602750191	GSE56140_cirr
AEBP1	VTCN1	0.8554621848739495	GSE56140_cirr
ANXA1	VTCN1	0.8022918258212376	GSE56140_cirr
BGN	VTCN1	0.893659281894576	GSE56140_cirr
C1orf106	VTCN1	0.8056531703590526	GSE56140_cirr
C1orf198	VTCN1	0.8426279602750191	GSE56140_cirr
CCDC146	VTCN1	0.8203208556149731	GSE56140_cirr
CCDC3	VTCN1	0.8337662337662338	GSE56140_cirr
CD248	VTCN1	0.8328495034377387	GSE56140_cirr
CFI	VTCN1	-0.8041252864782277	GSE56140_cirr
CFTR	VTCN1	0.8792971734148205	GSE56140_cirr
CHST4	VTCN1	0.8747135217723453	GSE56140_cirr
CLIC6	VTCN1	0.8961038961038961	GSE56140_cirr
COL16A1	VTCN1	0.8123758594346829	GSE56140_cirr
COL6A1	VTCN1	0.8291825821237586	GSE56140_cirr
CRISPLD2	VTCN1	0.8016806722689075	GSE56140_cirr
CXCL12	VTCN1	0.8279602750190985	GSE56140_cirr
CXCL6	VTCN1	0.8734912146676852	GSE56140_cirr
DPYSL3	VTCN1	0.815737203972498	GSE56140_cirr
EMILIN1	VTCN1	0.8511841100076394	GSE56140_cirr
FLJ35258	VTCN1	0.8566844919786095	GSE56140_cirr
FXYD2	VTCN1	0.8505729564553093	GSE56140_cirr
GSTP1	VTCN1	0.8475171886936592	GSE56140_cirr
HEYL	VTCN1	0.8276546982429335	GSE56140_cirr
IGFBP7	VTCN1	0.8270435446906035	GSE56140_cirr
KRT19	VTCN1	0.8242933537051185	GSE56140_cirr
KRT7	VTCN1	0.8508785332314743	GSE56140_cirr
LAMA2	VTCN1	0.8194041252864781	GSE56140_cirr
LAMC3	VTCN1	0.8478227654698243	GSE56140_cirr
LOC285016	VTCN1	0.8056531703590526	GSE56140_cirr
MEG3	VTCN1	0.8025974025974025	GSE56140_cirr
MFAP4	VTCN1	0.8093200916730328	GSE56140_cirr
MYH10	VTCN1	0.8169595110771581	GSE56140_cirr
NDN	VTCN1	0.8203208556149731	GSE56140_cirr
PFKP	VTCN1	0.8181818181818182	GSE56140_cirr
PHLDB1	VTCN1	0.8322383498854087	GSE56140_cirr
PODN	VTCN1	0.8563789152024446	GSE56140_cirr
PRICKLE1	VTCN1	0.8450725744843391	GSE56140_cirr
PROM1	VTCN1	0.9202444614209319	GSE56140_cirr
PTGDS	VTCN1	0.8099312452253628	GSE56140_cirr
PTGIS	VTCN1	0.815126050420168	GSE56140_cirr
S100A4	VTCN1	0.8035141329258977	GSE56140_cirr
SCTR	VTCN1	0.813292589763178	GSE56140_cirr
SRPX	VTCN1	0.8456837280366691	GSE56140_cirr
STMN2	VTCN1	0.840794499618029	GSE56140_cirr
TAGLN	VTCN1	0.8120702826585179	GSE56140_cirr
TAX1BP3	VTCN1	0.8261268143621084	GSE56140_cirr
TEAD2	VTCN1	0.8401833460656989	GSE56140_cirr
TESC	VTCN1	0.8016806722689075	GSE56140_cirr
THBS2	VTCN1	0.8041252864782277	GSE56140_cirr
TMEM158	VTCN1	0.8041252864782277	GSE56140_cirr
TMEM173	VTCN1	0.8307104660045835	GSE56140_cirr
TMEM51	VTCN1	0.8722689075630252	GSE56140_cirr
LOC554235	VTN	0.8047364400305576	GSE56140_cirr
SERPINF2	VTN	0.8093200916730328	GSE56140_cirr
ADAMTSL2	VWF	0.8273491214667685	GSE56140_cirr
ADCY3	VWF	0.8322383498854087	GSE56140_cirr
CDR2L	VWF	0.8050420168067226	GSE56140_cirr
CLIP3	VWF	0.8511841100076394	GSE56140_cirr
COL1A2	VWF	0.8032085561497326	GSE56140_cirr
COL5A1	VWF	0.8096256684491978	GSE56140_cirr
COLEC11	VWF	0.8297937356760885	GSE56140_cirr
EFEMP1	VWF	0.8071810542398777	GSE56140_cirr
GLYATL1	VWF	-0.8044308632543926	GSE56140_cirr
HEYL	VWF	0.8090145148968678	GSE56140_cirr
ID3	VWF	0.838961038961039	GSE56140_cirr
LAMA2	VWF	0.8261268143621084	GSE56140_cirr
LAMC3	VWF	0.8096256684491978	GSE56140_cirr
MARCKS	VWF	0.8233766233766234	GSE56140_cirr
MEG3	VWF	0.8022918258212376	GSE56140_cirr
MFGE8	VWF	0.8817417876241405	GSE56140_cirr
PDGFRB	VWF	0.8087089381207029	GSE56140_cirr
PFKP	VWF	0.8343773873185638	GSE56140_cirr
PIK3IP1	VWF	0.8637127578304049	GSE56140_cirr
PLAT	VWF	0.8194041252864781	GSE56140_cirr
SVEP1	VWF	0.8007639419404124	GSE56140_cirr
TACC1	VWF	0.8123758594346829	GSE56140_cirr
TAX1BP3	VWF	0.8041252864782277	GSE56140_cirr
TMEM98	VWF	0.8123758594346829	GSE56140_cirr
ARHGAP4	WAS	0.8282658517952636	GSE56140_cirr
CD2	WAS	0.8190985485103133	GSE56140_cirr
CORO1A	WAS	0.815431627196333	GSE56140_cirr
EMP3	WAS	0.8108479755538578	GSE56140_cirr
ENO2	WAS	0.812681436210848	GSE56140_cirr
HCST	WAS	0.8511841100076394	GSE56140_cirr
LAPTM5	WAS	0.8530175706646295	GSE56140_cirr
MICAL1	WAS	0.8010695187165775	GSE56140_cirr
PARVG	WAS	0.9080213903743315	GSE56140_cirr
RAB31	WAS	0.8025974025974025	GSE56140_cirr
RAC2	WAS	0.8010695187165775	GSE56140_cirr
S100A11	WAS	0.8606569900687547	GSE56140_cirr
S100A4	WAS	0.8304048892284186	GSE56140_cirr
SEMA4A	WAS	0.8010695187165775	GSE56140_cirr
TMEM173	WAS	0.8252100840336134	GSE56140_cirr
TYROBP	WAS	0.8450725744843391	GSE56140_cirr
UGT2B4	WAS	-0.8022918258212376	GSE56140_cirr
ADAMTSL2	WDR54	0.8527119938884644	GSE56140_cirr
ADCY3	WDR54	0.8863254392666157	GSE56140_cirr
AKR1B1	WDR54	0.8029029793735676	GSE56140_cirr
ALOX5AP	WDR54	0.8035141329258977	GSE56140_cirr
ARHGEF2	WDR54	0.8835752482811307	GSE56140_cirr
ASNS	WDR54	0.8264323911382735	GSE56140_cirr
BGN	WDR54	0.8484339190221544	GSE56140_cirr
BHLHB5	WDR54	0.8273491214667685	GSE56140_cirr
C1orf198	WDR54	0.8102368220015278	GSE56140_cirr
CCDC146	WDR54	0.8200152788388082	GSE56140_cirr
CD2	WDR54	0.8569900687547746	GSE56140_cirr
CD6	WDR54	0.8349885408708937	GSE56140_cirr
CFTR	WDR54	0.8487394957983193	GSE56140_cirr
CLIC6	WDR54	0.8194041252864781	GSE56140_cirr
CLIP3	WDR54	0.8863254392666157	GSE56140_cirr
CTSK	WDR54	0.8035141329258977	GSE56140_cirr
CXCL12	WDR54	0.8533231474407945	GSE56140_cirr
CYBA	WDR54	0.8007639419404124	GSE56140_cirr
DKFZp761P0423	WDR54	0.8090145148968678	GSE56140_cirr
DPYSL2	WDR54	0.8230710466004584	GSE56140_cirr
DPYSL3	WDR54	0.8187929717341482	GSE56140_cirr
EFEMP1	WDR54	0.8264323911382735	GSE56140_cirr
FCN1	WDR54	0.8304048892284186	GSE56140_cirr
FLJ22662	WDR54	0.814820473644003	GSE56140_cirr
FLJ35258	WDR54	0.8429335370511841	GSE56140_cirr
GSTP1	WDR54	0.9233002291825821	GSE56140_cirr
HCST	WDR54	0.813598166539343	GSE56140_cirr
HEYL	WDR54	0.8025974025974025	GSE56140_cirr
HLA-DPA1	WDR54	0.814514896867838	GSE56140_cirr
IGFBP7	WDR54	0.815431627196333	GSE56140_cirr
ITGB2	WDR54	0.815431627196333	GSE56140_cirr
ITM2C	WDR54	0.8462948815889991	GSE56140_cirr
KIAA0746	WDR54	0.8194041252864781	GSE56140_cirr
LAMA2	WDR54	0.838961038961039	GSE56140_cirr
LAMC3	WDR54	0.814820473644003	GSE56140_cirr
LXN	WDR54	0.8377387318563789	GSE56140_cirr
MFAP4	WDR54	0.8233766233766234	GSE56140_cirr
MFGE8	WDR54	0.8001527883880825	GSE56140_cirr
MYH10	WDR54	0.8065699006875477	GSE56140_cirr
NDN	WDR54	0.815126050420168	GSE56140_cirr
PDGFRB	WDR54	0.8255156608097783	GSE56140_cirr
PFKP	WDR54	0.8731856378915203	GSE56140_cirr
PHLDB1	WDR54	0.8545454545454546	GSE56140_cirr
PIK3IP1	WDR54	0.8297937356760885	GSE56140_cirr
PROM1	WDR54	0.8071810542398777	GSE56140_cirr
PTGDS	WDR54	0.8114591291061879	GSE56140_cirr
PTGIS	WDR54	0.8582123758594347	GSE56140_cirr
SCTR	WDR54	0.813292589763178	GSE56140_cirr
SEMA4D	WDR54	0.8080977845683728	GSE56140_cirr
SPOCK2	WDR54	0.867379679144385	GSE56140_cirr
STMN2	WDR54	0.8080977845683728	GSE56140_cirr
SVEP1	WDR54	0.8282658517952636	GSE56140_cirr
TAX1BP3	WDR54	0.8328495034377387	GSE56140_cirr
TCEAL3	WDR54	0.8084033613445378	GSE56140_cirr
TESC	WDR54	0.8499618029029793	GSE56140_cirr
THBS2	WDR54	0.8013750954927426	GSE56140_cirr
TMEM173	WDR54	0.8343773873185638	GSE56140_cirr
TMEM51	WDR54	0.8869365928189457	GSE56140_cirr
TMSB10	WDR54	0.8197097020626432	GSE56140_cirr
VTCN1	WDR54	0.8591291061879297	GSE56140_cirr
ST3GAL6	WDR72	0.815737203972498	GSE56140_cirr
PPP1R15A	ZFP36	0.8514896867838043	GSE56140_cirr
IGFALS	ZG16	0.816042780748663	GSE56140_cirr
OGDHL	ZG16	0.8139037433155081	GSE56140_cirr
SLC39A5	ZG16	0.8245989304812833	GSE56140_cirr
CAMK2N1	ZNF503	0.8918258212375859	GSE56140_cirr
PA2G4	ZNF503	0.8713521772345301	GSE56140_cirr
SAC3D1	ZNF503	0.8117647058823529	GSE56140_cirr
TJP3	ZNF503	0.8371275783040488	GSE56140_cirr
DNMT3L	ZNF533	0.8209320091673032	GSE56140_cirr
KLKB1	ZNF533	0.8297937356760885	GSE56140_cirr
MLXIPL	ZNF533	0.8276546982429335	GSE56140_cirr
PCK2	ZNF533	0.8050420168067226	GSE56140_cirr
THRSP	ZNF533	0.8200152788388082	GSE56140_cirr
TM7SF2	ZNF533	0.838655462184874	GSE56140_cirr
UPB1	ZNF533	0.812987012987013	GSE56140_cirr
DEFB1	ZPLD1	0.8007639419404124	GSE56140_cirr
LAMC3	ZPLD1	0.8004583651642474	GSE56140_cirr
STMN2	ZPLD1	0.8065699006875477	GSE56140_cirr
SUSD2	ZPLD1	0.813598166539343	GSE56140_cirr
SYT13	ZPLD1	0.8080977845683728	GSE56140_cirr
APOD	ZSCAN18	0.8209320091673032	GSE56140_cirr
C16orf30	ZSCAN18	0.8328495034377387	GSE56140_cirr
C1orf198	ZSCAN18	0.8105423987776929	GSE56140_cirr
CCDC3	ZSCAN18	0.8884644766997708	GSE56140_cirr
CHST4	ZSCAN18	0.8044308632543926	GSE56140_cirr
CKB	ZSCAN18	0.8197097020626432	GSE56140_cirr
CTSK	ZSCAN18	0.8077922077922078	GSE56140_cirr
DPYSL3	ZSCAN18	0.8203208556149731	GSE56140_cirr
EFHD1	ZSCAN18	0.840794499618029	GSE56140_cirr
GSTP1	ZSCAN18	0.8056531703590526	GSE56140_cirr
IGFBP6	ZSCAN18	0.8731856378915203	GSE56140_cirr
KIAA1324L	ZSCAN18	0.8551566080977845	GSE56140_cirr
KIAA1949	ZSCAN18	0.8172650878533231	GSE56140_cirr
KRT7	ZSCAN18	0.8227654698242933	GSE56140_cirr
LAMA2	ZSCAN18	0.8117647058823529	GSE56140_cirr
NDN	ZSCAN18	0.8737967914438503	GSE56140_cirr
OLFML3	ZSCAN18	0.8047364400305576	GSE56140_cirr
PHLDB1	ZSCAN18	0.812987012987013	GSE56140_cirr
PLAT	ZSCAN18	0.9080213903743315	GSE56140_cirr
PODN	ZSCAN18	0.841405653170359	GSE56140_cirr
PROM1	ZSCAN18	0.814209320091673	GSE56140_cirr
PTGDS	ZSCAN18	0.9483575248281131	GSE56140_cirr
SCRN1	ZSCAN18	0.868601986249045	GSE56140_cirr
SPARC	ZSCAN18	0.812987012987013	GSE56140_cirr
SRPX	ZSCAN18	0.8047364400305576	GSE56140_cirr
TAGLN	ZSCAN18	0.8022918258212376	GSE56140_cirr
TAX1BP3	ZSCAN18	0.8087089381207029	GSE56140_cirr
TMEM173	ZSCAN18	0.8462948815889991	GSE56140_cirr
TMEM51	ZSCAN18	0.8832696715049656	GSE56140_cirr
VTCN1	ZSCAN18	0.8059587471352176	GSE56140_cirr
