from	to	value	id
AASS	ALDH6A1	0.8260840108401084	GSE62232_hep_carci
AEBP1	APLNR	0.822785598383468	GSE62232_hep_carci
ANLN	ASPM	0.8711014251103035	GSE62232_hep_carci
AEBP1	ASPN	0.8604735254123289	GSE62232_hep_carci
ANLN	AURKA	0.8489125771222586	GSE62232_hep_carci
AEBP1	BGN	0.8662563578671263	GSE62232_hep_carci
APLNR	BGN	0.8115965076487531	GSE62232_hep_carci
ASPN	BGN	0.8784941197865838	GSE62232_hep_carci
ANLN	BUB1B	0.9154295769673368	GSE62232_hep_carci
ASPM	BUB1B	0.8464457390802383	GSE62232_hep_carci
C1orf162	C1QA	0.8291933737640644	GSE62232_hep_carci
C1QA	C1QB	0.9557042436263982	GSE62232_hep_carci
C1orf162	C1QB	0.8760065517382898	GSE62232_hep_carci
C1QA	C1QC	0.962696342714205	GSE62232_hep_carci
C1QB	C1QC	0.9800857111954723	GSE62232_hep_carci
C1orf162	C1QC	0.8596943002287074	GSE62232_hep_carci
C1R	C1S	0.8154743421219748	GSE62232_hep_carci
AEBP1	C7	0.8661953565865238	GSE62232_hep_carci
ASPN	C7	0.8252019900190263	GSE62232_hep_carci
BGN	C7	0.8166265799597623	GSE62232_hep_carci
C1QA	CASP1	0.811540524841346	GSE62232_hep_carci
C1QB	CASP1	0.8040539790355871	GSE62232_hep_carci
ASPN	CCDC102B	0.8154450038440227	GSE62232_hep_carci
AEBP1	CCDC80	0.9174694284478262	GSE62232_hep_carci
APLNR	CCDC80	0.8096461722407352	GSE62232_hep_carci
ASPN	CCDC80	0.8353235432079253	GSE62232_hep_carci
BGN	CCDC80	0.862306484997217	GSE62232_hep_carci
C7	CCDC80	0.8393389495794314	GSE62232_hep_carci
AEBP1	CCL21	0.8156729863233921	GSE62232_hep_carci
C7	CCL21	0.8041691198157324	GSE62232_hep_carci
CCDC80	CCL21	0.812183768395027	GSE62232_hep_carci
C16orf54	CCL5	0.8186582359339856	GSE62232_hep_carci
ANLN	CCNA2	0.9146830326471276	GSE62232_hep_carci
ASPM	CCNA2	0.8266918099797875	GSE62232_hep_carci
AURKA	CCNA2	0.8375489786470037	GSE62232_hep_carci
BUB1B	CCNA2	0.926876238186053	GSE62232_hep_carci
ANLN	CCNB1	0.9069926319202805	GSE62232_hep_carci
ASPM	CCNB1	0.8018089737420095	GSE62232_hep_carci
AURKA	CCNB1	0.8411389081927456	GSE62232_hep_carci
BUB1B	CCNB1	0.8949157576153958	GSE62232_hep_carci
CCNA2	CCNB1	0.9192115946103137	GSE62232_hep_carci
C1QA	CD163	0.8988736135473481	GSE62232_hep_carci
C1QB	CD163	0.9070182386994564	GSE62232_hep_carci
C1QC	CD163	0.9154861985590725	GSE62232_hep_carci
C1orf162	CD163	0.8351214056640722	GSE62232_hep_carci
ADAMDEC1	CD2	0.8607177157048977	GSE62232_hep_carci
C16orf54	CD2	0.9145146952811941	GSE62232_hep_carci
CCL5	CD2	0.8449441361012561	GSE62232_hep_carci
ADAMDEC1	CD52	0.8446521223474651	GSE62232_hep_carci
C16orf54	CD52	0.8686870443010821	GSE62232_hep_carci
CCL5	CD52	0.8374529974901276	GSE62232_hep_carci
CD2	CD52	0.9332652051845552	GSE62232_hep_carci
CD2	CD69	0.8365324925609364	GSE62232_hep_carci
CD52	CD69	0.8444482390849936	GSE62232_hep_carci
CCL5	CD8A	0.884592245006621	GSE62232_hep_carci
CD2	CD8A	0.8157443207594203	GSE62232_hep_carci
ANLN	CDC20	0.8683947690502527	GSE62232_hep_carci
BUB1B	CDC20	0.883545324631984	GSE62232_hep_carci
CCNA2	CDC20	0.8995070182436486	GSE62232_hep_carci
CCNB1	CDC20	0.9111172836311914	GSE62232_hep_carci
ANLN	CDC6	0.8622183103671605	GSE62232_hep_carci
AURKA	CDC6	0.8071552428194813	GSE62232_hep_carci
BUB1B	CDC6	0.8276767564795133	GSE62232_hep_carci
CCNA2	CDC6	0.8221975069076191	GSE62232_hep_carci
CCNB1	CDC6	0.824240545430403	GSE62232_hep_carci
ANLN	CDK1	0.9338234050019227	GSE62232_hep_carci
ASPM	CDK1	0.8432296930446784	GSE62232_hep_carci
AURKA	CDK1	0.8415472083874437	GSE62232_hep_carci
BUB1B	CDK1	0.9147929465608969	GSE62232_hep_carci
CCNA2	CDK1	0.9356985981325631	GSE62232_hep_carci
CCNB1	CDK1	0.9027992638252144	GSE62232_hep_carci
CDC20	CDK1	0.8745637761668654	GSE62232_hep_carci
CDC6	CDK1	0.8839990559599433	GSE62232_hep_carci
ANLN	CDKN3	0.9258964414682056	GSE62232_hep_carci
ASPM	CDKN3	0.8540359871183266	GSE62232_hep_carci
AURKA	CDKN3	0.8060117774054468	GSE62232_hep_carci
BUB1B	CDKN3	0.8670340782209874	GSE62232_hep_carci
CCNA2	CDKN3	0.8737628374283198	GSE62232_hep_carci
CCNB1	CDKN3	0.861324089080308	GSE62232_hep_carci
CDC20	CDKN3	0.8060741820832593	GSE62232_hep_carci
CDC6	CDKN3	0.8195390269429739	GSE62232_hep_carci
CDK1	CDKN3	0.9060975609756097	GSE62232_hep_carci
ANLN	CENPK	0.8443969252194714	GSE62232_hep_carci
BUB1B	CENPK	0.8452955422297106	GSE62232_hep_carci
CCNA2	CENPK	0.855274583036421	GSE62232_hep_carci
CCNB1	CENPK	0.8651101448152528	GSE62232_hep_carci
CDC6	CENPK	0.8309753949159301	GSE62232_hep_carci
CDK1	CENPK	0.8815468935538068	GSE62232_hep_carci
CDKN3	CENPK	0.8328118680218958	GSE62232_hep_carci
CENPH	CENPK	0.8260402908719086	GSE62232_hep_carci
ANLN	CENPL	0.8825864301774116	GSE62232_hep_carci
ASPM	CENPL	0.8733901345530047	GSE62232_hep_carci
BUB1B	CENPL	0.8566717515053045	GSE62232_hep_carci
CCNA2	CENPL	0.8232069160801717	GSE62232_hep_carci
CCNB1	CENPL	0.8059341656705352	GSE62232_hep_carci
CDC6	CENPL	0.810586469495622	GSE62232_hep_carci
CDK1	CENPL	0.8688852260546278	GSE62232_hep_carci
CDKN3	CENPL	0.8469894764501061	GSE62232_hep_carci
BUB1B	CENPW	0.8284655877984912	GSE62232_hep_carci
ANLN	CEP55	0.8052512248154869	GSE62232_hep_carci
BUB1B	CEP55	0.8746295400114485	GSE62232_hep_carci
CCNA2	CEP55	0.8240441547078491	GSE62232_hep_carci
CCNB1	CEP55	0.8037881848761255	GSE62232_hep_carci
CDK1	CEP55	0.8477482329200433	GSE62232_hep_carci
CENPL	CEP55	0.8094347628265396	GSE62232_hep_carci
CFHR3	CFHR4	0.9313226210774739	GSE62232_hep_carci
CCNB1	CKS2	0.8014838326164767	GSE62232_hep_carci
CALCRL	COL15A1	0.8332222925595808	GSE62232_hep_carci
AEBP1	COL1A1	0.8530321906455898	GSE62232_hep_carci
ASPN	COL1A1	0.8566782784592187	GSE62232_hep_carci
BGN	COL1A1	0.84683830171635055	GSE62232_hep_carci
CCDC80	COL1A1	0.8302713445803099	GSE62232_hep_carci
AEBP1	COL1A2	0.8624505983849249	GSE62232_hep_carci
ASPN	COL1A2	0.8804250249972357	GSE62232_hep_carci
BGN	COL1A2	0.8748419150858175	GSE62232_hep_carci
CCDC102B	COL1A2	0.8170744810293424	GSE62232_hep_carci
CCDC80	COL1A2	0.831366659568128	GSE62232_hep_carci
COL1A1	COL1A2	0.9850948509485095	GSE62232_hep_carci
AEBP1	COL3A1	0.8887860022795647	GSE62232_hep_carci
APLNR	COL3A1	0.816735195842516	GSE62232_hep_carci
ASPN	COL3A1	0.9410283481876958	GSE62232_hep_carci
BGN	COL3A1	0.9125112917795845	GSE62232_hep_carci
C11orf96	COL3A1	0.8021522619990951	GSE62232_hep_carci
CCDC102B	COL3A1	0.8432197788043807	GSE62232_hep_carci
CCDC80	COL3A1	0.8632211294715806	GSE62232_hep_carci
COL1A1	COL3A1	0.9477190605239386	GSE62232_hep_carci
COL1A2	COL3A1	0.9646793134598014	GSE62232_hep_carci
ASPN	COL4A1	0.8068360819690584	GSE62232_hep_carci
CDC42EP5	COL4A1	0.8131498886144671	GSE62232_hep_carci
COL15A1	COL4A1	0.8779628493470616	GSE62232_hep_carci
COL1A1	COL4A1	0.8187443541102077	GSE62232_hep_carci
COL1A2	COL4A1	0.8382113821138211	GSE62232_hep_carci
COL3A1	COL4A1	0.8477642276422764	GSE62232_hep_carci
ASPN	COL4A2	0.8075926354726471	GSE62232_hep_carci
CDC42EP5	COL4A2	0.8368813308148559	GSE62232_hep_carci
COL15A1	COL4A2	0.8226412976807645	GSE62232_hep_carci
COL1A1	COL4A2	0.8477190605239385	GSE62232_hep_carci
COL1A2	COL4A2	0.8662149954832882	GSE62232_hep_carci
COL3A1	COL4A2	0.8765582655826558	GSE62232_hep_carci
COL4A1	COL4A2	0.9531391147244805	GSE62232_hep_carci
AEBP1	COL5A1	0.8969508809312905	GSE62232_hep_carci
APLNR	COL5A1	0.8116981520306079	GSE62232_hep_carci
ASPN	COL5A1	0.9106758732974485	GSE62232_hep_carci
BGN	COL5A1	0.9086720867208672	GSE62232_hep_carci
CCDC102B	COL5A1	0.8145526811141895	GSE62232_hep_carci
CCDC80	COL5A1	0.8700075656332165	GSE62232_hep_carci
COL1A1	COL5A1	0.9652213188798555	GSE62232_hep_carci
COL1A2	COL5A1	0.972018970189702	GSE62232_hep_carci
COL3A1	COL5A1	0.9782068654019873	GSE62232_hep_carci
COL4A1	COL5A1	0.8400180668473352	GSE62232_hep_carci
COL4A2	COL5A1	0.8593721770551039	GSE62232_hep_carci
AEBP1	COL6A2	0.9096216884655041	GSE62232_hep_carci
APLNR	COL6A2	0.8440210654603861	GSE62232_hep_carci
ASPN	COL6A2	0.9070850671162364	GSE62232_hep_carci
BGN	COL6A2	0.898215898825655	GSE62232_hep_carci
C7	COL6A2	0.8142326415910094	GSE62232_hep_carci
CCDC102B	COL6A2	0.8437965133141242	GSE62232_hep_carci
CCDC80	COL6A2	0.887690692137579	GSE62232_hep_carci
CDC42EP5	COL6A2	0.8103319920441777	GSE62232_hep_carci
COL15A1	COL6A2	0.8238157090653931	GSE62232_hep_carci
COL1A1	COL6A2	0.9233288166214996	GSE62232_hep_carci
COL1A2	COL6A2	0.9385049683830171	GSE62232_hep_carci
COL3A1	COL6A2	0.963595302619693	GSE62232_hep_carci
COL4A1	COL6A2	0.8483288166214996	GSE62232_hep_carci
COL4A2	COL6A2	0.8609530261969287	GSE62232_hep_carci
COL5A1	COL6A2	0.9603206865401988	GSE62232_hep_carci
AEBP1	COL6A3	0.8308270905005751	GSE62232_hep_carci
ASPN	COL6A3	0.9084806062003449	GSE62232_hep_carci
BGN	COL6A3	0.8451648976814765	GSE62232_hep_carci
CCDC102B	COL6A3	0.8539327592293398	GSE62232_hep_carci
CCDC80	COL6A3	0.807305106525794	GSE62232_hep_carci
COL15A1	COL6A3	0.8344560448690628	GSE62232_hep_carci
COL1A1	COL6A3	0.8976856333331861	GSE62232_hep_carci
COL1A2	COL6A3	0.9219303160775895	GSE62232_hep_carci
COL3A1	COL6A3	0.9484447618548877	GSE62232_hep_carci
COL4A1	COL6A3	0.8875902693958332	GSE62232_hep_carci
COL4A2	COL6A3	0.8951109767585591	GSE62232_hep_carci
COL5A1	COL6A3	0.9296091163878804	GSE62232_hep_carci
COL6A2	COL6A3	0.9380670890825976	GSE62232_hep_carci
C16orf54	CORO1A	0.8863599748479957	GSE62232_hep_carci
C1QB	CORO1A	0.8018194574598198	GSE62232_hep_carci
C1orf162	CORO1A	0.8025311167874642	GSE62232_hep_carci
CCL5	CORO1A	0.8361002019226677	GSE62232_hep_carci
CD2	CORO1A	0.9130781007441168	GSE62232_hep_carci
CD52	CORO1A	0.9147966687187317	GSE62232_hep_carci
CD69	CORO1A	0.8195158271081712	GSE62232_hep_carci
CD8A	CORO1A	0.8159755105567621	GSE62232_hep_carci
ADAMDEC1	CSF2RB	0.8400308246677638	GSE62232_hep_carci
C16orf54	CSF2RB	0.8237132290166191	GSE62232_hep_carci
CD2	CSF2RB	0.8602524465845106	GSE62232_hep_carci
CD52	CSF2RB	0.8301561458259517	GSE62232_hep_carci
CORO1A	CSF2RB	0.8485908542720778	GSE62232_hep_carci
AASS	CTH	0.8121047877145439	GSE62232_hep_carci
COL1A1	CTHRC1	0.800659614072285	GSE62232_hep_carci
COL1A2	CTHRC1	0.8083510966111936	GSE62232_hep_carci
CXCL10	CXCL11	0.8012903397789216	GSE62232_hep_carci
COL6A2	CXCL12	0.8068180535524934	GSE62232_hep_carci
CXCL10	CXCL9	0.8021637373962749	GSE62232_hep_carci
CYP2A13	CYP2A6	0.8439715751248695	GSE62232_hep_carci
CYP2A13	CYP2A7	0.8463355158567574	GSE62232_hep_carci
CYP2A6	CYP2A7	0.987618354111081	GSE62232_hep_carci
CYP3A4	CYP3A43	0.8904923215898826	GSE62232_hep_carci
CYP3A4	CYP3A7-CYP3AP1	0.8109734753619475	GSE62232_hep_carci
C16orf54	CYTIP	0.8614379934571151	GSE62232_hep_carci
CCL5	CYTIP	0.810536470035703	GSE62232_hep_carci
CD2	CYTIP	0.884262127001529	GSE62232_hep_carci
CD52	CYTIP	0.874544690367298	GSE62232_hep_carci
CD69	CYTIP	0.887872050610496	GSE62232_hep_carci
CD8A	CYTIP	0.8227154271962039	GSE62232_hep_carci
CORO1A	CYTIP	0.8657080665900267	GSE62232_hep_carci
CSF2RB	CYTIP	0.8058278568672295	GSE62232_hep_carci
AQP1	CYYR1	0.8196025293586269	GSE62232_hep_carci
CALCRL	CYYR1	0.9023035230352304	GSE62232_hep_carci
AEBP1	DCN	0.9154376117098177	GSE62232_hep_carci
APLNR	DCN	0.8498035014058951	GSE62232_hep_carci
ASPN	DCN	0.9084739638467051	GSE62232_hep_carci
BGN	DCN	0.9075429087624209	GSE62232_hep_carci
C7	DCN	0.9160427752357065	GSE62232_hep_carci
CCDC80	DCN	0.899400399790851	GSE62232_hep_carci
CCL21	DCN	0.8257319298160526	GSE62232_hep_carci
COL1A1	DCN	0.8059394760614272	GSE62232_hep_carci
COL1A2	DCN	0.8260840108401084	GSE62232_hep_carci
COL3A1	DCN	0.8945347786811202	GSE62232_hep_carci
COL5A1	DCN	0.886743450767841	GSE62232_hep_carci
COL6A2	DCN	0.8898148148148148	GSE62232_hep_carci
COL6A3	DCN	0.8166968747664132	GSE62232_hep_carci
CXCL12	DCN	0.8196343681006742	GSE62232_hep_carci
AASS	DCXR	0.8085591689250227	GSE62232_hep_carci
ANLN	DEPDC1	0.845781200650158	GSE62232_hep_carci
BUB1B	DEPDC1	0.8098117975344614	GSE62232_hep_carci
CCNA2	DEPDC1	0.8409950655396333	GSE62232_hep_carci
CCNB1	DEPDC1	0.8254278343259505	GSE62232_hep_carci
CDC20	DEPDC1	0.8602836306243445	GSE62232_hep_carci
CDK1	DEPDC1	0.8332552299850804	GSE62232_hep_carci
CDKN3	DEPDC1	0.8035118429083271	GSE62232_hep_carci
ANLN	DEPDC1B	0.810624058504692	GSE62232_hep_carci
BUB1B	DEPDC1B	0.8246141742828024	GSE62232_hep_carci
CCNA2	DEPDC1B	0.8135117566016378	GSE62232_hep_carci
CCNB1	DEPDC1B	0.8364932655709401	GSE62232_hep_carci
CDK1	DEPDC1B	0.8677040096717638	GSE62232_hep_carci
CDKN3	DEPDC1B	0.8195554388243131	GSE62232_hep_carci
CENPK	DEPDC1B	0.8321801282565673	GSE62232_hep_carci
ANLN	DLGAP5	0.9179001425831076	GSE62232_hep_carci
ASPM	DLGAP5	0.8378238164785006	GSE62232_hep_carci
AURKA	DLGAP5	0.8098024242166101	GSE62232_hep_carci
BUB1B	DLGAP5	0.9314631411867655	GSE62232_hep_carci
CCNA2	DLGAP5	0.9413934122227708	GSE62232_hep_carci
CCNB1	DLGAP5	0.9246603404720913	GSE62232_hep_carci
CDC20	DLGAP5	0.901281080955398	GSE62232_hep_carci
CDC6	DLGAP5	0.8105917763714328	GSE62232_hep_carci
CDK1	DLGAP5	0.9234809361420799	GSE62232_hep_carci
CDKN3	DLGAP5	0.9209171231107799	GSE62232_hep_carci
CENPK	DLGAP5	0.8437765799273992	GSE62232_hep_carci
CENPL	DLGAP5	0.8449275009210393	GSE62232_hep_carci
CEP55	DLGAP5	0.8481093781839522	GSE62232_hep_carci
DEPDC1	DLGAP5	0.83721023801157	GSE62232_hep_carci
DEPDC1B	DLGAP5	0.8429714364901733	GSE62232_hep_carci
APLNR	DOK5	0.8085022371666739	GSE62232_hep_carci
AEBP1	DPT	0.854936619007315	GSE62232_hep_carci
C7	DPT	0.8762908717370314	GSE62232_hep_carci
CCDC80	DPT	0.8576389086164791	GSE62232_hep_carci
DCN	DPT	0.8664088307661538	GSE62232_hep_carci
ANLN	DTL	0.8748779042004902	GSE62232_hep_carci
ASPM	DTL	0.8336636234938116	GSE62232_hep_carci
BUB1B	DTL	0.8819566844876284	GSE62232_hep_carci
CCNA2	DTL	0.8325231344385361	GSE62232_hep_carci
CCNB1	DTL	0.823765216016622	GSE62232_hep_carci
CDC20	DTL	0.8125607291276891	GSE62232_hep_carci
CDC6	DTL	0.8585431994382655	GSE62232_hep_carci
CDK1	DTL	0.8899829492770334	GSE62232_hep_carci
CDKN3	DTL	0.8189794374894016	GSE62232_hep_carci
CENPK	DTL	0.8456633731872325	GSE62232_hep_carci
CENPL	DTL	0.8734684664263572	GSE62232_hep_carci
CEP55	DTL	0.81264655409462	GSE62232_hep_carci
DEPDC1B	DTL	0.8062968114818184	GSE62232_hep_carci
DLGAP5	DTL	0.8381730278040317	GSE62232_hep_carci
AP000525.9	DUXAP10	0.8068714846002498	GSE62232_hep_carci
ANLN	E2F8	0.9054508149500656	GSE62232_hep_carci
BUB1B	E2F8	0.8807770797491127	GSE62232_hep_carci
CCNA2	E2F8	0.8814075981013824	GSE62232_hep_carci
CCNB1	E2F8	0.806062413897866	GSE62232_hep_carci
CDC20	E2F8	0.8358191248662539	GSE62232_hep_carci
CDC6	E2F8	0.8424002160863403	GSE62232_hep_carci
CDK1	E2F8	0.8762975477220449	GSE62232_hep_carci
CDKN3	E2F8	0.8372208348418577	GSE62232_hep_carci
CENPK	E2F8	0.8102128315039738	GSE62232_hep_carci
DLGAP5	E2F8	0.8592711856591018	GSE62232_hep_carci
DTL	E2F8	0.8478645663373255	GSE62232_hep_carci
ASPN	EDNRA	0.8484513149425807	GSE62232_hep_carci
BGN	EDNRA	0.8004787741702455	GSE62232_hep_carci
CCDC102B	EDNRA	0.8355686284422384	GSE62232_hep_carci
COL1A2	EDNRA	0.8338800467615219	GSE62232_hep_carci
COL3A1	EDNRA	0.8562830639424186	GSE62232_hep_carci
COL4A1	EDNRA	0.8519921634743033	GSE62232_hep_carci
COL4A2	EDNRA	0.8476560956328395	GSE62232_hep_carci
COL5A1	EDNRA	0.8337897120148248	GSE62232_hep_carci
COL6A2	EDNRA	0.8457816496388733	GSE62232_hep_carci
COL6A3	EDNRA	0.904426628442271	GSE62232_hep_carci
AEBP1	EFEMP1	0.9191299834374047	GSE62232_hep_carci
ASPN	EFEMP1	0.8392145349428065	GSE62232_hep_carci
BGN	EFEMP1	0.8322314376342986	GSE62232_hep_carci
C7	EFEMP1	0.8301028160473014	GSE62232_hep_carci
CCDC80	EFEMP1	0.8940700215254547	GSE62232_hep_carci
COL1A1	EFEMP1	0.814254823041563	GSE62232_hep_carci
COL1A2	EFEMP1	0.8314861759740471	GSE62232_hep_carci
COL3A1	EFEMP1	0.8373579345093628	GSE62232_hep_carci
COL5A1	EFEMP1	0.857084784819356	GSE62232_hep_carci
COL6A2	EFEMP1	0.8506823096471945	GSE62232_hep_carci
DCN	EFEMP1	0.884636882561991	GSE62232_hep_carci
DPT	EFEMP1	0.8019693532765556	GSE62232_hep_carci
CALCRL	EFNB2	0.8125564588979223	GSE62232_hep_carci
CYYR1	EFNB2	0.8434507678410118	GSE62232_hep_carci
ELOVL2	ELOVL2-AS1	0.8111360302014772	GSE62232_hep_carci
CALCRL	EMCN	0.9015808491418247	GSE62232_hep_carci
CYYR1	EMCN	0.8895212285456189	GSE62232_hep_carci
AEBP1	EMILIN1	0.8854194597633801	GSE62232_hep_carci
APLNR	EMILIN1	0.8001017562906182	GSE62232_hep_carci
ASPN	EMILIN1	0.8750545034510048	GSE62232_hep_carci
BGN	EMILIN1	0.8508887205075966	GSE62232_hep_carci
C7	EMILIN1	0.8355517014049937	GSE62232_hep_carci
CCDC80	EMILIN1	0.8200769480702141	GSE62232_hep_carci
COL1A1	EMILIN1	0.8199660055974312	GSE62232_hep_carci
COL1A2	EMILIN1	0.8317837475762521	GSE62232_hep_carci
COL3A1	EMILIN1	0.8964197914202626	GSE62232_hep_carci
COL5A1	EMILIN1	0.8755410273888465	GSE62232_hep_carci
COL6A2	EMILIN1	0.8804217774221645	GSE62232_hep_carci
COL6A3	EMILIN1	0.8614509627776449	GSE62232_hep_carci
DCN	EMILIN1	0.8721855117409404	GSE62232_hep_carci
EFEMP1	EMILIN1	0.8057576299635095	GSE62232_hep_carci
C1QA	EPB41L3	0.8871987714277093	GSE62232_hep_carci
C1QB	EPB41L3	0.919041461880103	GSE62232_hep_carci
C1QC	EPB41L3	0.9119935413336558	GSE62232_hep_carci
C1orf162	EPB41L3	0.8291123895106601	GSE62232_hep_carci
CD163	EPB41L3	0.8517838900466203	GSE62232_hep_carci
CPVL	EPB41L3	0.8294127616278906	GSE62232_hep_carci
C16orf54	EVI2A	0.8330530090027368	GSE62232_hep_carci
C1QA	EVI2A	0.84395123663214755	GSE62232_hep_carci
C1QB	EVI2A	0.8719155346423607	GSE62232_hep_carci
C1QC	EVI2A	0.8632133415486325	GSE62232_hep_carci
C1orf162	EVI2A	0.8036601021227392	GSE62232_hep_carci
CD2	EVI2A	0.8371800176142573	GSE62232_hep_carci
CD52	EVI2A	0.8380124963842643	GSE62232_hep_carci
CD69	EVI2A	0.8067342207371053	GSE62232_hep_carci
CORO1A	EVI2A	0.8502663355249596	GSE62232_hep_carci
CSF2RB	EVI2A	0.8400269025060261	GSE62232_hep_carci
CYTIP	EVI2A	0.8433032303841702	GSE62232_hep_carci
EPB41L3	EVI2A	0.8842978332159223	GSE62232_hep_carci
C16orf54	EVI2B	0.8524897650508246	GSE62232_hep_carci
C1QA	EVI2B	0.8732860627669689	GSE62232_hep_carci
C1QB	EVI2B	0.8943305347787877	GSE62232_hep_carci
C1QC	EVI2B	0.8936751956389211	GSE62232_hep_carci
C1orf162	EVI2B	0.844285307666192	GSE62232_hep_carci
CD163	EVI2B	0.810160341760838	GSE62232_hep_carci
CD2	EVI2B	0.8537209421022823	GSE62232_hep_carci
CD52	EVI2B	0.8522241671473071	GSE62232_hep_carci
CD69	EVI2B	0.8128010332139459	GSE62232_hep_carci
CORO1A	EVI2B	0.8778246584871526	GSE62232_hep_carci
CSF2RB	EVI2B	0.8534367061236455	GSE62232_hep_carci
CYTIP	EVI2B	0.8710371338346401	GSE62232_hep_carci
EPB41L3	EVI2B	0.8926268259653183	GSE62232_hep_carci
EVI2A	EVI2B	0.9444205974425821	GSE62232_hep_carci
ANLN	EZH2	0.8874074730132387	GSE62232_hep_carci
ASPM	EZH2	0.80767212433492	GSE62232_hep_carci
BUB1B	EZH2	0.8865425697816708	GSE62232_hep_carci
CCNA2	EZH2	0.8485907903928178	GSE62232_hep_carci
CCNB1	EZH2	0.8398651627005599	GSE62232_hep_carci
CDC20	EZH2	0.8332937951713244	GSE62232_hep_carci
CDK1	EZH2	0.8822931672458159	GSE62232_hep_carci
CDKN3	EZH2	0.8219489225889496	GSE62232_hep_carci
CENPK	EZH2	0.8679887102230095	GSE62232_hep_carci
CENPL	EZH2	0.8395039523054645	GSE62232_hep_carci
CEP55	EZH2	0.8249477361004203	GSE62232_hep_carci
DBF4	EZH2	0.8357731861507982	GSE62232_hep_carci
DEPDC1B	EZH2	0.8184431247619272	GSE62232_hep_carci
DLGAP5	EZH2	0.8475181313023675	GSE62232_hep_carci
DTL	EZH2	0.8913046097810063	GSE62232_hep_carci
E2F8	EZH2	0.8391326731619932	GSE62232_hep_carci
FAM127A	FAM127B	0.8425647290295465	GSE62232_hep_carci
C7	FBLN2	0.8080390192603845	GSE62232_hep_carci
AEBP1	FBLN5	0.8175390264329554	GSE62232_hep_carci
APLNR	FBLN5	0.8062703325501537	GSE62232_hep_carci
BGN	FBLN5	0.8224724565072006	GSE62232_hep_carci
C7	FBLN5	0.8494652286589914	GSE62232_hep_carci
COL6A2	FBLN5	0.8157639273047939	GSE62232_hep_carci
CXCL12	FBLN5	0.80032301838503	GSE62232_hep_carci
DCN	FBLN5	0.8490242278116762	GSE62232_hep_carci
DPT	FBLN5	0.8149568376268302	GSE62232_hep_carci
EFEMP1	FBLN5	0.8044915899127082	GSE62232_hep_carci
EMILIN1	FBLN5	0.8014012648277754	GSE62232_hep_carci
AEBP1	FBN1	0.8273630769867062	GSE62232_hep_carci
ASPN	FBN1	0.8563282313157672	GSE62232_hep_carci
BGN	FBN1	0.8341463414634146	GSE62232_hep_carci
CCDC80	FBN1	0.825957836071583	GSE62232_hep_carci
COL1A1	FBN1	0.81897018970189706	GSE62232_hep_carci
COL1A2	FBN1	0.8461382113821138	GSE62232_hep_carci
COL3A1	FBN1	0.8726287262872628	GSE62232_hep_carci
COL5A1	FBN1	0.8832204155374888	GSE62232_hep_carci
COL6A2	FBN1	0.8643405600722674	GSE62232_hep_carci
COL6A3	FBN1	0.851025629094772	GSE62232_hep_carci
DCN	FBN1	0.8466576332429991	GSE62232_hep_carci
EFEMP1	FBN1	0.8556281370288641	GSE62232_hep_carci
EMILIN1	FBN1	0.8214008557229667	GSE62232_hep_carci
FBLN5	FBN1	0.8063787627135478	GSE62232_hep_carci
C1QA	FCER1G	0.8633414826801835	GSE62232_hep_carci
C1QB	FCER1G	0.9126521679703834	GSE62232_hep_carci
C1QC	FCER1G	0.912154112832619	GSE62232_hep_carci
C1orf162	FCER1G	0.8316638288448353	GSE62232_hep_carci
CD163	FCER1G	0.8204925530395832	GSE62232_hep_carci
CORO1A	FCER1G	0.8250533678579756	GSE62232_hep_carci
EPB41L3	FCER1G	0.8896680616268345	GSE62232_hep_carci
EVI2A	FCER1G	0.8370636815131381	GSE62232_hep_carci
EVI2B	FCER1G	0.8673078307003315	GSE62232_hep_carci
C1QB	FCGR1B	0.8450807768725729	GSE62232_hep_carci
C1QC	FCGR1B	0.8338237191059702	GSE62232_hep_carci
EVI2A	FCGR1B	0.8287632930164732	GSE62232_hep_carci
EVI2B	FCGR1B	0.8060518217209869	GSE62232_hep_carci
FCER1G	FCGR1B	0.8349023653323469	GSE62232_hep_carci
C1QA	FGL2	0.8923580727943919	GSE62232_hep_carci
C1QB	FGL2	0.9089605344509573	GSE62232_hep_carci
C1QC	FGL2	0.9030425872015382	GSE62232_hep_carci
C1orf162	FGL2	0.8548164933108354	GSE62232_hep_carci
CD163	FGL2	0.815650406504065	GSE62232_hep_carci
CLIC2	FGL2	0.8378841090288575	GSE62232_hep_carci
CORO1A	FGL2	0.8210913930031671	GSE62232_hep_carci
CSF2RB	FGL2	0.8133596982403252	GSE62232_hep_carci
EPB41L3	FGL2	0.8848814040889456	GSE62232_hep_carci
EVI2A	FGL2	0.8973315317259805	GSE62232_hep_carci
EVI2B	FGL2	0.9295520354645381	GSE62232_hep_carci
FCER1G	FGL2	0.8437425897397637	GSE62232_hep_carci
ASPN	FMOD	0.837936760421515	GSE62232_hep_carci
BGN	FMOD	0.8041337453854804	GSE62232_hep_carci
COL3A1	FMOD	0.816331622362591	GSE62232_hep_carci
COL6A2	FMOD	0.8257285053671799	GSE62232_hep_carci
EMILIN1	FMOD	0.8311693160844603	GSE62232_hep_carci
AEBP1	FNDC1	0.8232642132451926	GSE62232_hep_carci
BGN	FNDC1	0.8015902332168741	GSE62232_hep_carci
COL1A1	FNDC1	0.8021804055582581	GSE62232_hep_carci
COL1A2	FNDC1	0.8012497491737678	GSE62232_hep_carci
COL3A1	FNDC1	0.8431406359439365	GSE62232_hep_carci
COL5A1	FNDC1	0.8351619598671475	GSE62232_hep_carci
COL6A2	FNDC1	0.8151528476006052	GSE62232_hep_carci
EMILIN1	FNDC1	0.820992548831931	GSE62232_hep_carci
AEBP1	FOXF1	0.8084095023104672	GSE62232_hep_carci
C11orf96	FOXF1	0.8364600406615902	GSE62232_hep_carci
COL3A1	FOXF1	0.823507425670686	GSE62232_hep_carci
COL5A1	FOXF1	0.8064132023371595	GSE62232_hep_carci
COL6A2	FOXF1	0.8559321826287246	GSE62232_hep_carci
COL6A3	FOXF1	0.8302538964754824	GSE62232_hep_carci
DCN	FOXF1	0.8097823019095081	GSE62232_hep_carci
ANLN	FOXM1	0.8619391205027237	GSE62232_hep_carci
ASPM	FOXM1	0.8148853784643618	GSE62232_hep_carci
AURKA	FOXM1	0.8228889035957725	GSE62232_hep_carci
BUB1B	FOXM1	0.8815146149405824	GSE62232_hep_carci
CCNA2	FOXM1	0.876490493925403	GSE62232_hep_carci
CCNB1	FOXM1	0.8524395456335598	GSE62232_hep_carci
CDC20	FOXM1	0.843180469270005	GSE62232_hep_carci
CDC6	FOXM1	0.829108099352907	GSE62232_hep_carci
CDK1	FOXM1	0.8911708296440991	GSE62232_hep_carci
CDKN3	FOXM1	0.8359315679257616	GSE62232_hep_carci
CENPK	FOXM1	0.8294258947807422	GSE62232_hep_carci
CEP55	FOXM1	0.8342545103191987	GSE62232_hep_carci
DEPDC1B	FOXM1	0.8067741512412598	GSE62232_hep_carci
DLGAP5	FOXM1	0.8706442788933836	GSE62232_hep_carci
DTL	FOXM1	0.8323713132097351	GSE62232_hep_carci
E2F8	FOXM1	0.8201755724728736	GSE62232_hep_carci
EZH2	FOXM1	0.8508688852441318	GSE62232_hep_carci
CCL5	GBP5	0.8509448999806937	GSE62232_hep_carci
CORO1A	GBP5	0.8046587818503013	GSE62232_hep_carci
EVI2B	GBP5	0.8262777535958945	GSE62232_hep_carci
ASPN	GEM	0.8787204681804217	GSE62232_hep_carci
BGN	GEM	0.8036093492052838	GSE62232_hep_carci
C11orf96	GEM	0.875369869833785	GSE62232_hep_carci
CCDC102B	GEM	0.810970344426364	GSE62232_hep_carci
CDH11	GEM	0.8152393706959548	GSE62232_hep_carci
COL1A1	GEM	0.833130061406619	GSE62232_hep_carci
COL1A2	GEM	0.8532321531121954	GSE62232_hep_carci
COL3A1	GEM	0.8854971396306401	GSE62232_hep_carci
COL5A1	GEM	0.8456995153775777	GSE62232_hep_carci
COL6A2	GEM	0.864164077140846	GSE62232_hep_carci
COL6A3	GEM	0.8718087750870674	GSE62232_hep_carci
DCN	GEM	0.8061842238731891	GSE62232_hep_carci
EMILIN1	GEM	0.8122578366134042	GSE62232_hep_carci
FOXF1	GEM	0.8289221281833548	GSE62232_hep_carci
C1QA	GGTA1P	0.8773998310833033	GSE62232_hep_carci
C1QB	GGTA1P	0.8451248239225971	GSE62232_hep_carci
C1QC	GGTA1P	0.8591247926926799	GSE62232_hep_carci
CLIC2	GGTA1P	0.8149420038946162	GSE62232_hep_carci
EPB41L3	GGTA1P	0.8413667337237243	GSE62232_hep_carci
EVI2A	GGTA1P	0.8710843689675345	GSE62232_hep_carci
EVI2B	GGTA1P	0.8581739784332526	GSE62232_hep_carci
FGL2	GGTA1P	0.8762796420861406	GSE62232_hep_carci
C1QA	GIMAP4	0.8079420934285366	GSE62232_hep_carci
C1QB	GIMAP4	0.8027016563359209	GSE62232_hep_carci
EVI2A	GIMAP4	0.8046285479456525	GSE62232_hep_carci
EVI2B	GIMAP4	0.8507918761380967	GSE62232_hep_carci
FGL2	GIMAP4	0.8711085662891668	GSE62232_hep_carci
GGTA1P	GIMAP4	0.826326611569219	GSE62232_hep_carci
FGL2	GIMAP6	0.8322766050076473	GSE62232_hep_carci
GIMAP4	GIMAP6	0.9292264927020015	GSE62232_hep_carci
GIMAP4	GIMAP7	0.847668694903373	GSE62232_hep_carci
GIMAP6	GIMAP7	0.9017730142568353	GSE62232_hep_carci
ANLN	GINS1	0.8703001117291816	GSE62232_hep_carci
BUB1B	GINS1	0.8924878189099124	GSE62232_hep_carci
CCNA2	GINS1	0.8673029339067865	GSE62232_hep_carci
CCNB1	GINS1	0.8487793768937149	GSE62232_hep_carci
CDC20	GINS1	0.8680290784632972	GSE62232_hep_carci
CDC6	GINS1	0.8950430135862066	GSE62232_hep_carci
CDK1	GINS1	0.8786600695361612	GSE62232_hep_carci
CDKN3	GINS1	0.8233407510458837	GSE62232_hep_carci
CENPK	GINS1	0.8423477551086238	GSE62232_hep_carci
CENPL	GINS1	0.8396650097896907	GSE62232_hep_carci
DEPDC1B	GINS1	0.8332103390141434	GSE62232_hep_carci
DLGAP5	GINS1	0.8653814653241002	GSE62232_hep_carci
DTL	GINS1	0.8914044208840659	GSE62232_hep_carci
E2F8	GINS1	0.8774914459309577	GSE62232_hep_carci
EZH2	GINS1	0.8502019261860532	GSE62232_hep_carci
FOXM1	GINS1	0.8238507789675078	GSE62232_hep_carci
GK	GK3P	0.9642284735940537	GSE62232_hep_carci
EVI2A	GLIPR1	0.8311411464697055	GSE62232_hep_carci
C1QB	GPNMB	0.8012986292485741	GSE62232_hep_carci
CD52	GPNMB	0.8321458011574007	GSE62232_hep_carci
EPB41L3	GPNMB	0.8448391711329287	GSE62232_hep_carci
EVI2A	GPNMB	0.8804337814967335	GSE62232_hep_carci
EVI2B	GPNMB	0.8433090146413942	GSE62232_hep_carci
FCER1G	GPNMB	0.8170598132839472	GSE62232_hep_carci
C16orf54	GPR171	0.8368159123293489	GSE62232_hep_carci
CD2	GPR171	0.8487575798493786	GSE62232_hep_carci
CD52	GPR171	0.802462791953707	GSE62232_hep_carci
CD69	GPR171	0.830805262551594	GSE62232_hep_carci
CYTIP	GPR171	0.8608677058543398	GSE62232_hep_carci
CD69	GPR183	0.8010689054609159	GSE62232_hep_carci
EPB41L3	GPR34	0.8052291026118208	GSE62232_hep_carci
GGTA1P	GPR34	0.8349780259231641	GSE62232_hep_carci
GSTA1	GSTA3	0.8686097618411421	GSE62232_hep_carci
GSTM1	GSTM2	0.9888149252509018	GSE62232_hep_carci
AEBP1	GUCY1A3	0.8012761202986196	GSE62232_hep_carci
ASPN	GUCY1A3	0.8627871657046144	GSE62232_hep_carci
BGN	GUCY1A3	0.8401535682023487	GSE62232_hep_carci
CCDC80	GUCY1A3	0.8082295419388569	GSE62232_hep_carci
COL15A1	GUCY1A3	0.8265258891837665	GSE62232_hep_carci
COL1A2	GUCY1A3	0.8142502258355917	GSE62232_hep_carci
COL3A1	GUCY1A3	0.85756549232159	GSE62232_hep_carci
COL5A1	GUCY1A3	0.8468608852755194	GSE62232_hep_carci
COL6A2	GUCY1A3	0.8728093947606144	GSE62232_hep_carci
COL6A3	GUCY1A3	0.8623631519058483	GSE62232_hep_carci
CRIP1	GUCY1A3	0.833324882843639	GSE62232_hep_carci
DCN	GUCY1A3	0.8553748870822041	GSE62232_hep_carci
EDNRA	GUCY1A3	0.8270033141692003	GSE62232_hep_carci
EFEMP1	GUCY1A3	0.8225430360510277	GSE62232_hep_carci
FBN1	GUCY1A3	0.8111111111111111	GSE62232_hep_carci
FOXF1	GUCY1A3	0.8352540513608541	GSE62232_hep_carci
GEM	GUCY1A3	0.8084767657924206	GSE62232_hep_carci
C16orf54	GZMA	0.8419046848949867	GSE62232_hep_carci
CCL5	GZMA	0.9471437867516358	GSE62232_hep_carci
CD2	GZMA	0.8547611266241965	GSE62232_hep_carci
CD52	GZMA	0.8481571520285118	GSE62232_hep_carci
CD8A	GZMA	0.8813722170773226	GSE62232_hep_carci
CORO1A	GZMA	0.8662113729688868	GSE62232_hep_carci
CYTIP	GZMA	0.8339419964483622	GSE62232_hep_carci
EVI2B	GZMA	0.8112471279574297	GSE62232_hep_carci
GBP5	GZMA	0.8208806864390044	GSE62232_hep_carci
C16orf54	GZMK	0.8147769705337286	GSE62232_hep_carci
CCL5	GZMK	0.8919615757218667	GSE62232_hep_carci
CD2	GZMK	0.8202227121591346	GSE62232_hep_carci
CD52	GZMK	0.8030568954558229	GSE62232_hep_carci
CD8A	GZMK	0.8460847335734103	GSE62232_hep_carci
GZMA	GZMK	0.9061230320087106	GSE62232_hep_carci
C16orf54	HCLS1	0.8571575021879737	GSE62232_hep_carci
C1QA	HCLS1	0.846882658059322	GSE62232_hep_carci
C1QB	HCLS1	0.8869289275752482	GSE62232_hep_carci
C1QC	HCLS1	0.8763141559388589	GSE62232_hep_carci
C1orf162	HCLS1	0.9067993309077927	GSE62232_hep_carci
CD163	HCLS1	0.8072338826193195	GSE62232_hep_carci
CD2	HCLS1	0.8527687792273316	GSE62232_hep_carci
CD52	HCLS1	0.8751333931141824	GSE62232_hep_carci
CORO1A	HCLS1	0.8817812745157965	GSE62232_hep_carci
CRIP1	HCLS1	0.8154197279765184	GSE62232_hep_carci
CSF2RB	HCLS1	0.8671709747449323	GSE62232_hep_carci
CYTIP	HCLS1	0.8205053367737133	GSE62232_hep_carci
EPB41L3	HCLS1	0.8565023941281525	GSE62232_hep_carci
EVI2A	HCLS1	0.8893740133882158	GSE62232_hep_carci
EVI2B	HCLS1	0.9104488700289112	GSE62232_hep_carci
FCER1G	HCLS1	0.885816080055432	GSE62232_hep_carci
FCGR1B	HCLS1	0.8190630571554995	GSE62232_hep_carci
FGL2	HCLS1	0.9043029524241132	GSE62232_hep_carci
GIMAP4	HCLS1	0.8603779204605898	GSE62232_hep_carci
GPNMB	HCLS1	0.8174308777372498	GSE62232_hep_carci
BUB1B	HELLS	0.8075980592867372	GSE62232_hep_carci
CDK1	HELLS	0.8032520325203253	GSE62232_hep_carci
DTL	HELLS	0.8366399801795822	GSE62232_hep_carci
EZH2	HELLS	0.8163357671342495	GSE62232_hep_carci
FOXM1	HELLS	0.8025168979538102	GSE62232_hep_carci
GINS1	HELLS	0.8319018052344567	GSE62232_hep_carci
DCN	HGF	0.8232158988256549	GSE62232_hep_carci
HIST1H2AC	HIST1H2BC	0.8036771078862149	GSE62232_hep_carci
H2BFS	HIST1H2BD	0.862419404068126	GSE62232_hep_carci
H2BFS	HIST1H2BE	0.9739761851464048	GSE62232_hep_carci
HIST1H1C	HIST1H2BE	0.8097612220531563	GSE62232_hep_carci
HIST1H2AC	HIST1H2BE	0.8033742136256039	GSE62232_hep_carci
HIST1H2BD	HIST1H2BE	0.9118113721576685	GSE62232_hep_carci
H2BFS	HIST1H2BH	0.9587996166080089	GSE62232_hep_carci
HIST1H1C	HIST1H2BH	0.8074777550131688	GSE62232_hep_carci
HIST1H2BD	HIST1H2BH	0.9259790424550722	GSE62232_hep_carci
HIST1H2BE	HIST1H2BH	0.9767816106335891	GSE62232_hep_carci
H2BFS	HIST1H2BK	0.9734075588646642	GSE62232_hep_carci
HIST1H2BD	HIST1H2BK	0.8250451671183379	GSE62232_hep_carci
HIST1H2BE	HIST1H2BK	0.9537290613452253	GSE62232_hep_carci
HIST1H2BH	HIST1H2BK	0.9235512001832971	GSE62232_hep_carci
C1QA	HLA-DMB	0.8867890443565396	GSE62232_hep_carci
C1QB	HLA-DMB	0.9037707936295524	GSE62232_hep_carci
C1QC	HLA-DMB	0.8889654293939361	GSE62232_hep_carci
CASP1	HLA-DMB	0.8229780717673204	GSE62232_hep_carci
CD163	HLA-DMB	0.8089414387202173	GSE62232_hep_carci
CORO1A	HLA-DMB	0.8019527474309556	GSE62232_hep_carci
CSF2RB	HLA-DMB	0.8062182479808996	GSE62232_hep_carci
EPB41L3	HLA-DMB	0.8944613529180081	GSE62232_hep_carci
EVI2A	HLA-DMB	0.8604429435981837	GSE62232_hep_carci
EVI2B	HLA-DMB	0.8752972107021356	GSE62232_hep_carci
FCER1G	HLA-DMB	0.8560297236777499	GSE62232_hep_carci
FGL2	HLA-DMB	0.8654606248833315	GSE62232_hep_carci
GGTA1P	HLA-DMB	0.8663496892514962	GSE62232_hep_carci
GPNMB	HLA-DMB	0.8267949518718425	GSE62232_hep_carci
HCLS1	HLA-DMB	0.8241548513596428	GSE62232_hep_carci
HLA-DMA	HLA-DMB	0.8077502928337872	GSE62232_hep_carci
C1QA	HLA-DPA1	0.8858651162381531	GSE62232_hep_carci
C1QB	HLA-DPA1	0.8797809285098036	GSE62232_hep_carci
C1QC	HLA-DPA1	0.8748694380753601	GSE62232_hep_carci
CASP1	HLA-DPA1	0.8071815718157181	GSE62232_hep_carci
CLIC2	HLA-DPA1	0.8129796881835568	GSE62232_hep_carci
CORO1A	HLA-DPA1	0.8044450541413583	GSE62232_hep_carci
EPB41L3	HLA-DPA1	0.8896467234085843	GSE62232_hep_carci
EVI2A	HLA-DPA1	0.8786717166332558	GSE62232_hep_carci
EVI2B	HLA-DPA1	0.8892766802713308	GSE62232_hep_carci
FCER1G	HLA-DPA1	0.8382547228935822	GSE62232_hep_carci
FGL2	HLA-DPA1	0.9076106594399278	GSE62232_hep_carci
GGTA1P	HLA-DPA1	0.8853253279333086	GSE62232_hep_carci
HCLS1	HLA-DPA1	0.8439114464543556	GSE62232_hep_carci
HLA-DMB	HLA-DPA1	0.9314655485843111	GSE62232_hep_carci
C1QA	HLA-DRA	0.8821500158781487	GSE62232_hep_carci
C1QB	HLA-DRA	0.9098978050752281	GSE62232_hep_carci
C1QC	HLA-DRA	0.8967869059927596	GSE62232_hep_carci
C1orf162	HLA-DRA	0.8306493559461144	GSE62232_hep_carci
CASP1	HLA-DRA	0.841260162601626	GSE62232_hep_carci
CD163	HLA-DRA	0.8023261065943993	GSE62232_hep_carci
CORO1A	HLA-DRA	0.8316506378035682	GSE62232_hep_carci
EPB41L3	HLA-DRA	0.882227731008104	GSE62232_hep_carci
EVI2A	HLA-DRA	0.8592890031350019	GSE62232_hep_carci
EVI2B	HLA-DRA	0.8748313131114565	GSE62232_hep_carci
FCER1G	HLA-DRA	0.8598561411584899	GSE62232_hep_carci
FGL2	HLA-DRA	0.9014001806684734	GSE62232_hep_carci
GGTA1P	HLA-DRA	0.836799345304993	GSE62232_hep_carci
HCLS1	HLA-DRA	0.8613694248068695	GSE62232_hep_carci
HLA-DMA	HLA-DRA	0.8141038311687654	GSE62232_hep_carci
HLA-DMB	HLA-DRA	0.95214219790792	GSE62232_hep_carci
HLA-DPA1	HLA-DRA	0.9357949412827461	GSE62232_hep_carci
ANLN	HMMR	0.8411775334215916	GSE62232_hep_carci
AURKA	HMMR	0.8038031143079755	GSE62232_hep_carci
CCNA2	HMMR	0.8476495895391772	GSE62232_hep_carci
CCNB1	HMMR	0.8681493024523381	GSE62232_hep_carci
CDC20	HMMR	0.8178193886377021	GSE62232_hep_carci
CDK1	HMMR	0.8299730689668695	GSE62232_hep_carci
DEPDC1	HMMR	0.8222161999454498	GSE62232_hep_carci
DLGAP5	HMMR	0.8358868278558023	GSE62232_hep_carci
DHODH	HP	0.8593318616434479	GSE62232_hep_carci
ASPN	ID3	0.8113989545633375	GSE62232_hep_carci
COL3A1	ID3	0.8032410180979185	GSE62232_hep_carci
COL6A3	ID3	0.806986041932183	GSE62232_hep_carci
CYYR1	ID3	0.8029135287542635	GSE62232_hep_carci
DCN	ID3	0.8061432512468615	GSE62232_hep_carci
GUCY1A3	ID3	0.8201236584001353	GSE62232_hep_carci
C1QA	IFI16	0.8314146179526162	GSE62232_hep_carci
C1QB	IFI16	0.8431031575744837	GSE62232_hep_carci
C1QC	IFI16	0.8341510510016134	GSE62232_hep_carci
EVI2A	IFI16	0.8119730434355932	GSE62232_hep_carci
FGL2	IFI16	0.8284101174345077	GSE62232_hep_carci
HCLS1	IFI16	0.8500883637627806	GSE62232_hep_carci
HLA-DMB	IFI16	0.8140117912851	GSE62232_hep_carci
HLA-DPA1	IFI16	0.8209349593495935	GSE62232_hep_carci
HLA-DRA	IFI16	0.8488708220415538	GSE62232_hep_carci
IGHM	IGJ	0.8402210504170928	GSE62232_hep_carci
IGHM	IGLC1	0.8833785004516712	GSE62232_hep_carci
IGJ	IGLC1	0.9044108823332394	GSE62232_hep_carci
IGHM	IGLL3P	0.8533799146603489	GSE62232_hep_carci
IGJ	IGLL3P	0.835488382092805	GSE62232_hep_carci
IGLC1	IGLL3P	0.9269243631038313	GSE62232_hep_carci
IGHM	IGLL5	0.8134403405166494	GSE62232_hep_carci
IGHM	IGLV1-44	0.872018970189702	GSE62232_hep_carci
IGJ	IGLV1-44	0.8624653873093232	GSE62232_hep_carci
IGK	IGLV1-44	0.8141391212077177	GSE62232_hep_carci
IGLC1	IGLV1-44	0.961449864498645	GSE62232_hep_carci
IGLL3P	IGLV1-44	0.9064683661554137	GSE62232_hep_carci
BCL2A1	IGSF6	0.8035639306580569	GSE62232_hep_carci
C16orf54	IGSF6	0.807765100841703	GSE62232_hep_carci
C1QA	IGSF6	0.8348193385451216	GSE62232_hep_carci
C1QB	IGSF6	0.8663745406712405	GSE62232_hep_carci
C1QC	IGSF6	0.8570250913279016	GSE62232_hep_carci
C1orf162	IGSF6	0.8259902192731554	GSE62232_hep_carci
CD2	IGSF6	0.8245977663547681	GSE62232_hep_carci
CD52	IGSF6	0.8407566381008553	GSE62232_hep_carci
CORO1A	IGSF6	0.8254046244248437	GSE62232_hep_carci
EPB41L3	IGSF6	0.8542590151717205	GSE62232_hep_carci
EVI2A	IGSF6	0.8627313839573472	GSE62232_hep_carci
EVI2B	IGSF6	0.8892202273053278	GSE62232_hep_carci
FCER1G	IGSF6	0.864799551807107	GSE62232_hep_carci
FGL2	IGSF6	0.871994674242172	GSE62232_hep_carci
GPNMB	IGSF6	0.8761504714878351	GSE62232_hep_carci
HCLS1	IGSF6	0.8669851445188336	GSE62232_hep_carci
HLA-DMB	IGSF6	0.8450392460663646	GSE62232_hep_carci
HLA-DPA1	IGSF6	0.8460435273113739	GSE62232_hep_carci
HLA-DRA	IGSF6	0.8521304151249944	GSE62232_hep_carci
C1QA	IL10RA	0.8186479386357471	GSE62232_hep_carci
C1QB	IL10RA	0.8499212274506543	GSE62232_hep_carci
C1QC	IL10RA	0.842537387356684	GSE62232_hep_carci
C1orf162	IL10RA	0.8456095372153876	GSE62232_hep_carci
CORO1A	IL10RA	0.8155675907806548	GSE62232_hep_carci
EPB41L3	IL10RA	0.8234965305506818	GSE62232_hep_carci
EVI2A	IL10RA	0.8074863723592463	GSE62232_hep_carci
EVI2B	IL10RA	0.8269719560699901	GSE62232_hep_carci
FCER1G	IL10RA	0.8197464695257447	GSE62232_hep_carci
FGL2	IL10RA	0.811543962981116	GSE62232_hep_carci
HCLS1	IL10RA	0.8477931902171032	GSE62232_hep_carci
CCL5	IL2RG	0.814035482266192	GSE62232_hep_carci
CD2	IL2RG	0.8819342937169178	GSE62232_hep_carci
CD52	IL2RG	0.8352629917870487	GSE62232_hep_carci
CORO1A	IL2RG	0.8603551823116818	GSE62232_hep_carci
CSF2RB	IL2RG	0.8220942863122391	GSE62232_hep_carci
CYTIP	IL2RG	0.8103032954272588	GSE62232_hep_carci
EVI2B	IL2RG	0.8022900490312345	GSE62232_hep_carci
GBP5	IL2RG	0.8217164400362961	GSE62232_hep_carci
C16orf54	IL7R	0.8371388230101988	GSE62232_hep_carci
CD2	IL7R	0.8621976854398902	GSE62232_hep_carci
CD52	IL7R	0.8321420102837532	GSE62232_hep_carci
CD69	IL7R	0.8306885199131773	GSE62232_hep_carci
CYTIP	IL7R	0.8408002842722139	GSE62232_hep_carci
GPR171	IL7R	0.8521396555532528	GSE62232_hep_carci
AEBP1	INMT	0.8549634440837527	GSE62232_hep_carci
APLNR	INMT	0.820796129683891	GSE62232_hep_carci
BGN	INMT	0.8211335216681594	GSE62232_hep_carci
C7	INMT	0.8929001409364375	GSE62232_hep_carci
CCDC80	INMT	0.8068371506186937	GSE62232_hep_carci
DCN	INMT	0.8874933362382303	GSE62232_hep_carci
DPT	INMT	0.8412233476721441	GSE62232_hep_carci
EFEMP1	INMT	0.8469141495377628	GSE62232_hep_carci
EMILIN1	INMT	0.8056926105378364	GSE62232_hep_carci
FBLN2	INMT	0.8166914295603251	GSE62232_hep_carci
FBLN5	INMT	0.8291674503557848	GSE62232_hep_carci
FBN1	INMT	0.818230632758456	GSE62232_hep_carci
HGF	INMT	0.8042357714389126	GSE62232_hep_carci
AEBP1	ISLR	0.8621121699513503	GSE62232_hep_carci
APLNR	ISLR	0.8029666717138575	GSE62232_hep_carci
CCDC80	ISLR	0.8697897228043321	GSE62232_hep_carci
DCN	ISLR	0.8389117118792907	GSE62232_hep_carci
DPT	ISLR	0.8197142898325701	GSE62232_hep_carci
EFEMP1	ISLR	0.8235952960111182	GSE62232_hep_carci
INMT	ISLR	0.8007871064864192	GSE62232_hep_carci
ADAMDEC1	ITK	0.8445184523978383	GSE62232_hep_carci
C16orf54	ITK	0.861967830918961	GSE62232_hep_carci
CCL5	ITK	0.822837428901804	GSE62232_hep_carci
CD2	ITK	0.9225751851019711	GSE62232_hep_carci
CD52	ITK	0.9170439186403377	GSE62232_hep_carci
CORO1A	ITK	0.8708538875862867	GSE62232_hep_carci
CSF2RB	ITK	0.8485566914529884	GSE62232_hep_carci
CYTIP	ITK	0.8529157400578825	GSE62232_hep_carci
GPR171	ITK	0.8215356068595928	GSE62232_hep_carci
GZMA	ITK	0.8190026433615883	GSE62232_hep_carci
GZMK	ITK	0.8241171238384513	GSE62232_hep_carci
HCLS1	ITK	0.8409919763900461	GSE62232_hep_carci
IL2RG	ITK	0.8623049191079935	GSE62232_hep_carci
IL7R	ITK	0.8673559657100226	GSE62232_hep_carci
GIMAP4	ITM2A	0.8158250041418399	GSE62232_hep_carci
GIMAP6	ITM2A	0.8419424229042438	GSE62232_hep_carci
GIMAP7	ITM2A	0.8053031932104219	GSE62232_hep_carci
C1QB	KCTD12	0.8243916223405474	GSE62232_hep_carci
C1QC	KCTD12	0.8127191323477112	GSE62232_hep_carci
CCL2	KCTD12	0.8405450191442017	GSE62232_hep_carci
CRIP1	KCTD12	0.8027400085129588	GSE62232_hep_carci
CSF2RB	KCTD12	0.8106936488676295	GSE62232_hep_carci
EPB41L3	KCTD12	0.8140226867175394	GSE62232_hep_carci
EVI2A	KCTD12	0.878276381567732	GSE62232_hep_carci
EVI2B	KCTD12	0.8545242215137596	GSE62232_hep_carci
FGL2	KCTD12	0.8584462511291779	GSE62232_hep_carci
GGTA1P	KCTD12	0.8184030628517638	GSE62232_hep_carci
GIMAP4	KCTD12	0.8386725314603367	GSE62232_hep_carci
GIMAP6	KCTD12	0.81379185746474	GSE62232_hep_carci
GLIPR1	KCTD12	0.8010614272809394	GSE62232_hep_carci
HCLS1	KCTD12	0.8891260294578913	GSE62232_hep_carci
IFI16	KCTD12	0.8258355916892502	GSE62232_hep_carci
CALCRL	KDR	0.8176361989978342	GSE62232_hep_carci
CYYR1	KDR	0.8184605314867764	GSE62232_hep_carci
EMCN	KDR	0.8641714618325059	GSE62232_hep_carci
ANLN	KIAA0101	0.8063370541533932	GSE62232_hep_carci
BUB1B	KIAA0101	0.8592982482817966	GSE62232_hep_carci
CCNA2	KIAA0101	0.8377531490261628	GSE62232_hep_carci
CDC20	KIAA0101	0.8208812166880759	GSE62232_hep_carci
CDC6	KIAA0101	0.8581382524475291	GSE62232_hep_carci
CDK1	KIAA0101	0.8719286359530262	GSE62232_hep_carci
DLGAP5	KIAA0101	0.8295572834183285	GSE62232_hep_carci
DTL	KIAA0101	0.8658634357308531	GSE62232_hep_carci
E2F8	KIAA0101	0.8093153581670017	GSE62232_hep_carci
EZH2	KIAA0101	0.8041607538944775	GSE62232_hep_carci
FOXM1	KIAA0101	0.8703629114262714	GSE62232_hep_carci
GINS1	KIAA0101	0.8644631762445567	GSE62232_hep_carci
HELLS	KIAA0101	0.8211607949412827	GSE62232_hep_carci
ANLN	KIF11	0.837042747774543	GSE62232_hep_carci
BUB1B	KIF11	0.8440009247365317	GSE62232_hep_carci
CCNA2	KIF11	0.8399216251660643	GSE62232_hep_carci
CDK1	KIF11	0.8882438413517507	GSE62232_hep_carci
CENPL	KIF11	0.8185543393498882	GSE62232_hep_carci
CEP55	KIF11	0.8361602135387637	GSE62232_hep_carci
DLGAP5	KIF11	0.8238526663188456	GSE62232_hep_carci
DTL	KIF11	0.8267168496018036	GSE62232_hep_carci
E2F8	KIF11	0.8048029698269991	GSE62232_hep_carci
EZH2	KIF11	0.823557035191261	GSE62232_hep_carci
FOXM1	KIF11	0.8140043297437889	GSE62232_hep_carci
GINS1	KIF11	0.8185167427520195	GSE62232_hep_carci
HELLS	KIF11	0.8061162736140708	GSE62232_hep_carci
KIAA0101	KIF11	0.8180877938114834	GSE62232_hep_carci
ANLN	KIF14	0.9044338925011335	GSE62232_hep_carci
ASPM	KIF14	0.8902125738792188	GSE62232_hep_carci
AURKA	KIF14	0.8042345369981841	GSE62232_hep_carci
BUB1B	KIF14	0.8790868171940376	GSE62232_hep_carci
CCNA2	KIF14	0.8504869718635266	GSE62232_hep_carci
CCNB1	KIF14	0.8421863884814871	GSE62232_hep_carci
CDC6	KIF14	0.8193937845341258	GSE62232_hep_carci
CDK1	KIF14	0.870367443027806	GSE62232_hep_carci
CDKN3	KIF14	0.8770862036158018	GSE62232_hep_carci
CENPL	KIF14	0.9308275179102335	GSE62232_hep_carci
DLGAP5	KIF14	0.8688416452793084	GSE62232_hep_carci
DTL	KIF14	0.8910758043410582	GSE62232_hep_carci
E2F8	KIF14	0.8239764271083571	GSE62232_hep_carci
EZH2	KIF14	0.8284109012605866	GSE62232_hep_carci
FOXM1	KIF14	0.8180904785441058	GSE62232_hep_carci
GINS1	KIF14	0.8356647271555325	GSE62232_hep_carci
CDK1	KIF15	0.8049861530338903	GSE62232_hep_carci
DLGAP5	KIF15	0.8013742605926844	GSE62232_hep_carci
ANLN	KIF20A	0.9162666689609297	GSE62232_hep_carci
ASPM	KIF20A	0.8223757262202743	GSE62232_hep_carci
AURKA	KIF20A	0.8048013508812312	GSE62232_hep_carci
BUB1B	KIF20A	0.8948857762529666	GSE62232_hep_carci
CCNA2	KIF20A	0.910066889544395	GSE62232_hep_carci
CCNB1	KIF20A	0.9266017472719805	GSE62232_hep_carci
CDC20	KIF20A	0.8978281130993067	GSE62232_hep_carci
CDC6	KIF20A	0.8048560164720763	GSE62232_hep_carci
CDK1	KIF20A	0.9026356032266393	GSE62232_hep_carci
CDKN3	KIF20A	0.8319770740619222	GSE62232_hep_carci
CENPK	KIF20A	0.8094205547945424	GSE62232_hep_carci
CENPL	KIF20A	0.8459301341632917	GSE62232_hep_carci
CEP55	KIF20A	0.811183656039662	GSE62232_hep_carci
DEPDC1	KIF20A	0.8577302086006895	GSE62232_hep_carci
DLGAP5	KIF20A	0.9022407746568996	GSE62232_hep_carci
DTL	KIF20A	0.845455338207078	GSE62232_hep_carci
E2F8	KIF20A	0.8353092563189141	GSE62232_hep_carci
EZH2	KIF20A	0.837325817838095	GSE62232_hep_carci
FOXM1	KIF20A	0.8185757574342002	GSE62232_hep_carci
GINS1	KIF20A	0.843813192863285	GSE62232_hep_carci
HMMR	KIF20A	0.8713998754227917	GSE62232_hep_carci
KIF11	KIF20A	0.8257945212776258	GSE62232_hep_carci
KIF14	KIF20A	0.8488307288270445	GSE62232_hep_carci
ANLN	KIF4A	0.908342394757364	GSE62232_hep_carci
ASPM	KIF4A	0.8369495497662156	GSE62232_hep_carci
AURKA	KIF4A	0.8443984131833194	GSE62232_hep_carci
BUB1B	KIF4A	0.8943932118412943	GSE62232_hep_carci
CCNA2	KIF4A	0.8938297259125922	GSE62232_hep_carci
CCNB1	KIF4A	0.880303629554334	GSE62232_hep_carci
CDC20	KIF4A	0.8894556383420552	GSE62232_hep_carci
CDC6	KIF4A	0.836696666737114	GSE62232_hep_carci
CDK1	KIF4A	0.8821121278771324	GSE62232_hep_carci
CDKN3	KIF4A	0.8933841881027583	GSE62232_hep_carci
CENPK	KIF4A	0.8036032927545486	GSE62232_hep_carci
CENPL	KIF4A	0.8508248475949317	GSE62232_hep_carci
CEP55	KIF4A	0.829818573345394	GSE62232_hep_carci
DEPDC1	KIF4A	0.8503755793866046	GSE62232_hep_carci
DLGAP5	KIF4A	0.9101025224631291	GSE62232_hep_carci
DTL	KIF4A	0.8172618313742508	GSE62232_hep_carci
E2F8	KIF4A	0.8430150073418361	GSE62232_hep_carci
EZH2	KIF4A	0.825614696134017	GSE62232_hep_carci
FOXM1	KIF4A	0.8632904627478798	GSE62232_hep_carci
GINS1	KIF4A	0.8545888976642585	GSE62232_hep_carci
HMMR	KIF4A	0.813281478059557	GSE62232_hep_carci
KIAA0101	KIF4A	0.8057490024408035	GSE62232_hep_carci
KIF14	KIF4A	0.846061771921927	GSE62232_hep_carci
KIF20A	KIF4A	0.866871526107107	GSE62232_hep_carci
C16orf54	KLRB1	0.810349381488472	GSE62232_hep_carci
CD2	KLRB1	0.81063769735382	GSE62232_hep_carci
CYTIP	KLRB1	0.817655735623798	GSE62232_hep_carci
GPR171	KLRB1	0.800693169611752	GSE62232_hep_carci
IL7R	KLRB1	0.8824553125281542	GSE62232_hep_carci
ITK	KLRB1	0.8016146805441073	GSE62232_hep_carci
FOXM1	KNTC1	0.805565746024278	GSE62232_hep_carci
HELLS	KNTC1	0.8346373601606081	GSE62232_hep_carci
KIAA0101	KNTC1	0.8064589394937736	GSE62232_hep_carci
CCNB1	KPNA2	0.8376336680035822	GSE62232_hep_carci
C16orf54	LAPTM5	0.8058679379018912	GSE62232_hep_carci
C1QA	LAPTM5	0.8721678009290788	GSE62232_hep_carci
C1QB	LAPTM5	0.9179267136759092	GSE62232_hep_carci
C1QC	LAPTM5	0.9128777827481919	GSE62232_hep_carci
C1orf162	LAPTM5	0.8499266005636746	GSE62232_hep_carci
CASP1	LAPTM5	0.80257452574525745	GSE62232_hep_carci
CD163	LAPTM5	0.8146341463414634	GSE62232_hep_carci
CD2	LAPTM5	0.8345991720739256	GSE62232_hep_carci
CD52	LAPTM5	0.8582526903515809	GSE62232_hep_carci
CLIC2	LAPTM5	0.8064514545107296	GSE62232_hep_carci
CORO1A	LAPTM5	0.8677440563940301	GSE62232_hep_carci
CSF2RB	LAPTM5	0.8485154001379056	GSE62232_hep_carci
EPB41L3	LAPTM5	0.9206438834379883	GSE62232_hep_carci
EVI2A	LAPTM5	0.9339621493686595	GSE62232_hep_carci
EVI2B	LAPTM5	0.9144516008337703	GSE62232_hep_carci
FCER1G	LAPTM5	0.9134023645835773	GSE62232_hep_carci
FCGR1B	LAPTM5	0.8489557204219006	GSE62232_hep_carci
FGL2	LAPTM5	0.8938798554652213	GSE62232_hep_carci
GGTA1P	LAPTM5	0.8254047173152396	GSE62232_hep_carci
GLIPR1	LAPTM5	0.8076784101174346	GSE62232_hep_carci
GPNMB	LAPTM5	0.9127822944896116	GSE62232_hep_carci
HCLS1	LAPTM5	0.928694435762684	GSE62232_hep_carci
HLA-DMB	LAPTM5	0.8884748309573429	GSE62232_hep_carci
HLA-DPA1	LAPTM5	0.8916666666666667	GSE62232_hep_carci
HLA-DRA	LAPTM5	0.9011517615176152	GSE62232_hep_carci
IFI16	LAPTM5	0.8420731707317073	GSE62232_hep_carci
IGSF6	LAPTM5	0.9064719812829583	GSE62232_hep_carci
IL10RA	LAPTM5	0.8220240954263431	GSE62232_hep_carci
KCTD12	LAPTM5	0.880103884372177	GSE62232_hep_carci
COL4A1	LBH	0.8043567904342798	GSE62232_hep_carci
COL6A2	LBH	0.8034985328062314	GSE62232_hep_carci
COL6A3	LBH	0.8221170686107517	GSE62232_hep_carci
CRIP1	LBH	0.8704762187102543	GSE62232_hep_carci
GALNT7	LBH	0.8017337301929853	GSE62232_hep_carci
GUCY1A3	LBH	0.8435881983269145	GSE62232_hep_carci
KCTD12	LBH	0.8196473276497741	GSE62232_hep_carci
ABAT	LDHD	0.8125804681967904	GSE62232_hep_carci
ASPN	LHFP	0.8935562368520384	GSE62232_hep_carci
BGN	LHFP	0.8233945731619468	GSE62232_hep_carci
C11orf96	LHFP	0.815954695897636	GSE62232_hep_carci
CCDC102B	LHFP	0.8433084609499991	GSE62232_hep_carci
COL15A1	LHFP	0.8741615294506412	GSE62232_hep_carci
COL1A2	LHFP	0.8285098070741282	GSE62232_hep_carci
COL3A1	LHFP	0.8695784731637619	GSE62232_hep_carci
COL4A1	LHFP	0.8693978026503074	GSE62232_hep_carci
COL4A2	LHFP	0.8399710927714003	GSE62232_hep_carci
COL5A1	LHFP	0.839395205509764	GSE62232_hep_carci
COL6A2	LHFP	0.8787926693499432	GSE62232_hep_carci
COL6A3	LHFP	0.9131777613013597	GSE62232_hep_carci
DCN	LHFP	0.8081392066821296	GSE62232_hep_carci
EDNRA	LHFP	0.904786101856706	GSE62232_hep_carci
FOXF1	LHFP	0.8177168334271885	GSE62232_hep_carci
GEM	LHFP	0.8522366718499015	GSE62232_hep_carci
GUCY1A3	LHFP	0.9002021251943054	GSE62232_hep_carci
ID3	LHFP	0.8016521480860689	GSE62232_hep_carci
LBH	LHFP	0.8230557733882381	GSE62232_hep_carci
CR936796	LINC00328	0.8321574893573066	GSE62232_hep_carci
AEBP1	LINC01279	0.8721759931020819	GSE62232_hep_carci
ASPN	LINC01279	0.8213181067471685	GSE62232_hep_carci
BGN	LINC01279	0.8202064481272097	GSE62232_hep_carci
CCDC80	LINC01279	0.9077395238748082	GSE62232_hep_carci
COL1A2	LINC01279	0.8045264815597922	GSE62232_hep_carci
COL3A1	LINC01279	0.8226362184714728	GSE62232_hep_carci
COL5A1	LINC01279	0.8237035007722239	GSE62232_hep_carci
COL6A2	LINC01279	0.8261673333175747	GSE62232_hep_carci
DCN	LINC01279	0.8534965726570203	GSE62232_hep_carci
EFEMP1	LINC01279	0.9069396096258039	GSE62232_hep_carci
ISLR	LINC01279	0.8095970146641233	GSE62232_hep_carci
ANLN	LMNB1	0.8307257116161854	GSE62232_hep_carci
BUB1B	LMNB1	0.846439666093015	GSE62232_hep_carci
CCNA2	LMNB1	0.8500149630321306	GSE62232_hep_carci
CCNB1	LMNB1	0.8649031680193191	GSE62232_hep_carci
CDC20	LMNB1	0.8433218656622233	GSE62232_hep_carci
CDK1	LMNB1	0.8667058141548482	GSE62232_hep_carci
CENPK	LMNB1	0.8772248839278146	GSE62232_hep_carci
DEPDC1B	LMNB1	0.8685013943726624	GSE62232_hep_carci
DLGAP5	LMNB1	0.854556352618889	GSE62232_hep_carci
DTL	LMNB1	0.8365592009769124	GSE62232_hep_carci
E2F8	LMNB1	0.8080006772047101	GSE62232_hep_carci
EZH2	LMNB1	0.8697677941981898	GSE62232_hep_carci
GINS1	LMNB1	0.851163092677544	GSE62232_hep_carci
KIF11	LMNB1	0.8029646584675926	GSE62232_hep_carci
KIF20A	LMNB1	0.8414121213229397	GSE62232_hep_carci
CAMK1D	LOC283070	0.965943992773261	GSE62232_hep_carci
AEBP1	LOXL1	0.8977290120642395	GSE62232_hep_carci
APLNR	LOXL1	0.8057153620756092	GSE62232_hep_carci
ASPN	LOXL1	0.8761390484102588	GSE62232_hep_carci
BGN	LOXL1	0.8220641631743565	GSE62232_hep_carci
CCDC80	LOXL1	0.8588077523558744	GSE62232_hep_carci
COL1A1	LOXL1	0.8476191571563587	GSE62232_hep_carci
COL1A2	LOXL1	0.8606339021021	GSE62232_hep_carci
COL3A1	LOXL1	0.8842344248379103	GSE62232_hep_carci
COL5A1	LOXL1	0.8958821696634823	GSE62232_hep_carci
COL6A2	LOXL1	0.8895216649721176	GSE62232_hep_carci
COL6A3	LOXL1	0.8554183732571683	GSE62232_hep_carci
DCN	LOXL1	0.8818619452905095	GSE62232_hep_carci
DPT	LOXL1	0.8095806610415964	GSE62232_hep_carci
EFEMP1	LOXL1	0.8896679069739303	GSE62232_hep_carci
EMILIN1	LOXL1	0.8303133415672169	GSE62232_hep_carci
FBN1	LOXL1	0.82892175881851	GSE62232_hep_carci
FNDC1	LOXL1	0.8007885230339934	GSE62232_hep_carci
GEM	LOXL1	0.8125318350673677	GSE62232_hep_carci
GUCY1A3	LOXL1	0.8532340254185405	GSE62232_hep_carci
INMT	LOXL1	0.8120469151600301	GSE62232_hep_carci
ISLR	LOXL1	0.8000521099639623	GSE62232_hep_carci
LHFP	LOXL1	0.8028504957416046	GSE62232_hep_carci
LINC01279	LOXL1	0.8236850147153196	GSE62232_hep_carci
AEBP1	LTBP2	0.8151690918825653	GSE62232_hep_carci
CCDC80	LTBP2	0.8527566835243054	GSE62232_hep_carci
COL6A2	LTBP2	0.810469915482938	GSE62232_hep_carci
DPT	LTBP2	0.8044965897798263	GSE62232_hep_carci
LOXL1	LTBP2	0.8259080120904769	GSE62232_hep_carci
AEBP1	LUM	0.9251854635919831	GSE62232_hep_carci
APLNR	LUM	0.8501232790922407	GSE62232_hep_carci
ASPN	LUM	0.8798609790227223	GSE62232_hep_carci
BGN	LUM	0.8860366640225501	GSE62232_hep_carci
C7	LUM	0.8819536387203049	GSE62232_hep_carci
CCDC80	LUM	0.9129164275798515	GSE62232_hep_carci
CCL21	LUM	0.808111475357174	GSE62232_hep_carci
COL1A1	LUM	0.8429302842882352	GSE62232_hep_carci
COL1A2	LUM	0.8589412253324094	GSE62232_hep_carci
COL3A1	LUM	0.8989177316233675	GSE62232_hep_carci
COL5A1	LUM	0.9024995723509633	GSE62232_hep_carci
COL6A2	LUM	0.8931438495672116	GSE62232_hep_carci
COL6A3	LUM	0.8395831924879681	GSE62232_hep_carci
DCN	LUM	0.9443065461430903	GSE62232_hep_carci
DPT	LUM	0.8527055501932752	GSE62232_hep_carci
EFEMP1	LUM	0.9237303012312483	GSE62232_hep_carci
EMILIN1	LUM	0.8523848867792128	GSE62232_hep_carci
FBLN5	LUM	0.8539826471105594	GSE62232_hep_carci
FBN1	LUM	0.8777656627209725	GSE62232_hep_carci
FNDC1	LUM	0.8256415654075308	GSE62232_hep_carci
GEM	LUM	0.8243700966922348	GSE62232_hep_carci
GUCY1A3	LUM	0.8521165193403971	GSE62232_hep_carci
HGF	LUM	0.8223996704016691	GSE62232_hep_carci
INMT	LUM	0.8636952403301299	GSE62232_hep_carci
ISLR	LUM	0.8395012610151171	GSE62232_hep_carci
LINC01279	LUM	0.8937872989197442	GSE62232_hep_carci
LOXL1	LUM	0.8906248329785542	GSE62232_hep_carci
LTBP2	LUM	0.8259785526262248	GSE62232_hep_carci
AEBP1	LXN	0.8005965046405679	GSE62232_hep_carci
ASPN	LXN	0.8084459156942774	GSE62232_hep_carci
COL15A1	LXN	0.8216077350440675	GSE62232_hep_carci
COL1A2	LXN	0.8111353839139551	GSE62232_hep_carci
COL3A1	LXN	0.8392052836344105	GSE62232_hep_carci
COL4A1	LXN	0.8100058104845606	GSE62232_hep_carci
COL4A2	LXN	0.8006755339577614	GSE62232_hep_carci
COL5A1	LXN	0.8281128725577557	GSE62232_hep_carci
COL6A2	LXN	0.8470784104372908	GSE62232_hep_carci
COL6A3	LXN	0.8584798943240405	GSE62232_hep_carci
CRIP1	LXN	0.8673814748475172	GSE62232_hep_carci
EFEMP1	LXN	0.8057631636529001	GSE62232_hep_carci
GEM	LXN	0.8132449321410979	GSE62232_hep_carci
GUCY1A3	LXN	0.8700200467882947	GSE62232_hep_carci
ID3	LXN	0.8044825551919186	GSE62232_hep_carci
KCTD12	LXN	0.8077579593600653	GSE62232_hep_carci
LBH	LXN	0.8823832052821787	GSE62232_hep_carci
LHFP	LXN	0.8338944089869883	GSE62232_hep_carci
LOXL1	LXN	0.8525665763782801	GSE62232_hep_carci
LUM	LXN	0.8299386626051756	GSE62232_hep_carci
MAGEA1	MAGEA12	0.82268139742305	GSE62232_hep_carci
MAGEA12	MAGEA6	0.8585341925324429	GSE62232_hep_carci
ANLN	MCM2	0.8162636152885961	GSE62232_hep_carci
BUB1B	MCM2	0.86736537965673155	GSE62232_hep_carci
CCNA2	MCM2	0.8192356130255202	GSE62232_hep_carci
CCNB1	MCM2	0.8128486581456856	GSE62232_hep_carci
CDC20	MCM2	0.8163982332248167	GSE62232_hep_carci
CDC6	MCM2	0.8214487393469687	GSE62232_hep_carci
CDK1	MCM2	0.8247868569411435	GSE62232_hep_carci
DLGAP5	MCM2	0.8174789748546607	GSE62232_hep_carci
DTL	MCM2	0.8540946775657704	GSE62232_hep_carci
E2F8	MCM2	0.8443522922890039	GSE62232_hep_carci
EZH2	MCM2	0.8242147439673044	GSE62232_hep_carci
FOXM1	MCM2	0.8035732934394567	GSE62232_hep_carci
GINS1	MCM2	0.8730735245937198	GSE62232_hep_carci
HELLS	MCM2	0.8398848186839154	GSE62232_hep_carci
KIAA0101	MCM2	0.8026537193077607	GSE62232_hep_carci
KIF20A	MCM2	0.8069996243320909	GSE62232_hep_carci
KNTC1	MCM2	0.8430152805358285	GSE62232_hep_carci
LMNB1	MCM2	0.8054680354208089	GSE62232_hep_carci
BUB1B	MCM3	0.8000824467230729	GSE62232_hep_carci
CDC6	MCM3	0.8053102350502405	GSE62232_hep_carci
DTL	MCM3	0.8352022503269472	GSE62232_hep_carci
GINS1	MCM3	0.8384094628200887	GSE62232_hep_carci
MCM2	MCM3	0.8542236024844722	GSE62232_hep_carci
ANLN	MELK	0.8906970886124538	GSE62232_hep_carci
ASPM	MELK	0.8535774240262257	GSE62232_hep_carci
BUB1B	MELK	0.8927692064424315	GSE62232_hep_carci
CCNA2	MELK	0.8757008932410938	GSE62232_hep_carci
CCNB1	MELK	0.8693138240374885	GSE62232_hep_carci
CDC20	MELK	0.8838390170249656	GSE62232_hep_carci
CDC6	MELK	0.8267901515549592	GSE62232_hep_carci
CDK1	MELK	0.9004393117394203	GSE62232_hep_carci
CDKN3	MELK	0.8696428033537658	GSE62232_hep_carci
CENPK	MELK	0.8256205549101531	GSE62232_hep_carci
CENPL	MELK	0.8364786293009187	GSE62232_hep_carci
CEP55	MELK	0.8558083264452035	GSE62232_hep_carci
DEPDC1	MELK	0.8572219156005878	GSE62232_hep_carci
DLGAP5	MELK	0.8843881711595911	GSE62232_hep_carci
DTL	MELK	0.8694662837213445	GSE62232_hep_carci
E2F8	MELK	0.8423118159164489	GSE62232_hep_carci
EZH2	MELK	0.865538627594046	GSE62232_hep_carci
FOXM1	MELK	0.8547049926856272	GSE62232_hep_carci
GINS1	MELK	0.8347838894451979	GSE62232_hep_carci
KIAA0101	MELK	0.8555489117273275	GSE62232_hep_carci
KIF14	MELK	0.8279896594882877	GSE62232_hep_carci
KIF20A	MELK	0.8849058264496357	GSE62232_hep_carci
KIF4A	MELK	0.8875195637795921	GSE62232_hep_carci
LMNB1	MELK	0.8123383615649709	GSE62232_hep_carci
MCM2	MELK	0.8104049982465918	GSE62232_hep_carci
AEBP1	MFAP4	0.8588559217519308	GSE62232_hep_carci
C7	MFAP4	0.8235146418419401	GSE62232_hep_carci
CCDC80	MFAP4	0.8365926096236449	GSE62232_hep_carci
DCN	MFAP4	0.8478885698778048	GSE62232_hep_carci
DPT	MFAP4	0.8359344257078783	GSE62232_hep_carci
EFEMP1	MFAP4	0.8334860854250616	GSE62232_hep_carci
INMT	MFAP4	0.8373347552512576	GSE62232_hep_carci
ISLR	MFAP4	0.8619960629811773	GSE62232_hep_carci
LINC01279	MFAP4	0.8240354683334636	GSE62232_hep_carci
LOXL1	MFAP4	0.804335676124811	GSE62232_hep_carci
LUM	MFAP4	0.8238117593870852	GSE62232_hep_carci
AEBP1	MGP	0.8810970472606646	GSE62232_hep_carci
ASPN	MGP	0.9141677915484392	GSE62232_hep_carci
BGN	MGP	0.9001772874616605	GSE62232_hep_carci
CCDC102B	MGP	0.8095025783630345	GSE62232_hep_carci
CCDC80	MGP	0.8674736891864079	GSE62232_hep_carci
COL1A1	MGP	0.8275235164024345	GSE62232_hep_carci
COL1A2	MGP	0.8646295611181039	GSE62232_hep_carci
COL3A1	MGP	0.8956604226149569	GSE62232_hep_carci
COL5A1	MGP	0.8798626878136114	GSE62232_hep_carci
COL6A2	MGP	0.8746118324293186	GSE62232_hep_carci
COL6A3	MGP	0.8480280061068138	GSE62232_hep_carci
DCN	MGP	0.8961234012617442	GSE62232_hep_carci
EDNRA	MGP	0.8375218084449436	GSE62232_hep_carci
EFEMP1	MGP	0.8761412209258209	GSE62232_hep_carci
EMILIN1	MGP	0.832608464237928	GSE62232_hep_carci
FBN1	MGP	0.8396174220294831	GSE62232_hep_carci
GEM	MGP	0.8286351615451262	GSE62232_hep_carci
GUCY1A3	MGP	0.8829454480714867	GSE62232_hep_carci
ID3	MGP	0.8235901963779766	GSE62232_hep_carci
ISLR	MGP	0.8050190132530218	GSE62232_hep_carci
LHFP	MGP	0.8763833057025244	GSE62232_hep_carci
LINC01279	MGP	0.8620470025913519	GSE62232_hep_carci
LOXL1	MGP	0.8789826098025458	GSE62232_hep_carci
LUM	MGP	0.886863299664598	GSE62232_hep_carci
LXN	MGP	0.8107562025855849	GSE62232_hep_carci
MFAP4	MGP	0.8171922135953782	GSE62232_hep_carci
AK021804	MIR100HG	0.8643948438972261	GSE62232_hep_carci
C16orf54	MNDA	0.8498562051517745	GSE62232_hep_carci
CD2	MNDA	0.8311263154542037	GSE62232_hep_carci
CD52	MNDA	0.8138673995602804	GSE62232_hep_carci
CORO1A	MNDA	0.8387407040556989	GSE62232_hep_carci
CSF2RB	MNDA	0.8239977849956015	GSE62232_hep_carci
CYTIP	MNDA	0.8424248215765096	GSE62232_hep_carci
EVI2A	MNDA	0.8739080919846749	GSE62232_hep_carci
EVI2B	MNDA	0.8774280206479378	GSE62232_hep_carci
FGL2	MNDA	0.8536747493994213	GSE62232_hep_carci
GIMAP4	MNDA	0.8178742049660876	GSE62232_hep_carci
GLIPR1	MNDA	0.8226077938791025	GSE62232_hep_carci
HCLS1	MNDA	0.8813917212645904	GSE62232_hep_carci
KCTD12	MNDA	0.8561939970652507	GSE62232_hep_carci
LAPTM5	MNDA	0.861356760218991	GSE62232_hep_carci
C1QA	MPEG1	0.9053778622019457	GSE62232_hep_carci
C1QB	MPEG1	0.911027046791217	GSE62232_hep_carci
C1QC	MPEG1	0.9180155714665931	GSE62232_hep_carci
C1orf162	MPEG1	0.8357538167352986	GSE62232_hep_carci
CD163	MPEG1	0.8485320686540199	GSE62232_hep_carci
CLIC2	MPEG1	0.8262055733580906	GSE62232_hep_carci
EPB41L3	MPEG1	0.8843619616986532	GSE62232_hep_carci
EVI2A	MPEG1	0.8872787257740888	GSE62232_hep_carci
EVI2B	MPEG1	0.9251811542363354	GSE62232_hep_carci
FCER1G	MPEG1	0.8644632392515805	GSE62232_hep_carci
FGL2	MPEG1	0.940650406504065	GSE62232_hep_carci
GGTA1P	MPEG1	0.8795659024875462	GSE62232_hep_carci
GIMAP4	MPEG1	0.8206700803749764	GSE62232_hep_carci
HCLS1	MPEG1	0.8865626652366619	GSE62232_hep_carci
HLA-DMB	MPEG1	0.8725862205814185	GSE62232_hep_carci
HLA-DPA1	MPEG1	0.9024616079494128	GSE62232_hep_carci
HLA-DRA	MPEG1	0.8897922312556459	GSE62232_hep_carci
IGSF6	MPEG1	0.863637908041654	GSE62232_hep_carci
IL10RA	MPEG1	0.8269366575100434	GSE62232_hep_carci
KCTD12	MPEG1	0.8426151761517615	GSE62232_hep_carci
LAPTM5	MPEG1	0.8912149954832882	GSE62232_hep_carci
C1QA	MS4A4A	0.896716822760841	GSE62232_hep_carci
C1QB	MS4A4A	0.8990683770188943	GSE62232_hep_carci
C1QC	MS4A4A	0.9018343599644637	GSE62232_hep_carci
CD163	MS4A4A	0.8850948509485095	GSE62232_hep_carci
EPB41L3	MS4A4A	0.888122272915335	GSE62232_hep_carci
EVI2A	MS4A4A	0.8598989486646672	GSE62232_hep_carci
EVI2B	MS4A4A	0.8428459497050731	GSE62232_hep_carci
FCER1G	MS4A4A	0.8259126684432193	GSE62232_hep_carci
FGL2	MS4A4A	0.8502484191508582	GSE62232_hep_carci
GGTA1P	MS4A4A	0.897917012976495	GSE62232_hep_carci
GPR34	MS4A4A	0.8991957934267337	GSE62232_hep_carci
HCLS1	MS4A4A	0.8145513276208908	GSE62232_hep_carci
HLA-DMB	MS4A4A	0.8758836436302955	GSE62232_hep_carci
HLA-DPA1	MS4A4A	0.8594173441734417	GSE62232_hep_carci
HLA-DRA	MS4A4A	0.8609756097560975	GSE62232_hep_carci
KCTD12	MS4A4A	0.8041102077687443	GSE62232_hep_carci
LAPTM5	MS4A4A	0.8720867208672086	GSE62232_hep_carci
MPEG1	MS4A4A	0.8892502258355917	GSE62232_hep_carci
C1QA	MS4A6A	0.8689043845034213	GSE62232_hep_carci
C1QB	MS4A6A	0.8735249294032251	GSE62232_hep_carci
C1QC	MS4A6A	0.8788667506167096	GSE62232_hep_carci
C1orf162	MS4A6A	0.829700739339275	GSE62232_hep_carci
CD163	MS4A6A	0.8989837398373983	GSE62232_hep_carci
EPB41L3	MS4A6A	0.8423097125367223	GSE62232_hep_carci
EVI2A	MS4A6A	0.8243978597806277	GSE62232_hep_carci
EVI2B	MS4A6A	0.8218499078362641	GSE62232_hep_carci
FGL2	MS4A6A	0.8409214092140921	GSE62232_hep_carci
GGTA1P	MS4A6A	0.8210456227621723	GSE62232_hep_carci
GIMAP4	MS4A6A	0.8050732265801942	GSE62232_hep_carci
GPR34	MS4A6A	0.8134714972065	GSE62232_hep_carci
HCLS1	MS4A6A	0.8452213594484639	GSE62232_hep_carci
HLA-DMB	MS4A6A	0.8004833227489541	GSE62232_hep_carci
HLA-DRA	MS4A6A	0.8074751580849142	GSE62232_hep_carci
KCTD12	MS4A6A	0.858739837398374	GSE62232_hep_carci
LAPTM5	MS4A6A	0.8209123757904245	GSE62232_hep_carci
MPEG1	MS4A6A	0.8630984643179765	GSE62232_hep_carci
MS4A4A	MS4A6A	0.9034101174345077	GSE62232_hep_carci
C1QA	MS4A7	0.8982068048859536	GSE62232_hep_carci
C1QB	MS4A7	0.9060070363853848	GSE62232_hep_carci
C1QC	MS4A7	0.9100035004911979	GSE62232_hep_carci
CD163	MS4A7	0.847701263006188	GSE62232_hep_carci
EPB41L3	MS4A7	0.8684165956471482	GSE62232_hep_carci
EVI2A	MS4A7	0.8189694502758839	GSE62232_hep_carci
EVI2B	MS4A7	0.8477863307919562	GSE62232_hep_carci
FGL2	MS4A7	0.8939752370018104	GSE62232_hep_carci
GGTA1P	MS4A7	0.8764878644932595	GSE62232_hep_carci
GIMAP4	MS4A7	0.8059361120030001	GSE62232_hep_carci
HCLS1	MS4A7	0.8266275204638585	GSE62232_hep_carci
HLA-DMB	MS4A7	0.8543422919017573	GSE62232_hep_carci
HLA-DPA1	MS4A7	0.8430490235512841	GSE62232_hep_carci
HLA-DRA	MS4A7	0.8550974203920183	GSE62232_hep_carci
KCTD12	MS4A7	0.8136111879713457	GSE62232_hep_carci
LAPTM5	MS4A7	0.8346140165784364	GSE62232_hep_carci
MPEG1	MS4A7	0.894799541565422	GSE62232_hep_carci
MS4A4A	MS4A7	0.8944269107352961	GSE62232_hep_carci
MS4A6A	MS4A7	0.8806056944906301	GSE62232_hep_carci
MT1E	MT1F	0.9751861742825609	GSE62232_hep_carci
MT1E	MT1G	0.9579268292682926	GSE62232_hep_carci
MT1F	MT1G	0.9722615868582402	GSE62232_hep_carci
MT1E	MT1H	0.9738366513341189	GSE62232_hep_carci
MT1F	MT1H	0.9798607700151094	GSE62232_hep_carci
MT1G	MT1H	0.9827798417501182	GSE62232_hep_carci
MT1E	MT1HL1	0.9694670280036134	GSE62232_hep_carci
MT1F	MT1HL1	0.9726116340016917	GSE62232_hep_carci
MT1G	MT1HL1	0.978048780487805	GSE62232_hep_carci
MT1H	MT1HL1	0.9930554772028448	GSE62232_hep_carci
MT1E	MT1M	0.8675877926080152	GSE62232_hep_carci
MT1F	MT1M	0.8783793696175783	GSE62232_hep_carci
MT1G	MT1M	0.8400106849323266	GSE62232_hep_carci
MT1H	MT1M	0.8421910864472814	GSE62232_hep_carci
MT1HL1	MT1M	0.8178947265011468	GSE62232_hep_carci
MT1E	MT1X	0.9383468834688347	GSE62232_hep_carci
MT1F	MT1X	0.9478712052500058	GSE62232_hep_carci
MT1G	MT1X	0.95483288166215	GSE62232_hep_carci
MT1H	MT1X	0.9785340846839367	GSE62232_hep_carci
MT1HL1	MT1X	0.9806233062330623	GSE62232_hep_carci
MT1E	MT2A	0.9663956639566396	GSE62232_hep_carci
MT1F	MT2A	0.9700709692508339	GSE62232_hep_carci
MT1G	MT2A	0.9793812104787714	GSE62232_hep_carci
MT1H	MT2A	0.9934732777652086	GSE62232_hep_carci
MT1HL1	MT2A	0.9920957542908763	GSE62232_hep_carci
MT1M	MT2A	0.8182452350447903	GSE62232_hep_carci
MT1X	MT2A	0.9729448961156277	GSE62232_hep_carci
AASS	MTHFD1	0.8052597703739479	GSE62232_hep_carci
ALDH6A1	MTHFD1	0.807337481278675	GSE62232_hep_carci
AEBP1	MXRA5	0.8535210770969345	GSE62232_hep_carci
APLNR	MXRA5	0.8291961186156594	GSE62232_hep_carci
ASPN	MXRA5	0.8323383506490812	GSE62232_hep_carci
BGN	MXRA5	0.8495160165197732	GSE62232_hep_carci
C11orf96	MXRA5	0.8051492473487148	GSE62232_hep_carci
CCDC80	MXRA5	0.8171092031702215	GSE62232_hep_carci
COL1A2	MXRA5	0.8148914607932691	GSE62232_hep_carci
COL3A1	MXRA5	0.8789892517205722	GSE62232_hep_carci
COL5A1	MXRA5	0.865964092584305	GSE62232_hep_carci
COL6A2	MXRA5	0.8721321211085044	GSE62232_hep_carci
COL6A3	MXRA5	0.8535414949600942	GSE62232_hep_carci
DCN	MXRA5	0.84078362448826	GSE62232_hep_carci
EMILIN1	MXRA5	0.8505176833424194	GSE62232_hep_carci
FBN1	MXRA5	0.8143605132829443	GSE62232_hep_carci
FOXF1	MXRA5	0.8272126286367656	GSE62232_hep_carci
GEM	MXRA5	0.8011727993696702	GSE62232_hep_carci
LOXL1	MXRA5	0.8045006573949052	GSE62232_hep_carci
LUM	MXRA5	0.8716073587650045	GSE62232_hep_carci
LXN	MXRA5	0.8065883183600486	GSE62232_hep_carci
MGP	MXRA5	0.8026108348081628	GSE62232_hep_carci
ACSS3	NADK2	0.8035230352303523	GSE62232_hep_carci
ANLN	NCAPG	0.8989001310478716	GSE62232_hep_carci
ASPM	NCAPG	0.8113983086410435	GSE62232_hep_carci
AURKA	NCAPG	0.823368000480992	GSE62232_hep_carci
BUB1B	NCAPG	0.9182576428727129	GSE62232_hep_carci
CCNA2	NCAPG	0.909064218757756	GSE62232_hep_carci
CCNB1	NCAPG	0.9217392287602779	GSE62232_hep_carci
CDC20	NCAPG	0.9015434509215976	GSE62232_hep_carci
CDC6	NCAPG	0.8654692084730384	GSE62232_hep_carci
CDK1	NCAPG	0.922564435903851	GSE62232_hep_carci
CDKN3	NCAPG	0.8521130342440698	GSE62232_hep_carci
CENPK	NCAPG	0.8363157432281905	GSE62232_hep_carci
CENPL	NCAPG	0.8271327503769816	GSE62232_hep_carci
CEP55	NCAPG	0.8330286949169374	GSE62232_hep_carci
DEPDC1	NCAPG	0.8599288577720061	GSE62232_hep_carci
DEPDC1B	NCAPG	0.825926897563009	GSE62232_hep_carci
DLGAP5	NCAPG	0.9061979564282159	GSE62232_hep_carci
DTL	NCAPG	0.8532518788664808	GSE62232_hep_carci
E2F8	NCAPG	0.8384713054960047	GSE62232_hep_carci
EZH2	NCAPG	0.8430757023004848	GSE62232_hep_carci
FOXM1	NCAPG	0.8800066150961632	GSE62232_hep_carci
GINS1	NCAPG	0.8731279385687933	GSE62232_hep_carci
HMMR	NCAPG	0.868796368662231	GSE62232_hep_carci
KIAA0101	NCAPG	0.8687801714214759	GSE62232_hep_carci
KIF11	NCAPG	0.8095644066437176	GSE62232_hep_carci
KIF14	NCAPG	0.8453342819044918	GSE62232_hep_carci
KIF20A	NCAPG	0.9278542275643106	GSE62232_hep_carci
KIF4A	NCAPG	0.9089286954680538	GSE62232_hep_carci
LMNB1	NCAPG	0.8221583563658675	GSE62232_hep_carci
MCM2	NCAPG	0.8144998732813139	GSE62232_hep_carci
MELK	NCAPG	0.8965571803038558	GSE62232_hep_carci
EVI2A	NCF2	0.801400897618394	GSE62232_hep_carci
ANLN	NDC80	0.8183548294591257	GSE62232_hep_carci
BUB1B	NDC80	0.8141279064942871	GSE62232_hep_carci
CCNA2	NDC80	0.8454280164633557	GSE62232_hep_carci
CDC20	NDC80	0.8008110813206889	GSE62232_hep_carci
CDK1	NDC80	0.8102772717769499	GSE62232_hep_carci
CDKN3	NDC80	0.8242136884883031	GSE62232_hep_carci
DLGAP5	NDC80	0.8480429270798784	GSE62232_hep_carci
HMMR	NDC80	0.8163917687633465	GSE62232_hep_carci
KIF4A	NDC80	0.8404642917566587	GSE62232_hep_carci
MELK	NDC80	0.8044536570435205	GSE62232_hep_carci
NCAPG	NDC80	0.839105522662905	GSE62232_hep_carci
ANLN	NEK2	0.9367165802516049	GSE62232_hep_carci
ASPM	NEK2	0.8566992273433871	GSE62232_hep_carci
AURKA	NEK2	0.8273389427445232	GSE62232_hep_carci
BUB1B	NEK2	0.9047145809829786	GSE62232_hep_carci
CCNA2	NEK2	0.9019931125457114	GSE62232_hep_carci
CCNB1	NEK2	0.91304789777089	GSE62232_hep_carci
CDC20	NEK2	0.8685089014493097	GSE62232_hep_carci
CDC6	NEK2	0.8209697740043387	GSE62232_hep_carci
CDK1	NEK2	0.8963305509254876	GSE62232_hep_carci
CDKN3	NEK2	0.8863594028755071	GSE62232_hep_carci
CENPK	NEK2	0.8159039795241271	GSE62232_hep_carci
CENPL	NEK2	0.8797140647108385	GSE62232_hep_carci
DEPDC1	NEK2	0.8064661842988302	GSE62232_hep_carci
DLGAP5	NEK2	0.9101038705923532	GSE62232_hep_carci
DTL	NEK2	0.8705768770668313	GSE62232_hep_carci
E2F8	NEK2	0.8505044550552375	GSE62232_hep_carci
EZH2	NEK2	0.8260962964872386	GSE62232_hep_carci
FOXM1	NEK2	0.8440174733303124	GSE62232_hep_carci
GINS1	NEK2	0.857752790841244	GSE62232_hep_carci
HMMR	NEK2	0.8418948684552676	GSE62232_hep_carci
KIAA0101	NEK2	0.8062288631669433	GSE62232_hep_carci
KIF11	NEK2	0.8092661476099752	GSE62232_hep_carci
KIF14	NEK2	0.91948934861353	GSE62232_hep_carci
KIF20A	NEK2	0.9227810954673817	GSE62232_hep_carci
KIF4A	NEK2	0.9001615402972807	GSE62232_hep_carci
MELK	NEK2	0.8571961014462826	GSE62232_hep_carci
NCAPG	NEK2	0.9094101839637205	GSE62232_hep_carci
NDC80	NEK2	0.8158752266811348	GSE62232_hep_carci
APLNR	NGFR	0.8174287840467978	GSE62232_hep_carci
DCN	NGFR	0.8022786237457464	GSE62232_hep_carci
COL4A1	NID2	0.8898124271076268	GSE62232_hep_carci
COL4A2	NID2	0.8468192817375545	GSE62232_hep_carci
ANLN	NUF2	0.9201008179009941	GSE62232_hep_carci
ASPM	NUF2	0.8793868625013521	GSE62232_hep_carci
AURKA	NUF2	0.825286829036623	GSE62232_hep_carci
BUB1B	NUF2	0.9111808548018778	GSE62232_hep_carci
CCNA2	NUF2	0.8925855756265331	GSE62232_hep_carci
CCNB1	NUF2	0.8728771861873675	GSE62232_hep_carci
CDC20	NUF2	0.8595956940237065	GSE62232_hep_carci
CDC6	NUF2	0.8234787265444274	GSE62232_hep_carci
CDK1	NUF2	0.896524307468463	GSE62232_hep_carci
CDKN3	NUF2	0.8769862542573135	GSE62232_hep_carci
CENPK	NUF2	0.8087082889228103	GSE62232_hep_carci
CENPL	NUF2	0.9137362396465663	GSE62232_hep_carci
CEP55	NUF2	0.8272396649622962	GSE62232_hep_carci
DLGAP5	NUF2	0.9017678728623709	GSE62232_hep_carci
DTL	NUF2	0.8808778211640406	GSE62232_hep_carci
E2F8	NUF2	0.8622470418368972	GSE62232_hep_carci
EZH2	NUF2	0.8409400396654899	GSE62232_hep_carci
FOXM1	NUF2	0.8309989399197891	GSE62232_hep_carci
GINS1	NUF2	0.8730482870015803	GSE62232_hep_carci
HMMR	NUF2	0.8142521172500313	GSE62232_hep_carci
KIAA0101	NUF2	0.8056480645974019	GSE62232_hep_carci
KIF11	NUF2	0.8309048740096447	GSE62232_hep_carci
KIF14	NUF2	0.9331523933944453	GSE62232_hep_carci
KIF20A	NUF2	0.8974936849772439	GSE62232_hep_carci
KIF4A	NUF2	0.9059528739579527	GSE62232_hep_carci
LMNB1	NUF2	0.8036955300739477	GSE62232_hep_carci
MELK	NUF2	0.870947129818068	GSE62232_hep_carci
NCAPG	NUF2	0.8936453824396604	GSE62232_hep_carci
NDC80	NUF2	0.8343111050423476	GSE62232_hep_carci
NEK2	NUF2	0.9509944154264058	GSE62232_hep_carci
ANLN	NUSAP1	0.8699334339566632	GSE62232_hep_carci
ASPM	NUSAP1	0.8400566850669405	GSE62232_hep_carci
BUB1B	NUSAP1	0.91203741005701	GSE62232_hep_carci
CCNA2	NUSAP1	0.8637356805449347	GSE62232_hep_carci
CCNB1	NUSAP1	0.8245463476852194	GSE62232_hep_carci
CDC20	NUSAP1	0.8085137850387439	GSE62232_hep_carci
CDC6	NUSAP1	0.8015832725391578	GSE62232_hep_carci
CDK1	NUSAP1	0.8510614272809395	GSE62232_hep_carci
CDKN3	NUSAP1	0.8239159891598916	GSE62232_hep_carci
CENPL	NUSAP1	0.8398414571104144	GSE62232_hep_carci
DLGAP5	NUSAP1	0.8824599276412785	GSE62232_hep_carci
DTL	NUSAP1	0.8179631658512199	GSE62232_hep_carci
E2F8	NUSAP1	0.8493079315053184	GSE62232_hep_carci
EZH2	NUSAP1	0.8136251890474728	GSE62232_hep_carci
FOXM1	NUSAP1	0.8684086389769314	GSE62232_hep_carci
GINS1	NUSAP1	0.8426652414372403	GSE62232_hep_carci
KIAA0101	NUSAP1	0.8327913279132791	GSE62232_hep_carci
KIF14	NUSAP1	0.872614557913539	GSE62232_hep_carci
KIF20A	NUSAP1	0.833513129043764	GSE62232_hep_carci
KIF4A	NUSAP1	0.8267457559071747	GSE62232_hep_carci
MELK	NUSAP1	0.8098566957653331	GSE62232_hep_carci
NCAPG	NUSAP1	0.842718008409651	GSE62232_hep_carci
NEK2	NUSAP1	0.8658637814590692	GSE62232_hep_carci
NUF2	NUSAP1	0.8573351990033001	GSE62232_hep_carci
ANLN	OIP5	0.8331347605220342	GSE62232_hep_carci
ASPM	OIP5	0.8173731843858171	GSE62232_hep_carci
BUB1B	OIP5	0.8722957417550262	GSE62232_hep_carci
CCNA2	OIP5	0.8100195367485151	GSE62232_hep_carci
CDK1	OIP5	0.8148044089147604	GSE62232_hep_carci
CDKN3	OIP5	0.8158323323507916	GSE62232_hep_carci
CENPL	OIP5	0.8004439874441766	GSE62232_hep_carci
CENPW	OIP5	0.8080229872291512	GSE62232_hep_carci
DEPDC1	OIP5	0.8040621510431111	GSE62232_hep_carci
DLGAP5	OIP5	0.8355402978227975	GSE62232_hep_carci
MELK	OIP5	0.8216105612105074	GSE62232_hep_carci
NUSAP1	OIP5	0.8879112273542586	GSE62232_hep_carci
C1QA	P2RY13	0.806149233125255	GSE62232_hep_carci
C1QB	P2RY13	0.80599684828145	GSE62232_hep_carci
C1QC	P2RY13	0.8090970287414386	GSE62232_hep_carci
C1orf162	P2RY13	0.8188229644387444	GSE62232_hep_carci
EVI2B	P2RY13	0.8313989696621745	GSE62232_hep_carci
FGL2	P2RY13	0.8494468051481893	GSE62232_hep_carci
HCLS1	P2RY13	0.8222410712141962	GSE62232_hep_carci
MPEG1	P2RY13	0.8624067472264955	GSE62232_hep_carci
MS4A6A	P2RY13	0.8053129483409849	GSE62232_hep_carci
ANLN	PBK	0.864073032599182	GSE62232_hep_carci
BUB1B	PBK	0.8345589545601195	GSE62232_hep_carci
CCNA2	PBK	0.8482112349482979	GSE62232_hep_carci
CCNB1	PBK	0.859985115169696	GSE62232_hep_carci
CDC20	PBK	0.8042014528795897	GSE62232_hep_carci
CDK1	PBK	0.8296889727323897	GSE62232_hep_carci
CDKN3	PBK	0.8510809180944985	GSE62232_hep_carci
DLGAP5	PBK	0.8585937325673794	GSE62232_hep_carci
E2F8	PBK	0.8182871774958136	GSE62232_hep_carci
KIF20A	PBK	0.8454694887528759	GSE62232_hep_carci
KIF4A	PBK	0.8206754749299155	GSE62232_hep_carci
NCAPG	PBK	0.8343546011682268	GSE62232_hep_carci
NDC80	PBK	0.8004078061241061	GSE62232_hep_carci
NEK2	PBK	0.8622160141784079	GSE62232_hep_carci
NUF2	PBK	0.8244756422466778	GSE62232_hep_carci
NUSAP1	PBK	0.8150286004620534	GSE62232_hep_carci
FCER1G	PLA2G7	0.8066760566643906	GSE62232_hep_carci
GPNMB	PLA2G7	0.8470152599293493	GSE62232_hep_carci
IGSF6	PLA2G7	0.8169259923348718	GSE62232_hep_carci
LAPTM5	PLA2G7	0.8200787380490958	GSE62232_hep_carci
FAM129A	PLAGL1	0.8442350364026543	GSE62232_hep_carci
KCTD12	PLAGL1	0.8159059601439337	GSE62232_hep_carci
ASPN	PLAT	0.8193159127887961	GSE62232_hep_carci
BGN	PLAT	0.8229368080672342	GSE62232_hep_carci
CALCRL	PLAT	0.8149855095456546	GSE62232_hep_carci
COL3A1	PLAT	0.8152226931663268	GSE62232_hep_carci
COL5A1	PLAT	0.8058482929207145	GSE62232_hep_carci
COL6A2	PLAT	0.8260540785103535	GSE62232_hep_carci
DCN	PLAT	0.8265284457516978	GSE62232_hep_carci
FBN1	PLAT	0.8053965145956247	GSE62232_hep_carci
GUCY1A3	PLAT	0.8103660761716119	GSE62232_hep_carci
ID3	PLAT	0.8319524785677893	GSE62232_hep_carci
LHFP	PLAT	0.816440419303251	GSE62232_hep_carci
LUM	PLAT	0.8185656393183359	GSE62232_hep_carci
MGP	PLAT	0.8325991859069776	GSE62232_hep_carci
MXRA5	PLAT	0.80311301096164045	GSE62232_hep_carci
FCER1G	PLTP	0.8097286935806871	GSE62232_hep_carci
HCLS1	PLTP	0.8180329537146257	GSE62232_hep_carci
KCTD12	PLTP	0.8166362729289499	GSE62232_hep_carci
LAPTM5	PLTP	0.816658858145857	GSE62232_hep_carci
COL15A1	PODXL	0.8162245486172802	GSE62232_hep_carci
AEBP1	PPP1R14A	0.8167457814160275	GSE62232_hep_carci
COL5A1	PPP1R14A	0.8020045755437334	GSE62232_hep_carci
COL6A2	PPP1R14A	0.8173258334076307	GSE62232_hep_carci
ANLN	PRC1	0.9142768426022693	GSE62232_hep_carci
ASPM	PRC1	0.8717554941238511	GSE62232_hep_carci
AURKA	PRC1	0.8019163571961343	GSE62232_hep_carci
BUB1B	PRC1	0.9475170271367032	GSE62232_hep_carci
CCNA2	PRC1	0.9201386750061864	GSE62232_hep_carci
CCNB1	PRC1	0.8604451585091308	GSE62232_hep_carci
CDC20	PRC1	0.8431375992159488	GSE62232_hep_carci
CDC6	PRC1	0.8523236777154719	GSE62232_hep_carci
CDK1	PRC1	0.9192131375979017	GSE62232_hep_carci
CDKN3	PRC1	0.8889491178342361	GSE62232_hep_carci
CENPK	PRC1	0.8262180525184092	GSE62232_hep_carci
CENPL	PRC1	0.8653077359632292	GSE62232_hep_carci
CEP55	PRC1	0.8463075246943293	GSE62232_hep_carci
DEPDC1B	PRC1	0.8153276634655987	GSE62232_hep_carci
DLGAP5	PRC1	0.9110228952541272	GSE62232_hep_carci
DTL	PRC1	0.8678249197938047	GSE62232_hep_carci
E2F8	PRC1	0.897236564536122	GSE62232_hep_carci
EZH2	PRC1	0.8602432987663141	GSE62232_hep_carci
FOXM1	PRC1	0.907713737483395	GSE62232_hep_carci
GINS1	PRC1	0.8898621544810141	GSE62232_hep_carci
HELLS	PRC1	0.8283081528600257	GSE62232_hep_carci
KIAA0101	PRC1	0.8682272983318756	GSE62232_hep_carci
KIF11	PRC1	0.8587575789931604	GSE62232_hep_carci
KIF14	PRC1	0.8829162534981116	GSE62232_hep_carci
KIF15	PRC1	0.8182912790114831	GSE62232_hep_carci
KIF20A	PRC1	0.8692965993223046	GSE62232_hep_carci
KIF4A	PRC1	0.8893670768876664	GSE62232_hep_carci
KNTC1	PRC1	0.8020881523071439	GSE62232_hep_carci
LMNB1	PRC1	0.8152964428957017	GSE62232_hep_carci
MCM2	PRC1	0.8650464715003509	GSE62232_hep_carci
MCM3	PRC1	0.8082869372275697	GSE62232_hep_carci
MELK	PRC1	0.8623550153229778	GSE62232_hep_carci
NCAPG	PRC1	0.8927234441172492	GSE62232_hep_carci
NEK2	PRC1	0.8999542629990424	GSE62232_hep_carci
NUF2	PRC1	0.8977660051320617	GSE62232_hep_carci
NUSAP1	PRC1	0.9203988547901348	GSE62232_hep_carci
OIP5	PRC1	0.8786460242075295	GSE62232_hep_carci
PBK	PRC1	0.8478572857931169	GSE62232_hep_carci
PSMB8	PSMB9	0.8242129274657123	GSE62232_hep_carci
KCTD12	PTGDS	0.8055103884372178	GSE62232_hep_carci
ADAMDEC1	PTPRC	0.803350810843728	GSE62232_hep_carci
C16orf54	PTPRC	0.896361275525957	GSE62232_hep_carci
C1QA	PTPRC	0.8330632643129828	GSE62232_hep_carci
C1QB	PTPRC	0.8624244833350541	GSE62232_hep_carci
C1QC	PTPRC	0.8527148414478807	GSE62232_hep_carci
C1orf162	PTPRC	0.8309542684268844	GSE62232_hep_carci
CCL5	PTPRC	0.8689701897018971	GSE62232_hep_carci
CD2	PTPRC	0.9183978981468421	GSE62232_hep_carci
CD52	PTPRC	0.9240732167844857	GSE62232_hep_carci
CD69	PTPRC	0.8638147052359729	GSE62232_hep_carci
CD8A	PTPRC	0.8358442655784711	GSE62232_hep_carci
CORO1A	PTPRC	0.9411505710492248	GSE62232_hep_carci
CSF2RB	PTPRC	0.8818636109353534	GSE62232_hep_carci
CYTIP	PTPRC	0.9101246073101934	GSE62232_hep_carci
EPB41L3	PTPRC	0.855261895616404	GSE62232_hep_carci
EVI2A	PTPRC	0.9232316261615843	GSE62232_hep_carci
EVI2B	PTPRC	0.9526149281466832	GSE62232_hep_carci
FCER1G	PTPRC	0.8483045202044905	GSE62232_hep_carci
FGL2	PTPRC	0.9135953026196929	GSE62232_hep_carci
GBP5	PTPRC	0.840239628065337	GSE62232_hep_carci
GGTA1P	PTPRC	0.8059356007103488	GSE62232_hep_carci
GIMAP4	PTPRC	0.8338274552272001	GSE62232_hep_carci
GLIPR1	PTPRC	0.8154019873532068	GSE62232_hep_carci
GPNMB	PTPRC	0.8596657633242999	GSE62232_hep_carci
GZMA	PTPRC	0.8830405620122217	GSE62232_hep_carci
GZMK	PTPRC	0.8254372378365316	GSE62232_hep_carci
HCLS1	PTPRC	0.9286379739956965	GSE62232_hep_carci
HLA-DMB	PTPRC	0.854619781982914	GSE62232_hep_carci
HLA-DPA1	PTPRC	0.8530713640469738	GSE62232_hep_carci
HLA-DRA	PTPRC	0.8735320686540199	GSE62232_hep_carci
IFI16	PTPRC	0.8211156278229449	GSE62232_hep_carci
IGJ	PTPRC	0.800321401418326	GSE62232_hep_carci
IGSF6	PTPRC	0.8949193166571069	GSE62232_hep_carci
IL10RA	PTPRC	0.8431537590093391	GSE62232_hep_carci
IL2RG	PTPRC	0.8530491851862747	GSE62232_hep_carci
ITK	PTPRC	0.8788245387613631	GSE62232_hep_carci
KCTD12	PTPRC	0.8322944896115628	GSE62232_hep_carci
LAPTM5	PTPRC	0.9186540198735321	GSE62232_hep_carci
MNDA	PTPRC	0.8871027935392842	GSE62232_hep_carci
MPEG1	PTPRC	0.8740514905149052	GSE62232_hep_carci
MS4A7	PTPRC	0.8020935077674574	GSE62232_hep_carci
ANLN	PTTG1	0.8821028502301422	GSE62232_hep_carci
ASPM	PTTG1	0.8176936890191296	GSE62232_hep_carci
BUB1B	PTTG1	0.8631340634823452	GSE62232_hep_carci
CCNA2	PTTG1	0.8903418139741384	GSE62232_hep_carci
CCNB1	PTTG1	0.9051904717496663	GSE62232_hep_carci
CDC20	PTTG1	0.8667837747746509	GSE62232_hep_carci
CDK1	PTTG1	0.8904835844668516	GSE62232_hep_carci
CDKN3	PTTG1	0.8546763405714892	GSE62232_hep_carci
CENPK	PTTG1	0.8629326208973748	GSE62232_hep_carci
CENPL	PTTG1	0.8357885347345729	GSE62232_hep_carci
CEP55	PTTG1	0.8159391583881642	GSE62232_hep_carci
DEPDC1B	PTTG1	0.8142769908530316	GSE62232_hep_carci
DLGAP5	PTTG1	0.8998447161516339	GSE62232_hep_carci
DTL	PTTG1	0.8388825214485324	GSE62232_hep_carci
E2F8	PTTG1	0.8085693134472923	GSE62232_hep_carci
EZH2	PTTG1	0.8482937124211595	GSE62232_hep_carci
FOXM1	PTTG1	0.8438346090943543	GSE62232_hep_carci
GINS1	PTTG1	0.8103074535507527	GSE62232_hep_carci
HMMR	PTTG1	0.8651941689481332	GSE62232_hep_carci
KIF14	PTTG1	0.8472539819796165	GSE62232_hep_carci
KIF20A	PTTG1	0.9149103400339393	GSE62232_hep_carci
KIF4A	PTTG1	0.8738747611010057	GSE62232_hep_carci
LMNB1	PTTG1	0.8433828139002353	GSE62232_hep_carci
MELK	PTTG1	0.8725697837406227	GSE62232_hep_carci
NCAPG	PTTG1	0.8926825136920558	GSE62232_hep_carci
NEK2	PTTG1	0.8981965604811365	GSE62232_hep_carci
NUF2	PTTG1	0.8967304253001311	GSE62232_hep_carci
NUSAP1	PTTG1	0.8105242359890651	GSE62232_hep_carci
PBK	PTTG1	0.8259060125439701	GSE62232_hep_carci
PRC1	PTTG1	0.8426339481350849	GSE62232_hep_carci
C1QB	RAB31	0.8005533297160214	GSE62232_hep_carci
CRIP1	RAB31	0.8356966788589428	GSE62232_hep_carci
CSF2RB	RAB31	0.8074175712486391	GSE62232_hep_carci
EVI2A	RAB31	0.8148307511949511	GSE62232_hep_carci
FCGR1B	RAB31	0.8150535618639267	GSE62232_hep_carci
FGL2	RAB31	0.8069557362240288	GSE62232_hep_carci
HCLS1	RAB31	0.8787031872720112	GSE62232_hep_carci
HLA-DRA	RAB31	0.8092140921409213	GSE62232_hep_carci
IFI16	RAB31	0.8818879855465221	GSE62232_hep_carci
KCTD12	RAB31	0.892795844625113	GSE62232_hep_carci
LAPTM5	RAB31	0.8643179765130984	GSE62232_hep_carci
LBH	RAB31	0.8496185874503073	GSE62232_hep_carci
LXN	RAB31	0.8648578962159614	GSE62232_hep_carci
MNDA	RAB31	0.8077182493788189	GSE62232_hep_carci
PTPRC	RAB31	0.8075654923215899	GSE62232_hep_carci
ANLN	RACGAP1	0.8404853599079715	GSE62232_hep_carci
BUB1B	RACGAP1	0.8327940519886596	GSE62232_hep_carci
CCNA2	RACGAP1	0.860395917987338	GSE62232_hep_carci
CCNB1	RACGAP1	0.8343882522475341	GSE62232_hep_carci
CDC20	RACGAP1	0.8431610762482802	GSE62232_hep_carci
CDC6	RACGAP1	0.8432500811258679	GSE62232_hep_carci
CDK1	RACGAP1	0.8532824435318317	GSE62232_hep_carci
DLGAP5	RACGAP1	0.8348666451079805	GSE62232_hep_carci
E2F8	RACGAP1	0.8135042146829383	GSE62232_hep_carci
FOXM1	RACGAP1	0.8045550277916571	GSE62232_hep_carci
GINS1	RACGAP1	0.8395436937854711	GSE62232_hep_carci
KIF20A	RACGAP1	0.8528684358721317	GSE62232_hep_carci
KIF4A	RACGAP1	0.8225613489197884	GSE62232_hep_carci
MCM2	RACGAP1	0.8129407845459046	GSE62232_hep_carci
MELK	RACGAP1	0.803853474702426	GSE62232_hep_carci
NCAPG	RACGAP1	0.8617648392333638	GSE62232_hep_carci
NEK2	RACGAP1	0.8706945229239571	GSE62232_hep_carci
NUF2	RACGAP1	0.8599989579047822	GSE62232_hep_carci
PRC1	RACGAP1	0.8356606831417772	GSE62232_hep_carci
ANLN	RAD51AP1	0.8175887952507898	GSE62232_hep_carci
BUB1B	RAD51AP1	0.8545886449288265	GSE62232_hep_carci
CCNA2	RAD51AP1	0.8596105669153442	GSE62232_hep_carci
CDK1	RAD51AP1	0.8481843710783759	GSE62232_hep_carci
CDKN3	RAD51AP1	0.8210600946404538	GSE62232_hep_carci
CENPK	RAD51AP1	0.8089534718787424	GSE62232_hep_carci
CENPU	RAD51AP1	0.8001492093065957	GSE62232_hep_carci
CEP55	RAD51AP1	0.815948087958633	GSE62232_hep_carci
DLGAP5	RAD51AP1	0.845070845347765	GSE62232_hep_carci
DTL	RAD51AP1	0.8078572879362017	GSE62232_hep_carci
E2F8	RAD51AP1	0.8277435266791925	GSE62232_hep_carci
FOXM1	RAD51AP1	0.8569152108776218	GSE62232_hep_carci
GINS1	RAD51AP1	0.8361394172410807	GSE62232_hep_carci
KIAA0101	RAD51AP1	0.8270701383992938	GSE62232_hep_carci
KIF11	RAD51AP1	0.824007599616195	GSE62232_hep_carci
KIF4A	RAD51AP1	0.8299414854093071	GSE62232_hep_carci
KNTC1	RAD51AP1	0.8028509373509992	GSE62232_hep_carci
MCM2	RAD51AP1	0.832138671077479	GSE62232_hep_carci
MELK	RAD51AP1	0.8181341050132707	GSE62232_hep_carci
NCAPG	RAD51AP1	0.8123108475202752	GSE62232_hep_carci
NEK2	RAD51AP1	0.8093918053553258	GSE62232_hep_carci
NUF2	RAD51AP1	0.8147084905950445	GSE62232_hep_carci
PRC1	RAD51AP1	0.867499010600423	GSE62232_hep_carci
RACGAP1	RAD51AP1	0.8159706028909557	GSE62232_hep_carci
C16orf54	RASGRP1	0.8454324559691105	GSE62232_hep_carci
CCL5	RASGRP1	0.8109129917322175	GSE62232_hep_carci
CD2	RASGRP1	0.9056955037868066	GSE62232_hep_carci
CD52	RASGRP1	0.9038279478778297	GSE62232_hep_carci
CD69	RASGRP1	0.8667885097414144	GSE62232_hep_carci
CD8A	RASGRP1	0.8071837371704407	GSE62232_hep_carci
CORO1A	RASGRP1	0.866339179578637	GSE62232_hep_carci
CYTIP	RASGRP1	0.8940968628855149	GSE62232_hep_carci
EVI2A	RASGRP1	0.8159817704970128	GSE62232_hep_carci
EVI2B	RASGRP1	0.8102097260323309	GSE62232_hep_carci
GPNMB	RASGRP1	0.8129928644719928	GSE62232_hep_carci
GPR171	RASGRP1	0.8239841340079732	GSE62232_hep_carci
GZMA	RASGRP1	0.8334437171310745	GSE62232_hep_carci
GZMK	RASGRP1	0.8074771837202241	GSE62232_hep_carci
IL2RG	RASGRP1	0.8361942626961404	GSE62232_hep_carci
IL7R	RASGRP1	0.8304079451339498	GSE62232_hep_carci
ITK	RASGRP1	0.8773084045839445	GSE62232_hep_carci
KLRB1	RASGRP1	0.8114139806629682	GSE62232_hep_carci
LAPTM5	RASGRP1	0.8055776660084466	GSE62232_hep_carci
PTPRC	RASGRP1	0.8813234661673225	GSE62232_hep_carci
C16orf54	RASSF2	0.815595350378773	GSE62232_hep_carci
CORO1A	RASSF2	0.8028577901642129	GSE62232_hep_carci
CRIP1	RASSF2	0.8473438957414056	GSE62232_hep_carci
CSF2RB	RASSF2	0.8193723582926765	GSE62232_hep_carci
CXCR4	RASSF2	0.8150821247691152	GSE62232_hep_carci
EVI2A	RASSF2	0.8279321514789406	GSE62232_hep_carci
EVI2B	RASSF2	0.8182270045513687	GSE62232_hep_carci
GALNT7	RASSF2	0.8044065162738535	GSE62232_hep_carci
HCLS1	RASSF2	0.8562417154456056	GSE62232_hep_carci
ITK	RASSF2	0.8028694802123574	GSE62232_hep_carci
KCTD12	RASSF2	0.8254952622524825	GSE62232_hep_carci
LAPTM5	RASSF2	0.8596146639197841	GSE62232_hep_carci
LBH	RASSF2	0.8551056993775498	GSE62232_hep_carci
LXN	RASSF2	0.8264905016216846	GSE62232_hep_carci
MNDA	RASSF2	0.843729726187644	GSE62232_hep_carci
PTPRC	RASSF2	0.8560118538794435	GSE62232_hep_carci
RAB31	RASSF2	0.8167649419979892	GSE62232_hep_carci
C16orf54	RCSD1	0.8204088622172185	GSE62232_hep_carci
C1QA	RCSD1	0.8116376942834413	GSE62232_hep_carci
C1QB	RCSD1	0.8330490808083576	GSE62232_hep_carci
C1QC	RCSD1	0.8222707000136288	GSE62232_hep_carci
C1orf162	RCSD1	0.8098651345512271	GSE62232_hep_carci
CD2	RCSD1	0.8122504149567004	GSE62232_hep_carci
CD52	RCSD1	0.8321981965759401	GSE62232_hep_carci
CORO1A	RCSD1	0.8718849660563159	GSE62232_hep_carci
CSF2RB	RCSD1	0.8528722223214309	GSE62232_hep_carci
EPB41L3	RCSD1	0.8226882526611421	GSE62232_hep_carci
EVI2A	RCSD1	0.9090857734918377	GSE62232_hep_carci
EVI2B	RCSD1	0.8931643992019832	GSE62232_hep_carci
FCER1G	RCSD1	0.8392294733294523	GSE62232_hep_carci
FGL2	RCSD1	0.8789392025161349	GSE62232_hep_carci
GGTA1P	RCSD1	0.8188693667762432	GSE62232_hep_carci
GIMAP4	RCSD1	0.8450249999241064	GSE62232_hep_carci
GIMAP6	RCSD1	0.8116476021014077	GSE62232_hep_carci
GPNMB	RCSD1	0.8335216208707485	GSE62232_hep_carci
GZMA	RCSD1	0.8142167191237498	GSE62232_hep_carci
HCLS1	RCSD1	0.9032865017674411	GSE62232_hep_carci
HLA-DMB	RCSD1	0.8270039068808095	GSE62232_hep_carci
HLA-DPA1	RCSD1	0.8529491862599712	GSE62232_hep_carci
HLA-DRA	RCSD1	0.8373506584678104	GSE62232_hep_carci
IFI16	RCSD1	0.8404003344300721	GSE62232_hep_carci
IGSF6	RCSD1	0.8234284252368056	GSE62232_hep_carci
KCTD12	RCSD1	0.857851257991903	GSE62232_hep_carci
LAPTM5	RCSD1	0.8956785350201046	GSE62232_hep_carci
LBH	RCSD1	0.8347651404839997	GSE62232_hep_carci
MNDA	RCSD1	0.8180015381010155	GSE62232_hep_carci
MPEG1	RCSD1	0.8522488902982667	GSE62232_hep_carci
PTPRC	RCSD1	0.9073011889651685	GSE62232_hep_carci
RAB31	RCSD1	0.85942127635766	GSE62232_hep_carci
RASSF2	RCSD1	0.8518911869941342	GSE62232_hep_carci
ANLN	RFC4	0.8453715957114087	GSE62232_hep_carci
BUB1B	RFC4	0.8672995155943466	GSE62232_hep_carci
CCNA2	RFC4	0.8487668289234729	GSE62232_hep_carci
CCNB1	RFC4	0.8542430134304861	GSE62232_hep_carci
CDC20	RFC4	0.8547014438899108	GSE62232_hep_carci
CDC6	RFC4	0.8577309459293794	GSE62232_hep_carci
CDK1	RFC4	0.8927585362756266	GSE62232_hep_carci
CDKN3	RFC4	0.8306710738130255	GSE62232_hep_carci
CENPK	RFC4	0.8401147408137614	GSE62232_hep_carci
CENPL	RFC4	0.8128991463009442	GSE62232_hep_carci
DLGAP5	RFC4	0.8434190917942039	GSE62232_hep_carci
DTL	RFC4	0.8607194706508047	GSE62232_hep_carci
E2F8	RFC4	0.820075504084644	GSE62232_hep_carci
EZH2	RFC4	0.8137279874699521	GSE62232_hep_carci
GINS1	RFC4	0.8751030769507742	GSE62232_hep_carci
KIAA0101	RFC4	0.8112023969695324	GSE62232_hep_carci
KIF20A	RFC4	0.8598174758195533	GSE62232_hep_carci
KIF4A	RFC4	0.8356941269847854	GSE62232_hep_carci
LMNB1	RFC4	0.8190426721701001	GSE62232_hep_carci
MCM2	RFC4	0.8895733931663191	GSE62232_hep_carci
MCM3	RFC4	0.8127219856990024	GSE62232_hep_carci
MELK	RFC4	0.8545427856893589	GSE62232_hep_carci
NCAPG	RFC4	0.8869621696804789	GSE62232_hep_carci
NEK2	RFC4	0.8509170172476342	GSE62232_hep_carci
NUF2	RFC4	0.8434169767110522	GSE62232_hep_carci
PRC1	RFC4	0.8640883604770194	GSE62232_hep_carci
PTTG1	RFC4	0.8254206676060871	GSE62232_hep_carci
RACGAP1	RFC4	0.8172495964680804	GSE62232_hep_carci
NOTUM	RHBG	0.803952354877585	GSE62232_hep_carci
CDC6	RMI2	0.80213829101913	GSE62232_hep_carci
CENPK	RMI2	0.8068538369889976	GSE62232_hep_carci
DTL	RMI2	0.8366445902125682	GSE62232_hep_carci
GINS1	RMI2	0.8399882513785751	GSE62232_hep_carci
NCAPG	RMI2	0.8147466468210216	GSE62232_hep_carci
RFC4	RMI2	0.8263084584543736	GSE62232_hep_carci
C1QA	RNASE6	0.8757377302458187	GSE62232_hep_carci
C1QB	RNASE6	0.899460100820881	GSE62232_hep_carci
C1QC	RNASE6	0.8946649411015624	GSE62232_hep_carci
CORO1A	RNASE6	0.8089522796143055	GSE62232_hep_carci
CSF2RB	RNASE6	0.8075708493707571	GSE62232_hep_carci
EPB41L3	RNASE6	0.9143883610570223	GSE62232_hep_carci
EVI2A	RNASE6	0.9233528616208032	GSE62232_hep_carci
EVI2B	RNASE6	0.8960826962126671	GSE62232_hep_carci
FCER1G	RNASE6	0.8683247760621304	GSE62232_hep_carci
FCGR1B	RNASE6	0.823304901660871	GSE62232_hep_carci
FGL2	RNASE6	0.8824220680189439	GSE62232_hep_carci
GGTA1P	RNASE6	0.8732879715219707	GSE62232_hep_carci
GPNMB	RNASE6	0.8580706660881282	GSE62232_hep_carci
GPR34	RNASE6	0.8445172632783702	GSE62232_hep_carci
HCLS1	RNASE6	0.8691045850947108	GSE62232_hep_carci
HLA-DMB	RNASE6	0.9058239653735172	GSE62232_hep_carci
HLA-DPA1	RNASE6	0.9038142550583526	GSE62232_hep_carci
HLA-DRA	RNASE6	0.8804229037602452	GSE62232_hep_carci
IFI16	RNASE6	0.8025458553776039	GSE62232_hep_carci
IGSF6	RNASE6	0.8570678310677896	GSE62232_hep_carci
KCTD12	RNASE6	0.8682584975081633	GSE62232_hep_carci
LAPTM5	RNASE6	0.9349876638380611	GSE62232_hep_carci
MNDA	RNASE6	0.8142335098902755	GSE62232_hep_carci
MPEG1	RNASE6	0.8973536790358911	GSE62232_hep_carci
MS4A4A	RNASE6	0.8957950085969059	GSE62232_hep_carci
MS4A6A	RNASE6	0.8440765162772372	GSE62232_hep_carci
MS4A7	RNASE6	0.8340289302658305	GSE62232_hep_carci
PTPRC	RNASE6	0.8580367819481503	GSE62232_hep_carci
RAB31	RNASE6	0.8203915024326544	GSE62232_hep_carci
RCSD1	RNASE6	0.8715300928055224	GSE62232_hep_carci
DLGAP5	RNASEH2A	0.803962657417258	GSE62232_hep_carci
KIF20A	RNASEH2A	0.8147585461114798	GSE62232_hep_carci
MCM2	RNASEH2A	0.8023469257620232	GSE62232_hep_carci
MELK	RNASEH2A	0.8065634692125637	GSE62232_hep_carci
RFC4	RNASEH2A	0.8077626827072628	GSE62232_hep_carci
ANLN	RRM2	0.8650327186096073	GSE62232_hep_carci
BUB1B	RRM2	0.8433635679253028	GSE62232_hep_carci
CCNA2	RRM2	0.8641421869050719	GSE62232_hep_carci
CCNB1	RRM2	0.845549294874309	GSE62232_hep_carci
CDC20	RRM2	0.8419792644697672	GSE62232_hep_carci
CDC6	RRM2	0.8065069888410847	GSE62232_hep_carci
CDK1	RRM2	0.8708220415537489	GSE62232_hep_carci
CDKN3	RRM2	0.8646341463414634	GSE62232_hep_carci
CENPK	RRM2	0.8279078566421486	GSE62232_hep_carci
CEP55	RRM2	0.8094095081883496	GSE62232_hep_carci
DEPDC1	RRM2	0.827405923035286	GSE62232_hep_carci
DLGAP5	RRM2	0.8755365030237148	GSE62232_hep_carci
E2F8	RRM2	0.8517049983833854	GSE62232_hep_carci
EZH2	RRM2	0.8209437498817699	GSE62232_hep_carci
FOXM1	RRM2	0.8259003891106524	GSE62232_hep_carci
GINS1	RRM2	0.8215110798340779	GSE62232_hep_carci
KIF20A	RRM2	0.8295826354137573	GSE62232_hep_carci
KIF4A	RRM2	0.8496287158441665	GSE62232_hep_carci
LMNB1	RRM2	0.8107186421387478	GSE62232_hep_carci
MCM2	RRM2	0.8064705563078033	GSE62232_hep_carci
MELK	RRM2	0.8707043624987058	GSE62232_hep_carci
NCAPG	RRM2	0.8431696923439981	GSE62232_hep_carci
OIP5	RRM2	0.8138216689264668	GSE62232_hep_carci
PBK	RRM2	0.8142492740470663	GSE62232_hep_carci
PRC1	RRM2	0.8445694172106519	GSE62232_hep_carci
PTTG1	RRM2	0.8101854730383048	GSE62232_hep_carci
C16orf54	S100A4	0.8232528832513524	GSE62232_hep_carci
CD2	S100A4	0.873596003499959	GSE62232_hep_carci
CD52	S100A4	0.8739201631122919	GSE62232_hep_carci
CORO1A	S100A4	0.854332312847371	GSE62232_hep_carci
CSF2RB	S100A4	0.8013704304252808	GSE62232_hep_carci
CYTIP	S100A4	0.8242581702575134	GSE62232_hep_carci
EVI2A	S100A4	0.8407179905029817	GSE62232_hep_carci
EVI2B	S100A4	0.8245751878464962	GSE62232_hep_carci
GPNMB	S100A4	0.8013008725821871	GSE62232_hep_carci
HCLS1	S100A4	0.8301779190772816	GSE62232_hep_carci
IL2RG	S100A4	0.8122931742921059	GSE62232_hep_carci
IL7R	S100A4	0.8032669333755884	GSE62232_hep_carci
ITK	S100A4	0.8078957560859064	GSE62232_hep_carci
KCTD12	S100A4	0.8085843993975128	GSE62232_hep_carci
LAPTM5	S100A4	0.8439179736690695	GSE62232_hep_carci
MNDA	S100A4	0.8394275137755763	GSE62232_hep_carci
PTPRC	S100A4	0.8586205347753548	GSE62232_hep_carci
RASGRP1	S100A4	0.8485585837026511	GSE62232_hep_carci
RNASE6	S100A4	0.818536609725441	GSE62232_hep_carci
AR	SEC14L2	0.8405374887082204	GSE62232_hep_carci
CYP8B1	SEC14L2	0.8894120836655839	GSE62232_hep_carci
DCXR	SEC14L2	0.8344399277326107	GSE62232_hep_carci
MTHFD1	SEC14L2	0.8187535993475834	GSE62232_hep_carci
ANLN	SGOL2	0.8944453227906655	GSE62232_hep_carci
ASPM	SGOL2	0.840475626082428	GSE62232_hep_carci
BUB1B	SGOL2	0.8978841666956542	GSE62232_hep_carci
CCNA2	SGOL2	0.8821888729284375	GSE62232_hep_carci
CCNB1	SGOL2	0.8893757094205215	GSE62232_hep_carci
CDC20	SGOL2	0.8695566425225227	GSE62232_hep_carci
CDC6	SGOL2	0.8132040655008944	GSE62232_hep_carci
CDK1	SGOL2	0.8605256475212836	GSE62232_hep_carci
CDKN3	SGOL2	0.8198853855284076	GSE62232_hep_carci
CENPK	SGOL2	0.8203207568810326	GSE62232_hep_carci
CENPL	SGOL2	0.8453307888535093	GSE62232_hep_carci
DLGAP5	SGOL2	0.8782606411853257	GSE62232_hep_carci
DTL	SGOL2	0.8302100919813541	GSE62232_hep_carci
E2F8	SGOL2	0.8425249504759491	GSE62232_hep_carci
EZH2	SGOL2	0.8478419366531357	GSE62232_hep_carci
FOXM1	SGOL2	0.8465740567693819	GSE62232_hep_carci
GINS1	SGOL2	0.8832874183015742	GSE62232_hep_carci
KIAA0101	SGOL2	0.8011630864497223	GSE62232_hep_carci
KIF14	SGOL2	0.8513192291975278	GSE62232_hep_carci
KIF20A	SGOL2	0.8745143419952198	GSE62232_hep_carci
KIF4A	SGOL2	0.8784096909055391	GSE62232_hep_carci
MCM2	SGOL2	0.805996443109381	GSE62232_hep_carci
MELK	SGOL2	0.8571202740897267	GSE62232_hep_carci
NCAPG	SGOL2	0.8924284343063632	GSE62232_hep_carci
NEK2	SGOL2	0.8841597689515777	GSE62232_hep_carci
NUF2	SGOL2	0.8780676110727778	GSE62232_hep_carci
NUSAP1	SGOL2	0.8519097764736135	GSE62232_hep_carci
PBK	SGOL2	0.813255719416741	GSE62232_hep_carci
PRC1	SGOL2	0.8845643502502413	GSE62232_hep_carci
PTTG1	SGOL2	0.8475241375416408	GSE62232_hep_carci
RACGAP1	SGOL2	0.844757882858982	GSE62232_hep_carci
RAD51AP1	SGOL2	0.8250373614764184	GSE62232_hep_carci
RFC4	SGOL2	0.8236420114767694	GSE62232_hep_carci
RRM2	SGOL2	0.8069220566126473	GSE62232_hep_carci
KIF4A	SHCBP1	0.8107040614553495	GSE62232_hep_carci
MELK	SHCBP1	0.8054328967533221	GSE62232_hep_carci
CCL5	SLAMF7	0.8405018124046729	GSE62232_hep_carci
CD2	SLAMF7	0.8076955748943716	GSE62232_hep_carci
CD52	SLAMF7	0.8353677815668828	GSE62232_hep_carci
CD8A	SLAMF7	0.8049608058817707	GSE62232_hep_carci
GZMA	SLAMF7	0.8410903526200223	GSE62232_hep_carci
GZMK	SLAMF7	0.8531060391393327	GSE62232_hep_carci
ITK	SLAMF7	0.8026418087947216	GSE62232_hep_carci
PTPRC	SLAMF7	0.8236994546534013	GSE62232_hep_carci
ADAMDEC1	SLAMF8	0.8025019601440242	GSE62232_hep_carci
C1QA	SLAMF8	0.8252960008262044	GSE62232_hep_carci
C1QB	SLAMF8	0.8534606398808662	GSE62232_hep_carci
C1QC	SLAMF8	0.845812043144227	GSE62232_hep_carci
CD2	SLAMF8	0.8846216919427444	GSE62232_hep_carci
CD52	SLAMF8	0.8446537259027405	GSE62232_hep_carci
CORO1A	SLAMF8	0.8774817664885468	GSE62232_hep_carci
CSF2RB	SLAMF8	0.8556912599849071	GSE62232_hep_carci
EPB41L3	SLAMF8	0.8469134827790709	GSE62232_hep_carci
EVI2A	SLAMF8	0.8832267212273472	GSE62232_hep_carci
EVI2B	SLAMF8	0.8834349071632949	GSE62232_hep_carci
FCER1G	SLAMF8	0.8384148063364134	GSE62232_hep_carci
FCGR1B	SLAMF8	0.834318294231663	GSE62232_hep_carci
FGL2	SLAMF8	0.8203663138115947	GSE62232_hep_carci
GPNMB	SLAMF8	0.8281578176867497	GSE62232_hep_carci
HCLS1	SLAMF8	0.8500680383045096	GSE62232_hep_carci
HLA-DMB	SLAMF8	0.8294222612129822	GSE62232_hep_carci
HLA-DPA1	SLAMF8	0.8352266313473974	GSE62232_hep_carci
HLA-DRA	SLAMF8	0.8134104204969638	GSE62232_hep_carci
IGSF6	SLAMF8	0.8545607543444015	GSE62232_hep_carci
IL10RA	SLAMF8	0.8028493549620536	GSE62232_hep_carci
IL2RG	SLAMF8	0.8662841610039642	GSE62232_hep_carci
ITK	SLAMF8	0.8131267735172577	GSE62232_hep_carci
LAPTM5	SLAMF8	0.9081844669088112	GSE62232_hep_carci
MNDA	SLAMF8	0.8026470440425513	GSE62232_hep_carci
MPEG1	SLAMF8	0.8284852866901982	GSE62232_hep_carci
PTPRC	SLAMF8	0.8838840084460093	GSE62232_hep_carci
RASGRP1	SLAMF8	0.8294018970122418	GSE62232_hep_carci
RCSD1	SLAMF8	0.8625582027510339	GSE62232_hep_carci
RNASE6	SLAMF8	0.8969955637206052	GSE62232_hep_carci
S100A4	SLAMF8	0.8548964475834847	GSE62232_hep_carci
CYP2A6	SLC10A1	0.8043857519648979	GSE62232_hep_carci
SERPINC1	SLC10A1	0.8133401837312542	GSE62232_hep_carci
AEBP1	SLIT2	0.8353058801572812	GSE62232_hep_carci
ASPN	SLIT2	0.8360462293419613	GSE62232_hep_carci
BGN	SLIT2	0.8118090764866748	GSE62232_hep_carci
CCDC80	SLIT2	0.8547844350595091	GSE62232_hep_carci
COL1A2	SLIT2	0.8133109001297656	GSE62232_hep_carci
COL3A1	SLIT2	0.8446572342141272	GSE62232_hep_carci
COL5A1	SLIT2	0.8497273004979451	GSE62232_hep_carci
COL6A2	SLIT2	0.8418003817201273	GSE62232_hep_carci
COL6A3	SLIT2	0.8115454331076537	GSE62232_hep_carci
DCN	SLIT2	0.8313553676610371	GSE62232_hep_carci
DPT	SLIT2	0.8037072378674643	GSE62232_hep_carci
EFEMP1	SLIT2	0.8718982367726494	GSE62232_hep_carci
EMILIN1	SLIT2	0.8201447370305837	GSE62232_hep_carci
FBN1	SLIT2	0.8217911223550377	GSE62232_hep_carci
GUCY1A3	SLIT2	0.8389886968544912	GSE62232_hep_carci
LINC01279	SLIT2	0.8499069304246523	GSE62232_hep_carci
LOXL1	SLIT2	0.8650214594299404	GSE62232_hep_carci
LUM	SLIT2	0.838148895321319	GSE62232_hep_carci
LXN	SLIT2	0.8024693213340643	GSE62232_hep_carci
MGP	SLIT2	0.8390735807731845	GSE62232_hep_carci
AEBP1	SMOC2	0.8124456504002925	GSE62232_hep_carci
CCDC80	SMOC2	0.8520563732521974	GSE62232_hep_carci
COL6A2	SMOC2	0.8020552211982868	GSE62232_hep_carci
EFEMP1	SMOC2	0.8436443105258258	GSE62232_hep_carci
LHFP	SMOC2	0.8236104532195639	GSE62232_hep_carci
LINC01279	SMOC2	0.8110327370066551	GSE62232_hep_carci
LOXL1	SMOC2	0.8009717234166162	GSE62232_hep_carci
LTBP2	SMOC2	0.8090081143710509	GSE62232_hep_carci
LUM	SMOC2	0.8133836503936093	GSE62232_hep_carci
MGP	SMOC2	0.8123644866106665	GSE62232_hep_carci
AEBP1	SPARC	0.8162620040757153	GSE62232_hep_carci
ASPN	SPARC	0.8902489287005523	GSE62232_hep_carci
BGN	SPARC	0.827416440831075	GSE62232_hep_carci
C11orf96	SPARC	0.8023216425181202	GSE62232_hep_carci
CCDC102B	SPARC	0.8124945305107912	GSE62232_hep_carci
CDC42EP5	SPARC	0.8414307060006243	GSE62232_hep_carci
COL15A1	SPARC	0.8708599189534912	GSE62232_hep_carci
COL1A1	SPARC	0.837353206865402	GSE62232_hep_carci
COL1A2	SPARC	0.8696251129177958	GSE62232_hep_carci
COL3A1	SPARC	0.9043586269196026	GSE62232_hep_carci
COL4A1	SPARC	0.9470641373080398	GSE62232_hep_carci
COL4A2	SPARC	0.9304878048780487	GSE62232_hep_carci
COL5A1	SPARC	0.8797199638663054	GSE62232_hep_carci
COL6A2	SPARC	0.8928635953026197	GSE62232_hep_carci
COL6A3	SPARC	0.9235225379066351	GSE62232_hep_carci
DCN	SPARC	0.8022131887985546	GSE62232_hep_carci
EDNRA	SPARC	0.9027715829614467	GSE62232_hep_carci
EFNB2	SPARC	0.8057588075880759	GSE62232_hep_carci
EMILIN1	SPARC	0.8045102971585907	GSE62232_hep_carci
FBN1	SPARC	0.8130532971996386	GSE62232_hep_carci
GEM	SPARC	0.8326105691490592	GSE62232_hep_carci
GUCY1A3	SPARC	0.8585591689250226	GSE62232_hep_carci
ID3	SPARC	0.8452161177657047	GSE62232_hep_carci
LBH	SPARC	0.8079366281723238	GSE62232_hep_carci
LHFP	SPARC	0.9228988584470312	GSE62232_hep_carci
LOXL1	SPARC	0.8270802627888609	GSE62232_hep_carci
LUM	SPARC	0.8061288481690574	GSE62232_hep_carci
LXN	SPARC	0.8659874696453561	GSE62232_hep_carci
MGP	SPARC	0.866492767867369	GSE62232_hep_carci
MXRA5	SPARC	0.8131065734181345	GSE62232_hep_carci
NID2	SPARC	0.8758427604875113	GSE62232_hep_carci
PLAT	SPARC	0.8121618950138437	GSE62232_hep_carci
PPP1R14A	SPARC	0.8101736532985989	GSE62232_hep_carci
ANLN	SPC25	0.8895032122816245	GSE62232_hep_carci
ASPM	SPC25	0.8292687224280682	GSE62232_hep_carci
BUB1B	SPC25	0.8584220810788711	GSE62232_hep_carci
CCNA2	SPC25	0.8602714366586184	GSE62232_hep_carci
CCNB1	SPC25	0.8623068525447363	GSE62232_hep_carci
CDC20	SPC25	0.8178816824103059	GSE62232_hep_carci
CDC6	SPC25	0.800730745274526	GSE62232_hep_carci
CDK1	SPC25	0.8981661345103265	GSE62232_hep_carci
CDKN3	SPC25	0.8465746422871686	GSE62232_hep_carci
CENPK	SPC25	0.8374924796329211	GSE62232_hep_carci
CEP55	SPC25	0.8217063381412838	GSE62232_hep_carci
DEPDC1B	SPC25	0.8146101575767938	GSE62232_hep_carci
DLGAP5	SPC25	0.8702584875664169	GSE62232_hep_carci
DTL	SPC25	0.8183719128630187	GSE62232_hep_carci
E2F8	SPC25	0.8238501538112367	GSE62232_hep_carci
EZH2	SPC25	0.8441314908520062	GSE62232_hep_carci
FOXM1	SPC25	0.8452507749896757	GSE62232_hep_carci
KIF11	SPC25	0.8349036512970632	GSE62232_hep_carci
KIF14	SPC25	0.824331098869759	GSE62232_hep_carci
KIF20A	SPC25	0.8636979201867125	GSE62232_hep_carci
KIF4A	SPC25	0.855044503682987	GSE62232_hep_carci
LMNB1	SPC25	0.8453366497953272	GSE62232_hep_carci
MELK	SPC25	0.8660517180201581	GSE62232_hep_carci
NCAPG	SPC25	0.8635239328918348	GSE62232_hep_carci
NEK2	SPC25	0.8511213704056606	GSE62232_hep_carci
NUF2	SPC25	0.8416266389165734	GSE62232_hep_carci
NUSAP1	SPC25	0.8101157469474085	GSE62232_hep_carci
OIP5	SPC25	0.8199465210056295	GSE62232_hep_carci
PBK	SPC25	0.82447194729361	GSE62232_hep_carci
PRC1	SPC25	0.8642727706662368	GSE62232_hep_carci
PTTG1	SPC25	0.8228837089117899	GSE62232_hep_carci
RAD51AP1	SPC25	0.8131229569756867	GSE62232_hep_carci
RFC4	SPC25	0.8015226566467861	GSE62232_hep_carci
RRM2	SPC25	0.8677307841069112	GSE62232_hep_carci
SGOL2	SPC25	0.8292420747291841	GSE62232_hep_carci
C16orf54	SRGN	0.8007337245450648	GSE62232_hep_carci
C1QA	SRGN	0.8292013666743155	GSE62232_hep_carci
C1QB	SRGN	0.8656654070599422	GSE62232_hep_carci
C1QC	SRGN	0.8459397354455933	GSE62232_hep_carci
C1orf162	SRGN	0.8058272214004806	GSE62232_hep_carci
CCL4	SRGN	0.8354960874304765	GSE62232_hep_carci
CLIC2	SRGN	0.8298537039399646	GSE62232_hep_carci
CSF2RB	SRGN	0.84121765482112	GSE62232_hep_carci
EPB41L3	SRGN	0.8447149566482935	GSE62232_hep_carci
EVI2A	SRGN	0.8795753396401674	GSE62232_hep_carci
EVI2B	SRGN	0.8920211870890395	GSE62232_hep_carci
FCER1G	SRGN	0.8428844048008546	GSE62232_hep_carci
FGL2	SRGN	0.8831978319783198	GSE62232_hep_carci
GGTA1P	SRGN	0.8166187702626844	GSE62232_hep_carci
GIMAP4	SRGN	0.8518863757325271	GSE62232_hep_carci
GIMAP6	SRGN	0.804238958001515	GSE62232_hep_carci
GPNMB	SRGN	0.8146793134598013	GSE62232_hep_carci
HCLS1	SRGN	0.8927169978382921	GSE62232_hep_carci
HLA-DMB	SRGN	0.832237958411427	GSE62232_hep_carci
HLA-DPA1	SRGN	0.8299683830171635	GSE62232_hep_carci
HLA-DRA	SRGN	0.8276196928635953	GSE62232_hep_carci
IFI16	SRGN	0.8357723577235773	GSE62232_hep_carci
IGSF6	SRGN	0.840792316117805	GSE62232_hep_carci
KCTD12	SRGN	0.8797877145438121	GSE62232_hep_carci
LAPTM5	SRGN	0.9052168021680217	GSE62232_hep_carci
MNDA	SRGN	0.8673329127536269	GSE62232_hep_carci
MPEG1	SRGN	0.8480578139114724	GSE62232_hep_carci
MS4A4A	SRGN	0.8209349593495935	GSE62232_hep_carci
PTPRC	SRGN	0.881323396567299	GSE62232_hep_carci
RAB31	SRGN	0.8304878048780489	GSE62232_hep_carci
RASSF2	SRGN	0.8253258511220589	GSE62232_hep_carci
RCSD1	SRGN	0.8494702966437615	GSE62232_hep_carci
RNASE6	SRGN	0.8421677097251464	GSE62232_hep_carci
SLAMF8	SRGN	0.8006842975008774	GSE62232_hep_carci
AEBP1	SRPX	0.811259762858337	GSE62232_hep_carci
C7	SRPX	0.8001822134619352	GSE62232_hep_carci
DCN	SRPX	0.8457273034054134	GSE62232_hep_carci
FBLN5	SRPX	0.8039732709982756	GSE62232_hep_carci
HGF	SRPX	0.8054271288354433	GSE62232_hep_carci
INMT	SRPX	0.8124093210842555	GSE62232_hep_carci
LUM	SRPX	0.8011659334112718	GSE62232_hep_carci
STEAP1	STEAP2	0.8455765377337892	GSE62232_hep_carci
CTB-167B5.2	STEAP4	0.8622554699443463	GSE62232_hep_carci
DCN	STMN2	0.8017784078463324	GSE62232_hep_carci
FBLN2	STMN2	0.8373867311231787	GSE62232_hep_carci
AEBP1	TAGLN	0.887035578778849	GSE62232_hep_carci
ASPN	TAGLN	0.8921572502245299	GSE62232_hep_carci
BGN	TAGLN	0.8772357723577237	GSE62232_hep_carci
CCDC80	TAGLN	0.8475705462435815	GSE62232_hep_carci
COL1A1	TAGLN	0.8866757000903341	GSE62232_hep_carci
COL1A2	TAGLN	0.8929765130984643	GSE62232_hep_carci
COL3A1	TAGLN	0.8953252032520326	GSE62232_hep_carci
COL5A1	TAGLN	0.9026422764227643	GSE62232_hep_carci
COL6A2	TAGLN	0.9077009936766035	GSE62232_hep_carci
COL6A3	TAGLN	0.8361874767304748	GSE62232_hep_carci
DCN	TAGLN	0.8715672990063235	GSE62232_hep_carci
EDNRA	TAGLN	0.8047922583250351	GSE62232_hep_carci
EFEMP1	TAGLN	0.874700060425303	GSE62232_hep_carci
EMILIN1	TAGLN	0.8274227070372226	GSE62232_hep_carci
FBN1	TAGLN	0.83823396567299	GSE62232_hep_carci
GEM	TAGLN	0.8346885381792986	GSE62232_hep_carci
GUCY1A3	TAGLN	0.8287940379403794	GSE62232_hep_carci
LHFP	TAGLN	0.8324958502772188	GSE62232_hep_carci
LINC01279	TAGLN	0.847830893209416	GSE62232_hep_carci
LOXL1	TAGLN	0.8551546040997696	GSE62232_hep_carci
LUM	TAGLN	0.8765227526893146	GSE62232_hep_carci
MFAP4	TAGLN	0.8129158218132517	GSE62232_hep_carci
MGP	TAGLN	0.9045247698766127	GSE62232_hep_carci
MXRA5	TAGLN	0.8113555763096163	GSE62232_hep_carci
PLAT	TAGLN	0.8128508569596056	GSE62232_hep_carci
PPP1R14A	TAGLN	0.8519003533659832	GSE62232_hep_carci
SLIT2	TAGLN	0.8199618334063106	GSE62232_hep_carci
SPARC	TAGLN	0.8613143631436314	GSE62232_hep_carci
PSMB9	TAP1	0.8635514125468865	GSE62232_hep_carci
ANLN	TCF19	0.8163682181276193	GSE62232_hep_carci
ASPM	TCF19	0.8091572774052544	GSE62232_hep_carci
CDK1	TCF19	0.8311136017470244	GSE62232_hep_carci
CENPL	TCF19	0.8216783859107883	GSE62232_hep_carci
DTL	TCF19	0.8415104706693771	GSE62232_hep_carci
E2F8	TCF19	0.8294225802367895	GSE62232_hep_carci
EZH2	TCF19	0.8131080531260041	GSE62232_hep_carci
KIF11	TCF19	0.8062340050924481	GSE62232_hep_carci
MCM3	TCF19	0.8331940602904354	GSE62232_hep_carci
NUF2	TCF19	0.8200723913775892	GSE62232_hep_carci
PRC1	TCF19	0.8189798908428487	GSE62232_hep_carci
SPC25	TCF19	0.8062169505828299	GSE62232_hep_carci
COL15A1	TCF4	0.8087516245741009	GSE62232_hep_carci
COL3A1	TCF4	0.8005871725383921	GSE62232_hep_carci
COL4A1	TCF4	0.8305555555555555	GSE62232_hep_carci
COL4A2	TCF4	0.8006549232158988	GSE62232_hep_carci
COL6A2	TCF4	0.8161924119241192	GSE62232_hep_carci
COL6A3	TCF4	0.8188650066187305	GSE62232_hep_carci
CRIP1	TCF4	0.8162705400669303	GSE62232_hep_carci
CYYR1	TCF4	0.8320009033423668	GSE62232_hep_carci
GIMAP4	TCF4	0.802532102681696	GSE62232_hep_carci
GIMAP6	TCF4	0.8254789153186856	GSE62232_hep_carci
GUCY1A3	TCF4	0.8403342366757001	GSE62232_hep_carci
ID3	TCF4	0.800395248628916	GSE62232_hep_carci
LBH	TCF4	0.8461742640745866	GSE62232_hep_carci
LHFP	TCF4	0.8358608385903096	GSE62232_hep_carci
LXN	TCF4	0.8878673069727291	GSE62232_hep_carci
MXRA5	TCF4	0.8126547031965814	GSE62232_hep_carci
NID2	TCF4	0.8092468639161123	GSE62232_hep_carci
RAB31	TCF4	0.8058491418247516	GSE62232_hep_carci
RASSF2	TCF4	0.8140882461372972	GSE62232_hep_carci
SPARC	TCF4	0.8851400180668474	GSE62232_hep_carci
AEBP1	TGFB1I1	0.8155665500326823	GSE62232_hep_carci
ASPN	TGFB1I1	0.8456895140953077	GSE62232_hep_carci
BGN	TGFB1I1	0.8519074937644288	GSE62232_hep_carci
CCDC102B	TGFB1I1	0.8203818753438287	GSE62232_hep_carci
CDC42EP5	TGFB1I1	0.8669797682321085	GSE62232_hep_carci
COL1A1	TGFB1I1	0.8184446604683382	GSE62232_hep_carci
COL1A2	TGFB1I1	0.8545953622505812	GSE62232_hep_carci
COL3A1	TGFB1I1	0.8763241814411576	GSE62232_hep_carci
COL4A1	TGFB1I1	0.868644557195008	GSE62232_hep_carci
COL4A2	TGFB1I1	0.8743816882494846	GSE62232_hep_carci
COL5A1	TGFB1I1	0.8664648991369096	GSE62232_hep_carci
COL6A2	TGFB1I1	0.8990129536625029	GSE62232_hep_carci
COL6A3	TGFB1I1	0.8770576559804238	GSE62232_hep_carci
EDNRA	TGFB1I1	0.8717834435084806	GSE62232_hep_carci
FOXF1	TGFB1I1	0.8094128170372116	GSE62232_hep_carci
GEM	TGFB1I1	0.8280095784524011	GSE62232_hep_carci
GUCY1A3	TGFB1I1	0.8532966022677765	GSE62232_hep_carci
LBH	TGFB1I1	0.8047324595507407	GSE62232_hep_carci
LHFP	TGFB1I1	0.8873341334552833	GSE62232_hep_carci
LOXL1	TGFB1I1	0.804516382503867	GSE62232_hep_carci
LUM	TGFB1I1	0.8011143744198103	GSE62232_hep_carci
LXN	TGFB1I1	0.8140202375742107	GSE62232_hep_carci
MGP	TGFB1I1	0.8351253127929663	GSE62232_hep_carci
MXRA5	TGFB1I1	0.8236975935045444	GSE62232_hep_carci
NID2	TGFB1I1	0.8310724576974214	GSE62232_hep_carci
PPP1R14A	TGFB1I1	0.801368596610202	GSE62232_hep_carci
SPARC	TGFB1I1	0.9113681138467498	GSE62232_hep_carci
TAGLN	TGFB1I1	0.8652790748047835	GSE62232_hep_carci
TCF4	TGFB1I1	0.8334763955736695	GSE62232_hep_carci
AEBP1	THBS2	0.9384010707114239	GSE62232_hep_carci
APLNR	THBS2	0.8130615770575609	GSE62232_hep_carci
ASPN	THBS2	0.9052230425072919	GSE62232_hep_carci
BGN	THBS2	0.9013274962796719	GSE62232_hep_carci
C7	THBS2	0.842779301516858	GSE62232_hep_carci
CCDC80	THBS2	0.913381785019981	GSE62232_hep_carci
COL1A1	THBS2	0.8871660854777385	GSE62232_hep_carci
COL1A2	THBS2	0.9041281580650622	GSE62232_hep_carci
COL3A1	THBS2	0.9282838659640539	GSE62232_hep_carci
COL5A1	THBS2	0.9325977885528406	GSE62232_hep_carci
COL6A2	THBS2	0.908453373644919	GSE62232_hep_carci
COL6A3	THBS2	0.853641046693336	GSE62232_hep_carci
DCN	THBS2	0.9311071137315844	GSE62232_hep_carci
DPT	THBS2	0.8177993881993239	GSE62232_hep_carci
EFEMP1	THBS2	0.9288198805738358	GSE62232_hep_carci
EMILIN1	THBS2	0.8666125166131168	GSE62232_hep_carci
FBN1	THBS2	0.8525530678478136	GSE62232_hep_carci
FNDC1	THBS2	0.8469541207383525	GSE62232_hep_carci
GEM	THBS2	0.8366642763264611	GSE62232_hep_carci
GUCY1A3	THBS2	0.8664660328462044	GSE62232_hep_carci
INMT	THBS2	0.8461078086870658	GSE62232_hep_carci
ISLR	THBS2	0.8419690446664215	GSE62232_hep_carci
LHFP	THBS2	0.804098276422149	GSE62232_hep_carci
LINC01279	THBS2	0.9069977275232837	GSE62232_hep_carci
LOXL1	THBS2	0.9025089562288862	GSE62232_hep_carci
LTBP2	THBS2	0.8131091293390424	GSE62232_hep_carci
LUM	THBS2	0.9489223675658289	GSE62232_hep_carci
LXN	THBS2	0.8201413489840602	GSE62232_hep_carci
MFAP4	THBS2	0.8207046495162803	GSE62232_hep_carci
MGP	THBS2	0.9053897649962012	GSE62232_hep_carci
MXRA5	THBS2	0.8463363987799714	GSE62232_hep_carci
PLAT	THBS2	0.8036812655701271	GSE62232_hep_carci
SLIT2	THBS2	0.8760749677570961	GSE62232_hep_carci
SPARC	THBS2	0.8254950612438006	GSE62232_hep_carci
TAGLN	THBS2	0.8881711616829794	GSE62232_hep_carci
TGFB1I1	THBS2	0.8364403392460171	GSE62232_hep_carci
ASPN	TMEM119	0.8050121586593922	GSE62232_hep_carci
COL3A1	TMEM119	0.8012365190051047	GSE62232_hep_carci
C1QB	TNFSF13B	0.8216362725535344	GSE62232_hep_carci
C1QC	TNFSF13B	0.8159711832288091	GSE62232_hep_carci
CD2	TNFSF13B	0.859772670782353	GSE62232_hep_carci
CD52	TNFSF13B	0.8332524080523097	GSE62232_hep_carci
CORO1A	TNFSF13B	0.8505782252746614	GSE62232_hep_carci
CSF2RB	TNFSF13B	0.8686124418075057	GSE62232_hep_carci
CYTIP	TNFSF13B	0.825011949877825	GSE62232_hep_carci
EPB41L3	TNFSF13B	0.8276749878015283	GSE62232_hep_carci
EVI2A	TNFSF13B	0.8580804073632576	GSE62232_hep_carci
EVI2B	TNFSF13B	0.8638532858406215	GSE62232_hep_carci
FGL2	TNFSF13B	0.8281391147244805	GSE62232_hep_carci
HCLS1	TNFSF13B	0.8651749479018226	GSE62232_hep_carci
HLA-DMB	TNFSF13B	0.8142828123576106	GSE62232_hep_carci
HLA-DRA	TNFSF13B	0.8009710930442637	GSE62232_hep_carci
IGSF6	TNFSF13B	0.8143781591677889	GSE62232_hep_carci
IL10RA	TNFSF13B	0.8208721843170618	GSE62232_hep_carci
IL2RG	TNFSF13B	0.8386816605440208	GSE62232_hep_carci
ITK	TNFSF13B	0.8061736558520707	GSE62232_hep_carci
KCTD12	TNFSF13B	0.839747064137308	GSE62232_hep_carci
LAPTM5	TNFSF13B	0.8798780487804878	GSE62232_hep_carci
MNDA	TNFSF13B	0.8338144920158866	GSE62232_hep_carci
MPEG1	TNFSF13B	0.8079268292682927	GSE62232_hep_carci
PTGDS	TNFSF13B	0.8106594399277326	GSE62232_hep_carci
PTPRC	TNFSF13B	0.8858626919602529	GSE62232_hep_carci
RASGRP1	TNFSF13B	0.8250199546628663	GSE62232_hep_carci
RCSD1	TNFSF13B	0.8349222127941576	GSE62232_hep_carci
RNASE6	TNFSF13B	0.8432181180644627	GSE62232_hep_carci
S100A4	TNFSF13B	0.8533018663567217	GSE62232_hep_carci
SLAMF8	TNFSF13B	0.9077102014555409	GSE62232_hep_carci
SRGN	TNFSF13B	0.8295392953929539	GSE62232_hep_carci
ANLN	TOP2A	0.9140111565884564	GSE62232_hep_carci
ASPM	TOP2A	0.8380627604196074	GSE62232_hep_carci
AURKA	TOP2A	0.8219040413735476	GSE62232_hep_carci
BUB1B	TOP2A	0.9171188735093576	GSE62232_hep_carci
CCNA2	TOP2A	0.9332761210040764	GSE62232_hep_carci
CCNB1	TOP2A	0.9177097624880203	GSE62232_hep_carci
CDC20	TOP2A	0.9107224784854329	GSE62232_hep_carci
CDC6	TOP2A	0.8807742515211099	GSE62232_hep_carci
CDK1	TOP2A	0.9332934355017511	GSE62232_hep_carci
CDKN3	TOP2A	0.861669273214237	GSE62232_hep_carci
CENPK	TOP2A	0.8375511146554138	GSE62232_hep_carci
CENPL	TOP2A	0.8498625162613423	GSE62232_hep_carci
CEP55	TOP2A	0.80453550150145	GSE62232_hep_carci
DEPDC1	TOP2A	0.8345698252972458	GSE62232_hep_carci
DEPDC1B	TOP2A	0.8251331106425173	GSE62232_hep_carci
DLGAP5	TOP2A	0.920696434665369	GSE62232_hep_carci
DTL	TOP2A	0.8443684118542187	GSE62232_hep_carci
E2F8	TOP2A	0.8790105176896253	GSE62232_hep_carci
EZH2	TOP2A	0.8428364265075021	GSE62232_hep_carci
FOXM1	TOP2A	0.8760160436000407	GSE62232_hep_carci
GINS1	TOP2A	0.8998023699385711	GSE62232_hep_carci
HMMR	TOP2A	0.8455831705416728	GSE62232_hep_carci
KIAA0101	TOP2A	0.8448105511118789	GSE62232_hep_carci
KIF11	TOP2A	0.8510058006391571	GSE62232_hep_carci
KIF14	TOP2A	0.8612031732031776	GSE62232_hep_carci
KIF15	TOP2A	0.8134413762123862	GSE62232_hep_carci
KIF20A	TOP2A	0.9187524259426754	GSE62232_hep_carci
KIF4A	TOP2A	0.9026734864214511	GSE62232_hep_carci
LMNB1	TOP2A	0.8519346631087242	GSE62232_hep_carci
MCM2	TOP2A	0.8337633897241753	GSE62232_hep_carci
MELK	TOP2A	0.8674963499105162	GSE62232_hep_carci
NCAPG	TOP2A	0.9355330467510008	GSE62232_hep_carci
NDC80	TOP2A	0.8436831310998196	GSE62232_hep_carci
NEK2	TOP2A	0.9204449221743819	GSE62232_hep_carci
NUF2	TOP2A	0.9023716077895525	GSE62232_hep_carci
NUSAP1	TOP2A	0.8897069202203693	GSE62232_hep_carci
OIP5	TOP2A	0.8161362805205566	GSE62232_hep_carci
PBK	TOP2A	0.8546040065613225	GSE62232_hep_carci
PRC1	TOP2A	0.9201443213104089	GSE62232_hep_carci
PTTG1	TOP2A	0.8936673557164637	GSE62232_hep_carci
RACGAP1	TOP2A	0.8937371561550813	GSE62232_hep_carci
RAD51AP1	TOP2A	0.8389368034287942	GSE62232_hep_carci
RFC4	TOP2A	0.8849602521100046	GSE62232_hep_carci
RRM2	TOP2A	0.8422698863610211	GSE62232_hep_carci
SGOL2	TOP2A	0.9135020384682275	GSE62232_hep_carci
SPC25	TOP2A	0.8708325515318867	GSE62232_hep_carci
ANLN	TPX2	0.9369477216011347	GSE62232_hep_carci
ASPM	TPX2	0.8264853857737025	GSE62232_hep_carci
AURKA	TPX2	0.8235945106591626	GSE62232_hep_carci
BUB1B	TPX2	0.9151721199182803	GSE62232_hep_carci
CCNA2	TPX2	0.9069951284655499	GSE62232_hep_carci
CCNB1	TPX2	0.8628238145984125	GSE62232_hep_carci
CDC20	TPX2	0.8578625301045232	GSE62232_hep_carci
CDC6	TPX2	0.8609197488060764	GSE62232_hep_carci
CDK1	TPX2	0.9095590325604315	GSE62232_hep_carci
CDKN3	TPX2	0.8914008257673296	GSE62232_hep_carci
CENPK	TPX2	0.8335651543574165	GSE62232_hep_carci
CENPL	TPX2	0.8643662974430624	GSE62232_hep_carci
CEP55	TPX2	0.8043106794007644	GSE62232_hep_carci
DEPDC1	TPX2	0.8135174052534809	GSE62232_hep_carci
DLGAP5	TPX2	0.9068730010995532	GSE62232_hep_carci
DTL	TPX2	0.8757820096112933	GSE62232_hep_carci
E2F8	TPX2	0.9200224681927693	GSE62232_hep_carci
EZH2	TPX2	0.8687497975890037	GSE62232_hep_carci
FOXM1	TPX2	0.8483885335943013	GSE62232_hep_carci
GINS1	TPX2	0.8987750796819887	GSE62232_hep_carci
KIAA0101	TPX2	0.8117892847901111	GSE62232_hep_carci
KIF11	TPX2	0.8372114940936688	GSE62232_hep_carci
KIF14	TPX2	0.879755627078773	GSE62232_hep_carci
KIF15	TPX2	0.8002153220517402	GSE62232_hep_carci
KIF20A	TPX2	0.8910751452283688	GSE62232_hep_carci
KIF4A	TPX2	0.8986474069329606	GSE62232_hep_carci
LMNB1	TPX2	0.8276981626935165	GSE62232_hep_carci
MCM2	TPX2	0.8402653867871261	GSE62232_hep_carci
MELK	TPX2	0.8724193641280387	GSE62232_hep_carci
NCAPG	TPX2	0.8784845151859242	GSE62232_hep_carci
NEK2	TPX2	0.8989841954734196	GSE62232_hep_carci
NUF2	TPX2	0.9156450999744014	GSE62232_hep_carci
NUSAP1	TPX2	0.8585850615006917	GSE62232_hep_carci
OIP5	TPX2	0.8311004306464713	GSE62232_hep_carci
PBK	TPX2	0.8483447006724508	GSE62232_hep_carci
PRC1	TPX2	0.9206653943601693	GSE62232_hep_carci
PTTG1	TPX2	0.857660710090248	GSE62232_hep_carci
RACGAP1	TPX2	0.8403604763571368	GSE62232_hep_carci
RAD51AP1	TPX2	0.8320821825144336	GSE62232_hep_carci
RFC4	TPX2	0.8644569302409243	GSE62232_hep_carci
RNASEH2A	TPX2	0.8071356406804941	GSE62232_hep_carci
RRM2	TPX2	0.8499689472076963	GSE62232_hep_carci
SGOL2	TPX2	0.8532000793891678	GSE62232_hep_carci
SPC25	TPX2	0.8523400288148191	GSE62232_hep_carci
TCF19	TPX2	0.8098084559623422	GSE62232_hep_carci
TOP2A	TPX2	0.9007786177211973	GSE62232_hep_carci
ADAMDEC1	TRAC	0.827192447437047	GSE62232_hep_carci
C16orf54	TRAC	0.9014824859244096	GSE62232_hep_carci
CCL5	TRAC	0.8447297550289469	GSE62232_hep_carci
CD2	TRAC	0.9623407675098092	GSE62232_hep_carci
CD52	TRAC	0.9241001609271308	GSE62232_hep_carci
CD69	TRAC	0.853977252979811	GSE62232_hep_carci
CD8A	TRAC	0.840541245839693	GSE62232_hep_carci
CORO1A	TRAC	0.9108886355426539	GSE62232_hep_carci
CSF2RB	TRAC	0.8690225498269465	GSE62232_hep_carci
CYTIP	TRAC	0.8989018431215363	GSE62232_hep_carci
EVI2A	TRAC	0.8407111995767309	GSE62232_hep_carci
EVI2B	TRAC	0.859225895618061	GSE62232_hep_carci
GPR171	TRAC	0.8661820521416158	GSE62232_hep_carci
GZMA	TRAC	0.8570816364364858	GSE62232_hep_carci
GZMK	TRAC	0.8334322415550215	GSE62232_hep_carci
HCLS1	TRAC	0.8452300296197981	GSE62232_hep_carci
IGSF6	TRAC	0.8089712562684668	GSE62232_hep_carci
IL2RG	TRAC	0.8805340837294355	GSE62232_hep_carci
IL7R	TRAC	0.8535172460655599	GSE62232_hep_carci
ITK	TRAC	0.9271346396443917	GSE62232_hep_carci
LAPTM5	TRAC	0.8234669739263976	GSE62232_hep_carci
MNDA	TRAC	0.8092514128795877	GSE62232_hep_carci
PTPRC	TRAC	0.9210183100628411	GSE62232_hep_carci
RASGRP1	TRAC	0.9100162556175936	GSE62232_hep_carci
RCSD1	TRAC	0.8297461701955545	GSE62232_hep_carci
S100A4	TRAC	0.8814120121631781	GSE62232_hep_carci
SLAMF7	TRAC	0.803856251600764	GSE62232_hep_carci
SLAMF8	TRAC	0.8817873335242999	GSE62232_hep_carci
TNFSF13B	TRAC	0.8643439083880164	GSE62232_hep_carci
ADAMDEC1	TRBC1	0.8259714724474871	GSE62232_hep_carci
C16orf54	TRBC1	0.9002515164835525	GSE62232_hep_carci
CCL5	TRBC1	0.862669376693767	GSE62232_hep_carci
CD2	TRBC1	0.9627366850150727	GSE62232_hep_carci
CD52	TRBC1	0.9454713807217571	GSE62232_hep_carci
CD69	TRBC1	0.8566928376964357	GSE62232_hep_carci
CD8A	TRBC1	0.8524852328316957	GSE62232_hep_carci
CORO1A	TRBC1	0.9261078821998834	GSE62232_hep_carci
CSF2RB	TRBC1	0.8569767178504016	GSE62232_hep_carci
CYTIP	TRBC1	0.9037513281291185	GSE62232_hep_carci
EVI2A	TRBC1	0.8385508551263806	GSE62232_hep_carci
EVI2B	TRBC1	0.8557778851218488	GSE62232_hep_carci
GBP5	TRBC1	0.8062153830432174	GSE62232_hep_carci
GPR171	TRBC1	0.830218488997267	GSE62232_hep_carci
GZMA	TRBC1	0.8781034613405396	GSE62232_hep_carci
GZMK	TRBC1	0.8528987194801467	GSE62232_hep_carci
HCLS1	TRBC1	0.8509014132073996	GSE62232_hep_carci
IGSF6	TRBC1	0.8104820992499798	GSE62232_hep_carci
IL10RA	TRBC1	0.8068007995899571	GSE62232_hep_carci
IL2RG	TRBC1	0.8824619478973038	GSE62232_hep_carci
IL7R	TRBC1	0.8556652139764268	GSE62232_hep_carci
ITK	TRBC1	0.9409205674578915	GSE62232_hep_carci
KLRB1	TRBC1	0.8055123019816721	GSE62232_hep_carci
LAPTM5	TRBC1	0.827710027100271	GSE62232_hep_carci
MNDA	TRBC1	0.8121015143758674	GSE62232_hep_carci
PTPRC	TRBC1	0.9398148148148148	GSE62232_hep_carci
RASGRP1	TRBC1	0.9343376137191993	GSE62232_hep_carci
RCSD1	TRBC1	0.8383898073142108	GSE62232_hep_carci
S100A4	TRBC1	0.865937938459589	GSE62232_hep_carci
SLAMF7	TRBC1	0.8443975203510362	GSE62232_hep_carci
SLAMF8	TRBC1	0.8669798326473038	GSE62232_hep_carci
TNFSF13B	TRBC1	0.85977868112014455	GSE62232_hep_carci
TRAC	TRBC1	0.9689075584196715	GSE62232_hep_carci
LOC344887	TRIM16	0.8270127576600262	GSE62232_hep_carci
SRXN1	TRIM16	0.8264697118144845	GSE62232_hep_carci
CCNB1	TRIP13	0.8295099333352397	GSE62232_hep_carci
CENPK	TRIP13	0.8028325653930913	GSE62232_hep_carci
ANLN	TTK	0.8936349675738983	GSE62232_hep_carci
ASPM	TTK	0.8348036698598997	GSE62232_hep_carci
BUB1B	TTK	0.9052592514269617	GSE62232_hep_carci
CCNA2	TTK	0.9162101869042574	GSE62232_hep_carci
CCNB1	TTK	0.9055919018631774	GSE62232_hep_carci
CDC20	TTK	0.8749187980862523	GSE62232_hep_carci
CDK1	TTK	0.8710911257123194	GSE62232_hep_carci
CDKN3	TTK	0.8873226373715553	GSE62232_hep_carci
CENPK	TTK	0.8132711452385314	GSE62232_hep_carci
CENPL	TTK	0.8010336078128918	GSE62232_hep_carci
CENPW	TTK	0.8785477725800711	GSE62232_hep_carci
CEP55	TTK	0.8375031964021824	GSE62232_hep_carci
DEPDC1	TTK	0.8154503395876513	GSE62232_hep_carci
DEPDC1B	TTK	0.8269561976279047	GSE62232_hep_carci
DLGAP5	TTK	0.9177395070083021	GSE62232_hep_carci
E2F8	TTK	0.822266382389208	GSE62232_hep_carci
EZH2	TTK	0.8221344824463402	GSE62232_hep_carci
FOXM1	TTK	0.8251267043209634	GSE62232_hep_carci
GINS1	TTK	0.8305653513652127	GSE62232_hep_carci
KIF14	TTK	0.8354164805338592	GSE62232_hep_carci
KIF20A	TTK	0.8746243389684814	GSE62232_hep_carci
KIF4A	TTK	0.8946039406380689	GSE62232_hep_carci
LMNB1	TTK	0.8040213800885023	GSE62232_hep_carci
MELK	TTK	0.8816827912761136	GSE62232_hep_carci
NCAPG	TTK	0.8998068817610604	GSE62232_hep_carci
NDC80	TTK	0.8652059321222908	GSE62232_hep_carci
NEK2	TTK	0.8829566445544766	GSE62232_hep_carci
NUF2	TTK	0.8853734736926909	GSE62232_hep_carci
NUSAP1	TTK	0.8409775487578848	GSE62232_hep_carci
OIP5	TTK	0.8485019696012331	GSE62232_hep_carci
PBK	TTK	0.8555183364971081	GSE62232_hep_carci
PRC1	TTK	0.8776623968183198	GSE62232_hep_carci
PTTG1	TTK	0.8605090228669402	GSE62232_hep_carci
RACGAP1	TTK	0.8061134854000439	GSE62232_hep_carci
RAD51AP1	TTK	0.8141993533448665	GSE62232_hep_carci
RFC4	TTK	0.8195517830348892	GSE62232_hep_carci
RNASEH2A	TTK	0.8081633230203729	GSE62232_hep_carci
RRM2	TTK	0.8713283294317654	GSE62232_hep_carci
SGOL2	TTK	0.8810164281047314	GSE62232_hep_carci
SPC25	TTK	0.8664612444434346	GSE62232_hep_carci
TOP2A	TTK	0.8973862711758791	GSE62232_hep_carci
TPX2	TTK	0.8482770994660385	GSE62232_hep_carci
C11orf96	TUBA1A	0.8098332702979804	GSE62232_hep_carci
CCDC102B	TUBA1A	0.8026697137551244	GSE62232_hep_carci
CDC42EP5	TUBA1A	0.8082860152687492	GSE62232_hep_carci
COL15A1	TUBA1A	0.8236320422904612	GSE62232_hep_carci
COL3A1	TUBA1A	0.8308293389178272	GSE62232_hep_carci
COL4A1	TUBA1A	0.8479931346033689	GSE62232_hep_carci
COL4A2	TUBA1A	0.823670229401621	GSE62232_hep_carci
COL5A1	TUBA1A	0.8085728643808519	GSE62232_hep_carci
COL6A2	TUBA1A	0.8287629082530548	GSE62232_hep_carci
COL6A3	TUBA1A	0.8334067353518844	GSE62232_hep_carci
CRIP1	TUBA1A	0.8415557160098525	GSE62232_hep_carci
GEM	TUBA1A	0.8128215175757991	GSE62232_hep_carci
GUCY1A3	TUBA1A	0.8156529301011378	GSE62232_hep_carci
LBH	TUBA1A	0.8625409400186075	GSE62232_hep_carci
LHFP	TUBA1A	0.8393190864826211	GSE62232_hep_carci
LXN	TUBA1A	0.8604614863097707	GSE62232_hep_carci
NID2	TUBA1A	0.8062057134402814	GSE62232_hep_carci
RAB31	TUBA1A	0.807522711092197	GSE62232_hep_carci
RASSF2	TUBA1A	0.8146667485782749	GSE62232_hep_carci
SPARC	TUBA1A	0.878786339099732	GSE62232_hep_carci
TAGLN	TUBA1A	0.8250478498448027	GSE62232_hep_carci
TCF4	TUBA1A	0.8821513464117658	GSE62232_hep_carci
TGFB1I1	TUBA1A	0.8513459418841774	GSE62232_hep_carci
LHFP	TUBB6	0.8015290919428676	GSE62232_hep_carci
SPARC	TUBB6	0.8122935546828275	GSE62232_hep_carci
TUBA1A	TUBB6	0.8521609539120203	GSE62232_hep_carci
KDM5D	TXLNGY	0.8134236179786806	GSE62232_hep_carci
C1QA	TYROBP	0.8998763429104663	GSE62232_hep_carci
C1QB	TYROBP	0.9521954196764114	GSE62232_hep_carci
C1QC	TYROBP	0.9473306820924796	GSE62232_hep_carci
C1orf162	TYROBP	0.8820911878390197	GSE62232_hep_carci
CD163	TYROBP	0.857441309015264	GSE62232_hep_carci
CD52	TYROBP	0.8182198049317898	GSE62232_hep_carci
CORO1A	TYROBP	0.8499565186749051	GSE62232_hep_carci
CSF2RB	TYROBP	0.8092325445086939	GSE62232_hep_carci
EPB41L3	TYROBP	0.9277918007913728	GSE62232_hep_carci
EVI2A	TYROBP	0.9183964188839918	GSE62232_hep_carci
EVI2B	TYROBP	0.9164497146131881	GSE62232_hep_carci
FCER1G	TYROBP	0.9365739925736036	GSE62232_hep_carci
FCGR1B	TYROBP	0.8717353430016423	GSE62232_hep_carci
FGL2	TYROBP	0.8933294213313819	GSE62232_hep_carci
GGTA1P	TYROBP	0.845477082223311	GSE62232_hep_carci
GPNMB	TYROBP	0.8949668588033256	GSE62232_hep_carci
HCLS1	TYROBP	0.9206197737114683	GSE62232_hep_carci
HLA-DMB	TYROBP	0.9078624911643133	GSE62232_hep_carci
HLA-DPA1	TYROBP	0.8924260075537578	GSE62232_hep_carci
HLA-DRA	TYROBP	0.909669918034158	GSE62232_hep_carci
IFI16	TYROBP	0.830384066375422	GSE62232_hep_carci
IGSF6	TYROBP	0.895718513058278	GSE62232_hep_carci
IL10RA	TYROBP	0.8580044397047203	GSE62232_hep_carci
KCTD12	TYROBP	0.8619132072145035	GSE62232_hep_carci
LAPTM5	TYROBP	0.9679401066909131	GSE62232_hep_carci
MNDA	TYROBP	0.8193625179682874	GSE62232_hep_carci
MPEG1	TYROBP	0.9039106552018042	GSE62232_hep_carci
MS4A4A	TYROBP	0.8987499039971265	GSE62232_hep_carci
MS4A6A	TYROBP	0.8598127701815274	GSE62232_hep_carci
MS4A7	TYROBP	0.8687784106293436	GSE62232_hep_carci
PLTP	TYROBP	0.8245667530750964	GSE62232_hep_carci
PTPRC	TYROBP	0.8965365402419475	GSE62232_hep_carci
RAB31	TYROBP	0.8480683910724139	GSE62232_hep_carci
RCSD1	TYROBP	0.8859331255588926	GSE62232_hep_carci
RNASE6	TYROBP	0.9298712452777903	GSE62232_hep_carci
S100A4	TYROBP	0.8181007130693211	GSE62232_hep_carci
SLAMF8	TYROBP	0.8870876684082926	GSE62232_hep_carci
SRGN	TYROBP	0.8898512782875291	GSE62232_hep_carci
TNFSF13B	TYROBP	0.852303143155027	GSE62232_hep_carci
TRAC	TYROBP	0.8017650761076336	GSE62232_hep_carci
ANLN	UBE2C	0.8921142393839873	GSE62232_hep_carci
ASPM	UBE2C	0.8270075566960379	GSE62232_hep_carci
AURKA	UBE2C	0.8049924922208088	GSE62232_hep_carci
BUB1B	UBE2C	0.9017477494210863	GSE62232_hep_carci
CCNA2	UBE2C	0.8720822578260081	GSE62232_hep_carci
CCNB1	UBE2C	0.8660173360200789	GSE62232_hep_carci
CDC20	UBE2C	0.859040476887463	GSE62232_hep_carci
CDC6	UBE2C	0.8350659841037216	GSE62232_hep_carci
CDK1	UBE2C	0.8967234520817254	GSE62232_hep_carci
CDKN3	UBE2C	0.8475667274833002	GSE62232_hep_carci
CENPL	UBE2C	0.8499935067956014	GSE62232_hep_carci
CEP55	UBE2C	0.8330719785231935	GSE62232_hep_carci
DEPDC1B	UBE2C	0.8033536532001305	GSE62232_hep_carci
DLGAP5	UBE2C	0.8827619026538156	GSE62232_hep_carci
DTL	UBE2C	0.84584850957876	GSE62232_hep_carci
E2F8	UBE2C	0.8645735434775353	GSE62232_hep_carci
EZH2	UBE2C	0.8565321327571754	GSE62232_hep_carci
FOXM1	UBE2C	0.882096809513584	GSE62232_hep_carci
GINS1	UBE2C	0.8652946983742749	GSE62232_hep_carci
KIAA0101	UBE2C	0.8503334165544267	GSE62232_hep_carci
KIF11	UBE2C	0.803185172900787	GSE62232_hep_carci
KIF14	UBE2C	0.8483086124684032	GSE62232_hep_carci
KIF20A	UBE2C	0.868476947359114	GSE62232_hep_carci
KIF4A	UBE2C	0.8885305857231524	GSE62232_hep_carci
LMNB1	UBE2C	0.827339510998906	GSE62232_hep_carci
MCM2	UBE2C	0.8067048003099896	GSE62232_hep_carci
MELK	UBE2C	0.8652172696607754	GSE62232_hep_carci
NCAPG	UBE2C	0.877595962544579	GSE62232_hep_carci
NEK2	UBE2C	0.8753910266606274	GSE62232_hep_carci
NUF2	UBE2C	0.8748299759887997	GSE62232_hep_carci
NUSAP1	UBE2C	0.902595608477586	GSE62232_hep_carci
PRC1	UBE2C	0.9010079336093274	GSE62232_hep_carci
PTTG1	UBE2C	0.859707965778692	GSE62232_hep_carci
RACGAP1	UBE2C	0.811605005246678	GSE62232_hep_carci
RAD51AP1	UBE2C	0.8241820962503618	GSE62232_hep_carci
RFC4	UBE2C	0.8198281119940978	GSE62232_hep_carci
RRM2	UBE2C	0.8214130463048134	GSE62232_hep_carci
SGOL2	UBE2C	0.8703176709311862	GSE62232_hep_carci
SPC25	UBE2C	0.8299488657560773	GSE62232_hep_carci
TOP2A	UBE2C	0.90997481942982	GSE62232_hep_carci
TPX2	UBE2C	0.8600032751647545	GSE62232_hep_carci
TTK	UBE2C	0.8427958464156283	GSE62232_hep_carci
ANLN	UBE2S	0.8457351605574372	GSE62232_hep_carci
BUB1B	UBE2S	0.8517776105959319	GSE62232_hep_carci
CCNA2	UBE2S	0.8061576510865703	GSE62232_hep_carci
CCNB1	UBE2S	0.83405415803375	GSE62232_hep_carci
CDK1	UBE2S	0.8213241194003338	GSE62232_hep_carci
CDKN3	UBE2S	0.8179590550895398	GSE62232_hep_carci
CENPK	UBE2S	0.8428066355407413	GSE62232_hep_carci
DLGAP5	UBE2S	0.8300315275498703	GSE62232_hep_carci
EZH2	UBE2S	0.860959589491163	GSE62232_hep_carci
FOXM1	UBE2S	0.8429073912946458	GSE62232_hep_carci
GINS1	UBE2S	0.8021911758673579	GSE62232_hep_carci
KIF14	UBE2S	0.8143921856992631	GSE62232_hep_carci
KIF20A	UBE2S	0.8183271295886491	GSE62232_hep_carci
KIF4A	UBE2S	0.8294337436951967	GSE62232_hep_carci
KPNA2	UBE2S	0.8052440805460693	GSE62232_hep_carci
MELK	UBE2S	0.8053949392526479	GSE62232_hep_carci
NCAPG	UBE2S	0.8300312237229237	GSE62232_hep_carci
NEK2	UBE2S	0.8423703453962537	GSE62232_hep_carci
NUF2	UBE2S	0.8312655370825409	GSE62232_hep_carci
PRC1	UBE2S	0.8320233542510181	GSE62232_hep_carci
PTTG1	UBE2S	0.8556538628890435	GSE62232_hep_carci
SGOL2	UBE2S	0.8329051601124245	GSE62232_hep_carci
SPC25	UBE2S	0.8176813856527785	GSE62232_hep_carci
TOP2A	UBE2S	0.8305206284045507	GSE62232_hep_carci
TPX2	UBE2S	0.8484901528950635	GSE62232_hep_carci
TTK	UBE2S	0.8094229877682704	GSE62232_hep_carci
UBE2C	UBE2S	0.8035697150844159	GSE62232_hep_carci
ANLN	UBE2T	0.8703181958104508	GSE62232_hep_carci
ASPM	UBE2T	0.8090368611964963	GSE62232_hep_carci
AURKA	UBE2T	0.8072299418119231	GSE62232_hep_carci
BUB1B	UBE2T	0.8577108134360388	GSE62232_hep_carci
CCNA2	UBE2T	0.8417816284188089	GSE62232_hep_carci
CCNB1	UBE2T	0.8250045225849437	GSE62232_hep_carci
CDC6	UBE2T	0.834278292510111	GSE62232_hep_carci
CDK1	UBE2T	0.8674632191519207	GSE62232_hep_carci
CDKN3	UBE2T	0.8298682149656925	GSE62232_hep_carci
CENPK	UBE2T	0.8214052934109026	GSE62232_hep_carci
CENPL	UBE2T	0.8543000760786148	GSE62232_hep_carci
DLGAP5	UBE2T	0.8503032948411751	GSE62232_hep_carci
DTL	UBE2T	0.8928208486261139	GSE62232_hep_carci
E2F8	UBE2T	0.8475023365982636	GSE62232_hep_carci
FOXM1	UBE2T	0.8200716606070073	GSE62232_hep_carci
GINS1	UBE2T	0.845367932101249	GSE62232_hep_carci
KIAA0101	UBE2T	0.8390834517983636	GSE62232_hep_carci
KIF14	UBE2T	0.8791545778186888	GSE62232_hep_carci
KIF20A	UBE2T	0.8415577139761969	GSE62232_hep_carci
KIF4A	UBE2T	0.8315193825702432	GSE62232_hep_carci
MELK	UBE2T	0.818812261401884	GSE62232_hep_carci
NCAPG	UBE2T	0.8565330120269734	GSE62232_hep_carci
NEK2	UBE2T	0.9076791920057672	GSE62232_hep_carci
NUF2	UBE2T	0.8855205535165576	GSE62232_hep_carci
NUSAP1	UBE2T	0.8382929290308551	GSE62232_hep_carci
PBK	UBE2T	0.8181967146651488	GSE62232_hep_carci
PRC1	UBE2T	0.8668725943595788	GSE62232_hep_carci
PTTG1	UBE2T	0.8202244056471266	GSE62232_hep_carci
RACGAP1	UBE2T	0.8373850157610904	GSE62232_hep_carci
RAD51AP1	UBE2T	0.8157105814391541	GSE62232_hep_carci
RFC4	UBE2T	0.8404307591145186	GSE62232_hep_carci
SGOL2	UBE2T	0.8179826456575777	GSE62232_hep_carci
SPC25	UBE2T	0.8078225557879565	GSE62232_hep_carci
TOP2A	UBE2T	0.856248276741548	GSE62232_hep_carci
TPX2	UBE2T	0.8642313445935188	GSE62232_hep_carci
UBE2C	UBE2T	0.8497388270849504	GSE62232_hep_carci
BUB1B	UHRF1	0.8405549946425884	GSE62232_hep_carci
CCNA2	UHRF1	0.8065938682713346	GSE62232_hep_carci
CDK1	UHRF1	0.8259620029059858	GSE62232_hep_carci
CEP55	UHRF1	0.8410075804891605	GSE62232_hep_carci
DLGAP5	UHRF1	0.8027391151088307	GSE62232_hep_carci
DNMT1	UHRF1	0.8140966277934296	GSE62232_hep_carci
DTL	UHRF1	0.8869640854372393	GSE62232_hep_carci
EZH2	UHRF1	0.839017564027636	GSE62232_hep_carci
FOXM1	UHRF1	0.8147238507855271	GSE62232_hep_carci
GINS1	UHRF1	0.8194515114863827	GSE62232_hep_carci
HELLS	UHRF1	0.8468422717479918	GSE62232_hep_carci
KIAA0101	UHRF1	0.8339459672495759	GSE62232_hep_carci
MCM2	UHRF1	0.838860498936784	GSE62232_hep_carci
MELK	UHRF1	0.8135394143568597	GSE62232_hep_carci
PRC1	UHRF1	0.8359223685930054	GSE62232_hep_carci
RFC4	UHRF1	0.801095488169857	GSE62232_hep_carci
TPX2	UHRF1	0.8199045713197539	GSE62232_hep_carci
AEBP1	VCAN	0.8831896334826871	GSE62232_hep_carci
ASPN	VCAN	0.8578574735487077	GSE62232_hep_carci
BGN	VCAN	0.8513033610307374	GSE62232_hep_carci
CCDC80	VCAN	0.877177233142365	GSE62232_hep_carci
COL1A1	VCAN	0.8949689192154792	GSE62232_hep_carci
COL1A2	VCAN	0.903652346741744	GSE62232_hep_carci
COL3A1	VCAN	0.8971482449795483	GSE62232_hep_carci
COL5A1	VCAN	0.9155313659324211	GSE62232_hep_carci
COL6A2	VCAN	0.8797588062403442	GSE62232_hep_carci
COL6A3	VCAN	0.8536107512519296	GSE62232_hep_carci
CRIP1	VCAN	0.8034109062328312	GSE62232_hep_carci
DCN	VCAN	0.835133441371945	GSE62232_hep_carci
EFEMP1	VCAN	0.8995584864327736	GSE62232_hep_carci
EMILIN1	VCAN	0.8132991092254159	GSE62232_hep_carci
FBN1	VCAN	0.8746436012086173	GSE62232_hep_carci
FNDC1	VCAN	0.8100785342513092	GSE62232_hep_carci
GEM	VCAN	0.8305824627488937	GSE62232_hep_carci
GUCY1A3	VCAN	0.8268000609891317	GSE62232_hep_carci
LHFP	VCAN	0.8136824810848029	GSE62232_hep_carci
LINC01279	VCAN	0.8722754472748592	GSE62232_hep_carci
LOXL1	VCAN	0.8973728602435954	GSE62232_hep_carci
LTBP2	VCAN	0.8397660290966523	GSE62232_hep_carci
LUM	VCAN	0.8930754471033073	GSE62232_hep_carci
LXN	VCAN	0.8556567037234826	GSE62232_hep_carci
MGP	VCAN	0.8781738215827092	GSE62232_hep_carci
SLIT2	VCAN	0.8604481783365179	GSE62232_hep_carci
SMOC2	VCAN	0.8432885973769663	GSE62232_hep_carci
SPARC	VCAN	0.8362400420189853	GSE62232_hep_carci
TAGLN	VCAN	0.8809444497907445	GSE62232_hep_carci
TGFB1I1	VCAN	0.8164277217951429	GSE62232_hep_carci
THBS2	VCAN	0.9172049736815456	GSE62232_hep_carci
TMEM200A	VCAN	0.8294636965708221	GSE62232_hep_carci
TUBA1A	VCAN	0.8225908444707917	GSE62232_hep_carci
CD163	VSIG4	0.8375213253892599	GSE62232_hep_carci
MS4A6A	VSIG4	0.8598145710246212	GSE62232_hep_carci
AEBP1	ZFPM2	0.8600148710328348	GSE62232_hep_carci
APLNR	ZFPM2	0.8353339712299236	GSE62232_hep_carci
ASPN	ZFPM2	0.9046763358256068	GSE62232_hep_carci
BGN	ZFPM2	0.8592327235349846	GSE62232_hep_carci
C7	ZFPM2	0.8430130246890196	GSE62232_hep_carci
CCDC80	ZFPM2	0.8259359543841313	GSE62232_hep_carci
COL3A1	ZFPM2	0.8838372265097691	GSE62232_hep_carci
COL5A1	ZFPM2	0.8439921984525824	GSE62232_hep_carci
COL6A2	ZFPM2	0.858315574551571	GSE62232_hep_carci
COL6A3	ZFPM2	0.8560492173936464	GSE62232_hep_carci
DCN	ZFPM2	0.9093815241218786	GSE62232_hep_carci
EFEMP1	ZFPM2	0.8280713175519562	GSE62232_hep_carci
EMILIN1	ZFPM2	0.8883938032511393	GSE62232_hep_carci
FBN1	ZFPM2	0.8326240801890373	GSE62232_hep_carci
FOXF1	ZFPM2	0.8176545639288029	GSE62232_hep_carci
GEM	ZFPM2	0.8179189977597289	GSE62232_hep_carci
GUCY1A3	ZFPM2	0.8958507459097904	GSE62232_hep_carci
ID3	ZFPM2	0.8650976163124079	GSE62232_hep_carci
INMT	ZFPM2	0.843433240386727	GSE62232_hep_carci
LHFP	ZFPM2	0.868408357886772	GSE62232_hep_carci
LINC01279	ZFPM2	0.8116228590792618	GSE62232_hep_carci
LOXL1	ZFPM2	0.8423425881140997	GSE62232_hep_carci
LUM	ZFPM2	0.8802131186116965	GSE62232_hep_carci
LXN	ZFPM2	0.8436081815045542	GSE62232_hep_carci
MGP	ZFPM2	0.8797908125223297	GSE62232_hep_carci
MXRA5	ZFPM2	0.8576289941612202	GSE62232_hep_carci
PLAT	ZFPM2	0.8142137707687046	GSE62232_hep_carci
SLIT2	ZFPM2	0.8338959916174974	GSE62232_hep_carci
SPARC	ZFPM2	0.8737712333461319	GSE62232_hep_carci
TAGLN	ZFPM2	0.8116994959748625	GSE62232_hep_carci
TCF4	ZFPM2	0.8489402738322331	GSE62232_hep_carci
TGFB1I1	ZFPM2	0.8304398524677385	GSE62232_hep_carci
THBS2	ZFPM2	0.8884276972558988	GSE62232_hep_carci
VCAN	ZFPM2	0.8034383684344737	GSE62232_hep_carci
AEBP1	ZNF521	0.811350701365198	GSE62232_hep_carci
APLNR	ZNF521	0.876990940738463	GSE62232_hep_carci
ASPN	ZNF521	0.8305935796936016	GSE62232_hep_carci
CALCRL	ZNF521	0.8799327054952478	GSE62232_hep_carci
COL15A1	ZNF521	0.8220800431977124	GSE62232_hep_carci
COL3A1	ZNF521	0.81952069638621206	GSE62232_hep_carci
COL6A2	ZNF521	0.8548824463432865	GSE62232_hep_carci
COL6A3	ZNF521	0.8165184338882521	GSE62232_hep_carci
CYYR1	ZNF521	0.8751666056926655	GSE62232_hep_carci
DCN	ZNF521	0.8280816055102819	GSE62232_hep_carci
DOK5	ZNF521	0.8182619182417784	GSE62232_hep_carci
EMCN	ZNF521	0.8063743926653452	GSE62232_hep_carci
EMILIN1	ZNF521	0.8044309082967637	GSE62232_hep_carci
GUCY1A3	ZNF521	0.8533916283955594	GSE62232_hep_carci
LHFP	ZNF521	0.8696310344275369	GSE62232_hep_carci
LUM	ZNF521	0.8308339079576131	GSE62232_hep_carci
LXN	ZNF521	0.8364045237145855	GSE62232_hep_carci
MGP	ZNF521	0.8195823427120597	GSE62232_hep_carci
PLAT	ZNF521	0.8528767190085552	GSE62232_hep_carci
SPARC	ZNF521	0.8645727630035133	GSE62232_hep_carci
TAGLN	ZNF521	0.8084299143811507	GSE62232_hep_carci
TCF4	ZNF521	0.876702599941839	GSE62232_hep_carci
TGFB1I1	ZNF521	0.8480650198427275	GSE62232_hep_carci
THBS2	ZNF521	0.8023946045509941	GSE62232_hep_carci
TUBA1A	ZNF521	0.8318961523707658	GSE62232_hep_carci
ZFPM2	ZNF521	0.8756929531616304	GSE62232_hep_carci
ANLN	ZWINT	0.8320808514374785	GSE62232_hep_carci
ASPM	ZWINT	0.8053772365288119	GSE62232_hep_carci
BUB1B	ZWINT	0.8616964864996417	GSE62232_hep_carci
CCNA2	ZWINT	0.8700915214375596	GSE62232_hep_carci
CDC20	ZWINT	0.8219691189857474	GSE62232_hep_carci
CDC6	ZWINT	0.8300338825517309	GSE62232_hep_carci
CDK1	ZWINT	0.8964645039472148	GSE62232_hep_carci
CENPU	ZWINT	0.8068858049950387	GSE62232_hep_carci
DLGAP5	ZWINT	0.8414597151022889	GSE62232_hep_carci
DTL	ZWINT	0.829354773143025	GSE62232_hep_carci
E2F8	ZWINT	0.8651021593570594	GSE62232_hep_carci
EZH2	ZWINT	0.8010356931511966	GSE62232_hep_carci
FOXM1	ZWINT	0.8471979695881589	GSE62232_hep_carci
GINS1	ZWINT	0.8404554083137232	GSE62232_hep_carci
HELLS	ZWINT	0.825946544164492	GSE62232_hep_carci
KIAA0101	ZWINT	0.8618999763419443	GSE62232_hep_carci
KIF11	ZWINT	0.8612356878465729	GSE62232_hep_carci
KIF20A	ZWINT	0.8106169919393221	GSE62232_hep_carci
MCM2	ZWINT	0.8712085290185118	GSE62232_hep_carci
MELK	ZWINT	0.8484946072086963	GSE62232_hep_carci
NCAPG	ZWINT	0.8330839634649437	GSE62232_hep_carci
NUSAP1	ZWINT	0.8203909258757651	GSE62232_hep_carci
OIP5	ZWINT	0.8293402521426116	GSE62232_hep_carci
PRC1	ZWINT	0.8834201001061757	GSE62232_hep_carci
RACGAP1	ZWINT	0.8126217494837954	GSE62232_hep_carci
RAD51AP1	ZWINT	0.830395206526497	GSE62232_hep_carci
RFC4	ZWINT	0.8309514824507007	GSE62232_hep_carci
RRM2	ZWINT	0.837780462795764	GSE62232_hep_carci
SGOL2	ZWINT	0.8020021117612873	GSE62232_hep_carci
SPC25	ZWINT	0.8086728750556681	GSE62232_hep_carci
TCF19	ZWINT	0.8308575099046994	GSE62232_hep_carci
TOP2A	ZWINT	0.8657045907645448	GSE62232_hep_carci
TPX2	ZWINT	0.8452582613587296	GSE62232_hep_carci
UBE2C	ZWINT	0.816030040251603	GSE62232_hep_carci
UBE2T	ZWINT	0.8002947604903424	GSE62232_hep_carci
UHRF1	ZWINT	0.854593092199152	GSE62232_hep_carci
